dataset,path,original_class,label,included_six_class,width,height,mode,sha256,file_size,duplicate_group_size,is_exact_duplicate,cross_label_conflict,within_dataset_duplicate_rank,eligible_after_dedup,excluded_due_to_target_overlap
garbage_v2,/content/waste_datasets/garbage_v2/original/cardboard/cardboard_709.jpg,cardboard,cardboard,True,512,384,RGB,00780d2f2abc38c3f1f3c2a89c017702e890c652cfa8c6b70597278bb80d5ae0,24106,3,True,False,0,True,True
garbage_v2,/content/waste_datasets/garbage_v2/original/plastic/plastic_1.jpg,plastic,plastic,True,512,384,RGB,00827843e2717008273bcc743c442864e5c9dcd150ac6158efd4952125ac1fb6,9588,3,True,False,0,True,True
garbage_v2,/content/waste_datasets/garbage_v2/original/plastic/plastic_1205.jpg,plastic,plastic,True,512,384,RGB,008d570e2620f929bad28e8b1a5dfe5eb4abb861c02598f9f98349aae2289692,16795,3,True,False,0,True,True
garbage_v2,/content/waste_datasets/garbage_v2/original/paper/paper_1224.jpg,paper,paper,True,512,384,RGB,0097b8f965f69b557da82846482508e27a2b7c12f56bd3bdaaa43f69ee5c22fb,12321,3,True,False,0,True,True
garbage_v2,/content/waste_datasets/garbage_v2/original/paper/paper_760.jpg,paper,paper,True,512,384,RGB,00c4d3ae3fb39a268af2e2ab7d567d64a6275a88ea04ea6e34e727570a3c541d,12438,3,True,False,0,True,True
garbage_v2,/content/waste_datasets/garbage_v2/original/metal/metal_421.jpg,metal,metal,True,512,384,RGB,00cb113efab64e877fe763e04113e4d6cd0f7448fad899bac05164614edf779a,17170,3,True,False,0,True,True
garbage_v2,/content/waste_datasets/garbage_v2/original/glass/glass_779.jpg,glass,glass,True,512,384,RGB,00cba166ae35f321e828c3a5bf23a3f626b027ffa14e43c11423994972f319a0,12421,3,True,False,0,True,True
garbage_v2,/content/waste_datasets/garbage_v2/original/plastic/plastic_49.jpg,plastic,plastic,True,512,384,RGB,00e0bbcc0a75007fb79cb8e2e96a48c3d32941ee9ae8918590f846261d5aaac1,12113,3,True,False,0,True,True
garbage_v2,/content/waste_datasets/garbage_v2/original/cardboard/cardboard_1134.jpg,cardboard,cardboard,True,512,384,RGB,00e86b371fee7ff97b1709cf88e5ef4859ac4fd7463a9f15f2c67e7696be8029,34918,3,True,False,0,True,True
garbage_v2,/content/waste_datasets/garbage_v2/original/plastic/plastic_125.jpg,plastic,plastic,True,512,384,RGB,00fda87186fdaf0484e7e3e3c5a56a22556c6c12c1d042c65d19821cfa460bc2,10938,3,True,False,0,True,True
garbage_v2,/content/waste_datasets/garbage_v2/original/paper/paper_915.jpg,paper,paper,True,512,384,RGB,010398aaaa4a7510fe1437862435d88013bce4f386a2f891ca3cb8180ebdd50c,9499,3,True,False,0,True,True
garbage_v2,/content/waste_datasets/garbage_v2/original/metal/metal_727.jpg,metal,metal,True,512,384,RGB,010951f3951c2ec38c5ee138f620c5ee83bf032e36944959ad028ae8f80e5b2a,28231,3,True,False,0,True,True
garbage_v2,/content/waste_datasets/garbage_v2/original/glass/glass_473.jpg,glass,glass,True,512,384,RGB,0112afaa0a92911ec345fbf99723dad11d1b7005cb0d923b2526cb4cb33cc56c,14615,3,True,False,0,True,True
garbage_v2,/content/waste_datasets/garbage_v2/original/paper/paper_236.jpg,paper,paper,True,512,384,RGB,0154670a99ea33a7df713e3c1d46b3ddbaae489fe243844947b242e395041fe8,26990,3,True,False,0,True,True
garbage_v2,/content/waste_datasets/garbage_v2/original/trash/trash_434.jpg,trash,trash,True,512,384,RGB,016c256ade2e52c40791cd3fca036b17e3e01219c80a2f7a4798dd055b2b9ecf,10933,2,True,False,0,True,True
garbage_v2,/content/waste_datasets/garbage_v2/original/glass/glass_1402.jpg,glass,glass,True,512,384,RGB,01ab3f001cc739fff5eeb801be46140c80d43a4577384ff20a1acef9f446cf84,16389,3,True,False,0,True,True
garbage_v2,/content/waste_datasets/garbage_v2/original/paper/paper_566.jpg,paper,paper,True,512,384,RGB,01de0e642d3da0ca996db66780a0de0494a68a4f9897fdd8747850bcbac51174,13436,3,True,False,0,True,True
garbage_v2,/content/waste_datasets/garbage_v2/original/glass/glass_280.jpg,glass,glass,True,512,384,RGB,01def532b4d96400d1dce7a04ee1a8a89c152ff168deae2252c7f91d5b2f4c67,12444,2,True,False,0,True,True
garbage_v2,/content/waste_datasets/garbage_v2/original/plastic/plastic_1236.jpg,plastic,plastic,True,512,384,RGB,01f8d026e7a6f1fc6bc47cf9ddb98e7c23d0cfb538a2f1822bf5287beceb6872,14394,3,True,False,0,True,True
garbage_v2,/content/waste_datasets/garbage_v2/original/plastic/plastic_375.jpg,plastic,plastic,True,512,384,RGB,023c1c633cd1d69cac64abb54d1d300f51fe2c208770db4732584e35382591c5,17885,3,True,False,0,True,True
garbage_v2,/content/waste_datasets/garbage_v2/original/metal/metal_77.jpg,metal,metal,True,512,384,RGB,0240d79e364cd38b6b0ae37f8fa09d5121a65e2ba21eb4229f9931346aa460c6,14179,3,True,False,0,True,True
garbage_v2,/content/waste_datasets/garbage_v2/original/metal/metal_831.jpg,metal,metal,True,512,384,RGB,0253bcb2f1b13887013ce924d61ff67f63a02b377ae6ee189541e4d18acde7ba,9812,3,True,False,0,True,True
garbage_v2,/content/waste_datasets/garbage_v2/original/paper/paper_1042.jpg,paper,paper,True,512,384,RGB,026ff2aaf51863144d94ac30c00a9ebad58cdb01335f58128474e1b3bc386ca7,10995,3,True,False,0,True,True
garbage_v2,/content/waste_datasets/garbage_v2/original/glass/glass_1715.jpg,glass,glass,True,512,384,RGB,02a46a9c5478fbcd6c96d8d10229ac80ddf002dc839efe95be2d9eba97bacd0a,9288,3,True,False,0,True,True
garbage_v2,/content/waste_datasets/garbage_v2/original/plastic/plastic_869.jpg,plastic,plastic,True,512,384,RGB,02ac4f6ea8c3bb88022ae62c041f10aba417a89b9bff40882d5b906267b2132d,22219,3,True,False,0,True,True
garbage_v2,/content/waste_datasets/garbage_v2/original/cardboard/cardboard_1079.jpg,cardboard,cardboard,True,512,384,RGB,02d2fd8bf5530e970dbef1107cee1a731c781a838d61174953a3d171963f5d94,21821,3,True,False,0,True,True
garbage_v2,/content/waste_datasets/garbage_v2/original/metal/metal_381.jpg,metal,metal,True,512,384,RGB,02ec8cb34c4e1121098fb1f5b050d94e72bf149165e2679134188001b5b4bc06,42526,3,True,False,0,True,True
garbage_v2,/content/waste_datasets/garbage_v2/original/metal/metal_364.jpg,metal,metal,True,512,384,RGB,030338f9dd3986a571552865e0fda1d91e13293fb370b1c0b110fc4043d03484,17148,3,True,False,0,True,True
garbage_v2,/content/waste_datasets/garbage_v2/original/paper/paper_692.jpg,paper,paper,True,512,384,RGB,031dd1191a2dbacb3366708667ea6ba4fe68d87619ba9366e36d7a68bc8f7e9b,11363,3,True,False,0,True,True
garbage_v2,/content/waste_datasets/garbage_v2/original/plastic/plastic_1074.jpg,plastic,plastic,True,512,384,RGB,035d22330d0d075cc9f336a640224688346994d7f0f9e7512216aca90d1fc505,14088,3,True,False,0,True,True
garbage_v2,/content/waste_datasets/garbage_v2/original/glass/glass_1019.jpg,glass,glass,True,512,384,RGB,0381217bb245aadb51014ebd8f8cd802013dc1ee9a3cfd263c5fa9563a346760,12894,3,True,False,0,True,True
garbage_v2,/content/waste_datasets/garbage_v2/original/glass/glass_995.jpg,glass,glass,True,512,384,RGB,03dc0b4a954ae8b2a9044eb853ccb35c232b5d0bb7077c3cff09ddc1e813708d,9596,3,True,False,0,True,True
garbage_v2,/content/waste_datasets/garbage_v2/original/metal/metal_901.jpg,metal,metal,True,512,384,RGB,03df33467ca34568ab435414614bb91881b006510bfa7fcc5cb131f51990ec9c,13290,3,True,False,0,True,True
garbage_v2,/content/waste_datasets/garbage_v2/original/glass/glass_458.jpg,glass,glass,True,512,384,RGB,03fc1a7c0a8ae695a6718ef0ed67f2c702a551a220dc86546e7aefa56754a097,6789,3,True,False,0,True,True
garbage_v2,/content/waste_datasets/garbage_v2/original/metal/metal_817.jpg,metal,metal,True,512,384,RGB,0413e18095f291a9981eef27ef111f46bc08d420777b5866fc6293b36f80eed7,23563,3,True,False,0,True,True
garbage_v2,/content/waste_datasets/garbage_v2/original/cardboard/cardboard_132.jpg,cardboard,cardboard,True,512,384,RGB,0417170e5e24a3210f42957a6b7c058c5985b2e01c11a76384cf4ede41fc6580,21567,3,True,False,0,True,True
garbage_v2,/content/waste_datasets/garbage_v2/original/paper/paper_324.jpg,paper,paper,True,512,384,RGB,04290269968b9c9713d5c0fa1fb026529d365c90a2cf268089b048b8262470e6,33662,3,True,False,0,True,True
garbage_v2,/content/waste_datasets/garbage_v2/original/plastic/plastic_737.jpg,plastic,plastic,True,512,384,RGB,043b7646fdac3e6af282ae292b74a8cca39e8d5edc36b004046cf348689644da,10316,3,True,False,0,True,True
garbage_v2,/content/waste_datasets/garbage_v2/original/paper/paper_461.jpg,paper,paper,True,512,384,RGB,0490e06c49cc09e801b5a3b988c0e4cae3a277e0c0dcf1532dd2481ec12f541c,13620,3,True,False,0,True,True
garbage_v2,/content/waste_datasets/garbage_v2/original/plastic/plastic_148.jpg,plastic,plastic,True,512,384,RGB,049e0cca6b8514626cb43768ed556f745589a26b0ab91b9e69d648aa00324495,16318,3,True,False,0,True,True
garbage_v2,/content/waste_datasets/garbage_v2/original/cardboard/cardboard_246.jpg,cardboard,cardboard,True,512,384,RGB,0508c9888988e9c335d2ed849c10f4206e73bef9c2603b5fca4c73cb8d956eb4,22339,3,True,False,0,True,True
garbage_v2,/content/waste_datasets/garbage_v2/original/metal/metal_416.jpg,metal,metal,True,512,384,RGB,05293a24ebfa31caa438ba522996f715de17ba84a8618e0a3db7d17cbcc14eaa,16000,3,True,False,0,True,True
garbage_v2,/content/waste_datasets/garbage_v2/original/plastic/plastic_792.jpg,plastic,plastic,True,512,384,RGB,054a9303cef789e03f84b8ec018cece84beb906a64c6aaba75c15e1c4d4d1027,9538,3,True,False,0,True,True
garbage_v2,/content/waste_datasets/garbage_v2/original/metal/metal_678.jpg,metal,metal,True,512,384,RGB,05712498b243211d0e0e6292cbb8ed6c2df586212ab5009bb470b87c5f362bec,26838,3,True,False,0,True,True
garbage_v2,/content/waste_datasets/garbage_v2/original/paper/paper_193.jpg,paper,paper,True,512,384,RGB,057644efe18833281f00eb77a07ad4024d626d1c6f3bc2130b97868def2e6408,14096,3,True,False,0,True,True
garbage_v2,/content/waste_datasets/garbage_v2/original/glass/glass_642.jpg,glass,glass,True,512,384,RGB,05b945d5d004b3c64416a2b92727d8b493f87b63732e03fb5180376d34600c70,10388,3,True,False,0,True,True
garbage_v2,/content/waste_datasets/garbage_v2/original/plastic/plastic_1517.jpg,plastic,plastic,True,512,384,RGB,05da256767172a2eb0619d0014d6763bb4cbb92b75e3fd328c5db86f6f80f6bc,10109,3,True,False,0,True,True
garbage_v2,/content/waste_datasets/garbage_v2/original/paper/paper_539.jpg,paper,paper,True,512,384,RGB,060686c8212b009e41d21712e8d132d4e5a0a0eacf07bee5d81095c63f384164,10869,3,True,False,0,True,True
garbage_v2,/content/waste_datasets/garbage_v2/original/paper/paper_297.jpg,paper,paper,True,512,384,RGB,0611db0e706c308fb625bb6c83494421f71d00c224956430cb258017d3fd286e,45507,3,True,False,0,True,True
garbage_v2,/content/waste_datasets/garbage_v2/original/plastic/plastic_1249.jpg,plastic,plastic,True,512,384,RGB,06210ee684574356308ab6a75b5c7cdedc9959a0b1033b968d98d1dee7fb5b90,19339,3,True,False,0,True,True
garbage_v2,/content/waste_datasets/garbage_v2/original/glass/glass_324.jpg,glass,glass,True,512,384,RGB,0645108795eb95f8206e17995470fbe0ff6d76f7bd352db55770dc49718eb4e6,9989,3,True,False,0,True,True
garbage_v2,/content/waste_datasets/garbage_v2/original/metal/metal_157.jpg,metal,metal,True,512,384,RGB,0647d5376a54912ffb1ad2a53a18139a3d78d5901f34f9e372dab207f6dc7c3c,32406,3,True,False,0,True,True
garbage_v2,/content/waste_datasets/garbage_v2/original/plastic/plastic_1533.jpg,plastic,plastic,True,512,384,RGB,067d32a5afde16199cbe295b57d04bde2495c5f5f54c1053982d9ee706733af1,8235,3,True,False,0,True,True
garbage_v2,/content/waste_datasets/garbage_v2/original/metal/metal_126.jpg,metal,metal,True,512,384,RGB,06a375005afe2eaa148c3151b5887374b35724bd7f0998027602c111a468565c,23265,3,True,False,0,True,True
garbage_v2,/content/waste_datasets/garbage_v2/original/paper/paper_1074.jpg,paper,paper,True,512,384,RGB,06a3fd636f031d89e3fb4420c4642c335a68cb22e2b40a6e9264e46520e2e6ab,25851,3,True,False,0,True,True
garbage_v2,/content/waste_datasets/garbage_v2/original/metal/metal_216.jpg,metal,metal,True,512,384,RGB,06c1dd04695d400b37ba96e1fb2455b6bd8dbb6e7f0cb5b9b6cc0ffc4b6eb32b,17456,3,True,False,0,True,True
garbage_v2,/content/waste_datasets/garbage_v2/original/cardboard/cardboard_693.jpg,cardboard,cardboard,True,512,384,RGB,06ed07ee05770c9b54c0bb775e50183a898985c514ec191ad00432c0bae46583,22991,3,True,False,0,True,True
garbage_v2,/content/waste_datasets/garbage_v2/original/plastic/plastic_416.jpg,plastic,plastic,True,512,384,RGB,06f511f3f263c68b88df3da413392322c6615510bcc0844abf7e47fb822e94a5,13137,3,True,False,0,True,True
garbage_v2,/content/waste_datasets/garbage_v2/original/trash/trash_319.jpg,trash,trash,True,512,384,RGB,0767882db2a9d02d83b5f92304f0addbb87928bf1c658f7bcdaf10dfce37f5a8,12646,2,True,False,0,True,True
garbage_v2,/content/waste_datasets/garbage_v2/original/metal/metal_160.jpg,metal,metal,True,512,384,RGB,077c55b3fedbef7bed89a822a33b6543cc7724b6160928d58d8bfc8354c4cba6,9528,3,True,False,0,True,True
garbage_v2,/content/waste_datasets/garbage_v2/original/metal/metal_220.jpg,metal,metal,True,512,384,RGB,07d65036157aa88ae26a72341a2f6a2af41af43729bca6f3d88b994e6d66c693,12657,3,True,False,0,True,True
garbage_v2,/content/waste_datasets/garbage_v2/original/cardboard/cardboard_669.jpg,cardboard,cardboard,True,512,384,RGB,082481ed884286c4380d107d5c20ec264ad27808210a960f2d7fe1acbfaeb2ca,19565,3,True,False,0,True,True
garbage_v2,/content/waste_datasets/garbage_v2/original/glass/glass_1034.jpg,glass,glass,True,512,384,RGB,084511aff76ddb2668538ed7a25fe803d53e625cd3734f5a5656e00a76fb7a92,8296,3,True,False,0,True,True
garbage_v2,/content/waste_datasets/garbage_v2/original/cardboard/cardboard_749.jpg,cardboard,cardboard,True,512,384,RGB,085d315f8e07cc02331078e9eec61642a2b69101b20e234ceb69e2e6535680cf,27373,3,True,False,0,True,True
garbage_v2,/content/waste_datasets/garbage_v2/original/paper/paper_715.jpg,paper,paper,True,512,384,RGB,0877a4c8265392dbf72773bab97107db33249a7add9b12df7d3568f51d8eca4a,12076,3,True,False,0,True,True
garbage_v2,/content/waste_datasets/garbage_v2/original/cardboard/cardboard_942.jpg,cardboard,cardboard,True,512,384,RGB,087c11b5a5003eaabded9748b1ee459baaed56492c02cd1bcdf17587aac01233,16325,3,True,False,0,True,True
garbage_v2,/content/waste_datasets/garbage_v2/original/trash/trash_74.jpg,trash,trash,True,512,384,RGB,087e89608720c132a27bad153b651988f1bd22847c275b12dda9d7436f50af2b,11043,2,True,False,0,True,True
garbage_v2,/content/waste_datasets/garbage_v2/original/cardboard/cardboard_975.jpg,cardboard,cardboard,True,512,384,RGB,088abe8da4601c733f63ab5ac545693835a927ae20a66c49e6906ac7ff157bd2,28797,3,True,False,0,True,True
garbage_v2,/content/waste_datasets/garbage_v2/original/paper/paper_1290.jpg,paper,paper,True,512,384,RGB,08d34a8e2c1c957356bac99fe209d888a26de1567219a05c709f9bad4622d902,20903,3,True,False,0,True,True
garbage_v2,/content/waste_datasets/garbage_v2/original/paper/paper_518.jpg,paper,paper,True,512,384,RGB,08d8d85108c138824c66df05dce02dde50342d846881f4de81f4a64c8acd3391,14859,3,True,False,0,True,True
garbage_v2,/content/waste_datasets/garbage_v2/original/glass/glass_483.jpg,glass,glass,True,512,384,RGB,090284c9439f7721302127d75180f285d148ead5f923a3b0ca020260bacf18fa,8295,3,True,False,0,True,True
garbage_v2,/content/waste_datasets/garbage_v2/original/metal/metal_80.jpg,metal,metal,True,512,384,RGB,093bb7624598febe1376792108f31ea7039798e4e6e248148817a9999ef39bc1,27598,3,True,False,0,True,True
garbage_v2,/content/waste_datasets/garbage_v2/original/plastic/plastic_1586.jpg,plastic,plastic,True,512,384,RGB,094c6c3a65cbea6b2a26f25e763b073b57a90786a13eeb010b5d139426a90a5f,12293,3,True,False,0,True,True
garbage_v2,/content/waste_datasets/garbage_v2/original/paper/paper_1144.jpg,paper,paper,True,512,384,RGB,0970cd522f3edfd684615e01241735c3e6feb4f81d7088bdc4b174e199819666,13601,3,True,False,0,True,True
garbage_v2,/content/waste_datasets/garbage_v2/original/plastic/plastic_431.jpg,plastic,plastic,True,512,384,RGB,09a6d4927b5d8d3c819db94ab60cc96a484abd731c2c08f323033a80430e3467,16322,3,True,False,0,True,True
garbage_v2,/content/waste_datasets/garbage_v2/original/glass/glass_1616.jpg,glass,glass,True,512,384,RGB,09c42f13f1174b8a13f64af3d6fe4589a14b8a2b4124819bead0f3fbfc467d1e,9089,3,True,False,0,True,True
garbage_v2,/content/waste_datasets/garbage_v2/original/paper/paper_127.jpg,paper,paper,True,512,384,RGB,09c9a789456404445c500cd5e50903e020456e25ffdf9aa5caa638440347cc5d,21259,3,True,False,0,True,True
garbage_v2,/content/waste_datasets/garbage_v2/original/paper/paper_504.jpg,paper,paper,True,512,384,RGB,09e48f6be6e26e151c8fe44499a14c46d23e80d92a2478d990b14ff8d1be5fad,9936,3,True,False,0,True,True
garbage_v2,/content/waste_datasets/garbage_v2/original/plastic/plastic_814.jpg,plastic,plastic,True,512,384,RGB,09e75e68f5b4514645b59e090f13b430d448b9ba03ea05a648a0ed83be35d4ec,20022,3,True,False,0,True,True
garbage_v2,/content/waste_datasets/garbage_v2/original/paper/paper_467.jpg,paper,paper,True,512,384,RGB,09e7eccd73b0f56d3daa6656d3a1388e92b9b25aff046816caba9c7d05b244d4,13018,3,True,False,0,True,True
garbage_v2,/content/waste_datasets/garbage_v2/original/cardboard/cardboard_909.jpg,cardboard,cardboard,True,512,384,RGB,09ef119ac332f41df67786cd6a579806abbe9cb55591f0dd817c986dc6a306af,21906,3,True,False,0,True,True
garbage_v2,/content/waste_datasets/garbage_v2/original/metal/metal_399.jpg,metal,metal,True,512,384,RGB,0a0206ae58033eba8cd830128181304756920c01ec3c7e599cad6ec9d71ef70b,16097,3,True,False,0,True,True
garbage_v2,/content/waste_datasets/garbage_v2/original/glass/glass_1495.jpg,glass,glass,True,512,384,RGB,0a03e1abddfde7fb459220a2235c9ac71c5a1e425da3e15b25e4b26697f430f2,12554,2,True,False,0,True,True
garbage_v2,/content/waste_datasets/garbage_v2/original/cardboard/cardboard_149.jpg,cardboard,cardboard,True,512,384,RGB,0a2811895c18884b47751b2c019fa4e4c4786d9e85ab39d64148527df00648ed,19251,3,True,False,0,True,True
garbage_v2,/content/waste_datasets/garbage_v2/original/plastic/plastic_1532.jpg,plastic,plastic,True,512,384,RGB,0a31fee31053146410b99eb9734305556d5cc7b83c0c3c88931353d3753ba4ff,23171,3,True,False,0,True,True
garbage_v2,/content/waste_datasets/garbage_v2/original/plastic/plastic_1332.jpg,plastic,plastic,True,512,384,RGB,0a443cac418bc3985c61276257e424f64b630492a54dcdb79658199339143c7c,12701,3,True,False,0,True,True
garbage_v2,/content/waste_datasets/garbage_v2/original/plastic/plastic_742.jpg,plastic,plastic,True,512,384,RGB,0a5f58a0cf30bc2e81f6b5b9305db468ff5ab6feb7537a6877bc5a5e9d4f28a2,12507,3,True,False,0,True,True
garbage_v2,/content/waste_datasets/garbage_v2/original/paper/paper_129.jpg,paper,paper,True,512,384,RGB,0a79fde1ce7784eaffff4d5902eb37de1a0f9b7500bb3ce3c1b7c5a97cb8f46d,42996,3,True,False,0,True,True
garbage_v2,/content/waste_datasets/garbage_v2/original/metal/metal_193.jpg,metal,metal,True,512,384,RGB,0a85c75cdd7a30aafbb140bd84ced4847380370e5a901b7e4935e3cd7328e9cc,10752,3,True,False,0,True,True
garbage_v2,/content/waste_datasets/garbage_v2/original/metal/metal_18.jpg,metal,metal,True,512,384,RGB,0a87299066ebc0b2188ceb3b7191bacef452188b6aaaf17aeb6c44227a0001d1,14051,3,True,False,0,True,True
garbage_v2,/content/waste_datasets/garbage_v2/original/cardboard/cardboard_402.jpg,cardboard,cardboard,True,512,384,RGB,0aaf69cb9229ac6d01d5e9d12c2e64018beb1fa0906c98b07004b4ebbaf748c3,11422,3,True,False,0,True,True
garbage_v2,/content/waste_datasets/garbage_v2/original/cardboard/cardboard_954.jpg,cardboard,cardboard,True,512,384,RGB,0adfed199fc150b2e773ac4953de42be1a5e13d4bd1fa9ac0611ea829a3d3a83,22101,3,True,False,0,True,True
garbage_v2,/content/waste_datasets/garbage_v2/original/glass/glass_1669.jpg,glass,glass,True,512,384,RGB,0ae973374777878d2f29b4ae38a5f70b901573e8aa4d17b2ac2f9340eb781804,12238,3,True,False,0,True,True
garbage_v2,/content/waste_datasets/garbage_v2/original/cardboard/cardboard_163.jpg,cardboard,cardboard,True,512,384,RGB,0b10a1d8d6c09965c27c30e4f76422f8b76318acf08a02ef93b54d9616308280,21786,3,True,False,0,True,True
garbage_v2,/content/waste_datasets/garbage_v2/original/glass/glass_179.jpg,glass,glass,True,512,384,RGB,0b3aad79e2f0cd38d038386947500132cbc9693b34576ecfc9f2c0e33d90125c,8647,3,True,False,0,True,True
garbage_v2,/content/waste_datasets/garbage_v2/original/plastic/plastic_1444.jpg,plastic,plastic,True,512,384,RGB,0b529f3d5ce73e58b4168a271e5e29bb66ade9eb0ddd9616b55ed7e3068a9104,16812,3,True,False,0,True,True
garbage_v2,/content/waste_datasets/garbage_v2/original/paper/paper_454.jpg,paper,paper,True,512,384,RGB,0bda48fe1972ebbcf982f8934f9f171df7c6109772be028f8605ad06ecd529c5,30584,3,True,False,0,True,True
garbage_v2,/content/waste_datasets/garbage_v2/original/plastic/plastic_926.jpg,plastic,plastic,True,512,384,RGB,0bf1327c0f1a2d08994b88c56e332f4f36c3b8dac07c59c8965e85c7e9741a30,12285,3,True,False,0,True,True
garbage_v2,/content/waste_datasets/garbage_v2/original/cardboard/cardboard_1248.jpg,cardboard,cardboard,True,512,384,RGB,0c0f13539196d62fd91ddf05ace7a2d4d980dbc3800cb532e97f9e75362f3f8b,10110,3,True,False,0,True,True
garbage_v2,/content/waste_datasets/garbage_v2/original/cardboard/cardboard_142.jpg,cardboard,cardboard,True,512,384,RGB,0c2f1933daca344522a87b444d5cac5ef2bed44da2c1d5276e21432aa2c7eae7,20847,3,True,False,0,True,True
garbage_v2,/content/waste_datasets/garbage_v2/original/cardboard/cardboard_1227.jpg,cardboard,cardboard,True,512,384,RGB,0c2f6c0edcbe5048e00e8cf3544c7d88da44ba424ef3ee6cf0124abef83ce311,20220,3,True,False,0,True,True
garbage_v2,/content/waste_datasets/garbage_v2/original/paper/paper_1113.jpg,paper,paper,True,512,384,RGB,0c31ace71078d7fd3f7b527b20e8785e8eee71089956ef01deda3849119cfe2f,33586,3,True,False,0,True,True
garbage_v2,/content/waste_datasets/garbage_v2/original/metal/metal_404.jpg,metal,metal,True,512,384,RGB,0c3984b1ae67a32430a3628a0e11bf2c6e95687649badaedaf6b0f64b8882a34,14032,3,True,False,0,True,True
garbage_v2,/content/waste_datasets/garbage_v2/original/paper/paper_677.jpg,paper,paper,True,512,384,RGB,0c64f8aa4b5edbed72fd5f0683dcd3285df7300b973ae2b5013b4eabedc8f7d0,17627,3,True,False,0,True,True
garbage_v2,/content/waste_datasets/garbage_v2/original/glass/glass_888.jpg,glass,glass,True,512,384,RGB,0c7cefb069557730f9db56d0d4ee585a0dbc675721f0eea74e523466d6950136,13921,3,True,False,0,True,True
garbage_v2,/content/waste_datasets/garbage_v2/original/metal/metal_276.jpg,metal,metal,True,512,384,RGB,0ca9f3bbece958bc3b601a84ba4c89cd09513172f1047a602fa0712ec66b7452,8748,3,True,False,0,True,True
garbage_v2,/content/waste_datasets/garbage_v2/original/metal/metal_544.jpg,metal,metal,True,512,384,RGB,0cbb9f87d347d1be4ecebb5988a8a450bd844cafafd79958f07fc933b28952e6,16657,3,True,False,0,True,True
garbage_v2,/content/waste_datasets/garbage_v2/original/glass/glass_1614.jpg,glass,glass,True,512,384,RGB,0cc5dfca0ae745d898ef5b6b9cc68c1f82e19f51fc35d6db997afabd0a26dec4,15693,3,True,False,0,True,True
garbage_v2,/content/waste_datasets/garbage_v2/original/metal/metal_451.jpg,metal,metal,True,512,384,RGB,0d0b1ce11bfc48bc657944a59ac091295f76850647837293666d1413525bb999,21345,3,True,False,0,True,True
garbage_v2,/content/waste_datasets/garbage_v2/original/plastic/plastic_23.jpg,plastic,plastic,True,512,384,RGB,0d1045d59f049c16a905ecdb1f2e35dccf3c631313c6ade6301b211fcd064191,15379,3,True,False,0,True,True
garbage_v2,/content/waste_datasets/garbage_v2/original/cardboard/cardboard_1168.jpg,cardboard,cardboard,True,512,384,RGB,0d19e7e6ef97e06bae787b9283eaa8f08df88b9b653e5be0e9ff75720d0239fb,13820,3,True,False,0,True,True
garbage_v2,/content/waste_datasets/garbage_v2/original/metal/metal_510.jpg,metal,metal,True,512,384,RGB,0d7a4d93a05909296f09b8e7717252bf51dd2630ac120418155f590beb005e93,22325,3,True,False,0,True,True
garbage_v2,/content/waste_datasets/garbage_v2/original/paper/paper_52.jpg,paper,paper,True,512,384,RGB,0d8032903e348d8797d74caa956af7613e3adf78d98eb7d44f5de41324122187,29400,3,True,False,0,True,True
garbage_v2,/content/waste_datasets/garbage_v2/original/cardboard/cardboard_413.jpg,cardboard,cardboard,True,512,384,RGB,0d8e4333a63dd90e6312acb99840d7ea42c0ae632b9cc269703235a6afcd445f,19048,3,True,False,0,True,True
garbage_v2,/content/waste_datasets/garbage_v2/original/paper/paper_968.jpg,paper,paper,True,512,384,RGB,0de99ccf58fd88570e851dcef50c2599a84b63890fe66c40506e429dcc73781f,33488,3,True,False,0,True,True
garbage_v2,/content/waste_datasets/garbage_v2/original/paper/paper_795.jpg,paper,paper,True,512,384,RGB,0e1fe4cbdbe701ceabdc1edebd372231c473d32037e93f9f034c7d3f4f5f2c7d,12571,3,True,False,0,True,True
garbage_v2,/content/waste_datasets/garbage_v2/original/paper/paper_219.jpg,paper,paper,True,512,384,RGB,0e358d72119e9683595d119f511d65212e0bff253196494c48d31a297cdf976f,30109,3,True,False,0,True,True
garbage_v2,/content/waste_datasets/garbage_v2/original/metal/metal_348.jpg,metal,metal,True,512,384,RGB,0e4e8e413f4b1d56a22dafd8cc1487c4193933aff1984a2a97f741271bfd0c5c,14100,3,True,False,0,True,True
garbage_v2,/content/waste_datasets/garbage_v2/original/plastic/plastic_228.jpg,plastic,plastic,True,512,384,RGB,0e5498eeb7c54c88280aacb7e375089fba40be8473c73127fc592fc6e763db5e,11013,3,True,False,0,True,True
garbage_v2,/content/waste_datasets/garbage_v2/original/glass/glass_1028.jpg,glass,glass,True,512,384,RGB,0e561c15c18303512b8baad98b5e5b7920b44cc23ae0d7cb6565d7c5aa5022ef,16694,3,True,False,0,True,True
garbage_v2,/content/waste_datasets/garbage_v2/original/cardboard/cardboard_247.jpg,cardboard,cardboard,True,512,384,RGB,0e59c74d7c807699786867d35ca45e7b68e1bb7743dba994de8e55d9ff997cf3,29829,3,True,False,0,True,True
garbage_v2,/content/waste_datasets/garbage_v2/original/plastic/plastic_1419.jpg,plastic,plastic,True,512,384,RGB,0e9dc24bca2711e36948b1f1192007c7331f3502544d561d7e8123c05034e8b6,7585,3,True,False,0,True,True
garbage_v2,/content/waste_datasets/garbage_v2/original/plastic/plastic_256.jpg,plastic,plastic,True,512,384,RGB,0eaf0d06661b144a9c06dfd259403eabd5b2f10e1fd31d51dc658b69e93a6068,7857,3,True,False,0,True,True
garbage_v2,/content/waste_datasets/garbage_v2/original/glass/glass_101.jpg,glass,glass,True,512,384,RGB,0ee7095b9a08e846175af981ca30cbd3d56d28fa7147eb48109ba5659b699a46,13015,3,True,False,0,True,True
garbage_v2,/content/waste_datasets/garbage_v2/original/paper/paper_1186.jpg,paper,paper,True,512,384,RGB,0eed8d0b7441939e509e4e056569c75e0b316d5f90bcbd76e3dfc68ef7dc329f,10182,3,True,False,0,True,True
garbage_v2,/content/waste_datasets/garbage_v2/original/paper/paper_1029.jpg,paper,paper,True,512,384,RGB,0f50acbfb49029b1b650b57ea8a7d8564ec544d9c9f5d541892f9f04d217070e,27828,3,True,False,0,True,True
garbage_v2,/content/waste_datasets/garbage_v2/original/cardboard/cardboard_999.jpg,cardboard,cardboard,True,512,384,RGB,0fabbacd1a327ee0220db83ada47c24b77645a6bee64aa5969b8e2ad9dee98f5,14730,3,True,False,0,True,True
garbage_v2,/content/waste_datasets/garbage_v2/original/cardboard/cardboard_606.jpg,cardboard,cardboard,True,512,384,RGB,0fb29fab42bce798a7d4731ba232acfc60f96096c5beb59160714ee1ab8e7c0d,12652,3,True,False,0,True,True
garbage_v2,/content/waste_datasets/garbage_v2/original/metal/metal_516.jpg,metal,metal,True,512,384,RGB,0fd71c2e973de5faf29906659e41c111a8cb023f6dade971af1a2fc972ba0004,40890,3,True,False,0,True,True
garbage_v2,/content/waste_datasets/garbage_v2/original/plastic/plastic_273.jpg,plastic,plastic,True,512,384,RGB,0fd8314480e6b635f86ca6d27360b5bf5eb7a1a211b7216bfc5271164baf1801,18009,3,True,False,0,True,True
garbage_v2,/content/waste_datasets/garbage_v2/original/paper/paper_1189.jpg,paper,paper,True,512,384,RGB,0ffb51316baae31451594d9a305fe3ebc4f0ead80e790451ca476363c223528c,29498,3,True,False,0,True,True
garbage_v2,/content/waste_datasets/garbage_v2/original/paper/paper_13.jpg,paper,paper,True,512,384,RGB,0ffc10afaa6661b7ce9373bcdf1a1ec0de0f5415f6da4e441ff4f15dbd9e9429,12669,3,True,False,0,True,True
garbage_v2,/content/waste_datasets/garbage_v2/original/glass/glass_608.jpg,glass,glass,True,512,384,RGB,10490c2ee9d22a38bcb20dac6987c562c537b3b35cb4e0c74ed7ff1d229fb5fd,14141,3,True,False,0,True,True
garbage_v2,/content/waste_datasets/garbage_v2/original/paper/paper_53.jpg,paper,paper,True,512,384,RGB,106f0183419c48fb9812cffed986f8acdcbd46e30f1074479b11f36af44775e0,9632,3,True,False,0,True,True
garbage_v2,/content/waste_datasets/garbage_v2/original/plastic/plastic_942.jpg,plastic,plastic,True,512,384,RGB,1078b4398ee115a73d3ab007959c970e3230ca232d840e2d00d4f6038949d6fe,18653,3,True,False,0,True,True
garbage_v2,/content/waste_datasets/garbage_v2/original/metal/metal_53.jpg,metal,metal,True,512,384,RGB,10a3fc85213fd07e55170ad101ec266cab908c3fcee492114a29abb944943270,21224,3,True,False,0,True,True
garbage_v2,/content/waste_datasets/garbage_v2/original/trash/trash_263.jpg,trash,trash,True,512,384,RGB,10bc95b47a1870bdc56ebfd73843edd207914efae70ff84b10e4b7a12e28758a,14877,2,True,False,0,True,True
garbage_v2,/content/waste_datasets/garbage_v2/original/metal/metal_776.jpg,metal,metal,True,512,384,RGB,10bff8c5d8e0dc1bdd5785f57de5e4a0b69913813781b10cf5ecf09b42bbe6b9,25717,3,True,False,0,True,True
garbage_v2,/content/waste_datasets/garbage_v2/original/cardboard/cardboard_1251.jpg,cardboard,cardboard,True,512,384,RGB,10ceb0bffebd2fa284a0bd4000dfb9a0ee68af5412279cedcb414300be18161a,13601,3,True,False,0,True,True
garbage_v2,/content/waste_datasets/garbage_v2/original/glass/glass_908.jpg,glass,glass,True,512,384,RGB,10e792bc96429a72d468bed74d16b2d96dddc62d58fd1a004e33bd0c25e9d795,10163,3,True,False,0,True,True
garbage_v2,/content/waste_datasets/garbage_v2/original/metal/metal_578.jpg,metal,metal,True,512,384,RGB,1133b997083dcc2d802b01f5b2a8926c3d1e591e25f316be3530039fb5190348,18373,3,True,False,0,True,True
garbage_v2,/content/waste_datasets/garbage_v2/original/paper/paper_983.jpg,paper,paper,True,512,384,RGB,11a101697e8208d6e2aefcb95ce575b51cba2c109c054eee5638c52f6e3a66d8,16505,3,True,False,0,True,True
garbage_v2,/content/waste_datasets/garbage_v2/original/paper/paper_1269.jpg,paper,paper,True,512,384,RGB,11b00c996d8dbb01f72f7463d4a9f3bc1b0f73398480cf9145d9faf6ed7dee25,33760,3,True,False,0,True,True
garbage_v2,/content/waste_datasets/garbage_v2/original/glass/glass_1265.jpg,glass,glass,True,512,384,RGB,11cb062afa3db500529c6d040c119597825aaffed8bb5122c74aabbd36dcadf4,7967,3,True,False,0,True,True
garbage_v2,/content/waste_datasets/garbage_v2/original/glass/glass_913.jpg,glass,glass,True,512,384,RGB,11d2459e02f00f7dddad98494065c8268f184c81ec84666e8529945cb67afd2f,8735,3,True,False,0,True,True
garbage_v2,/content/waste_datasets/garbage_v2/original/paper/paper_398.jpg,paper,paper,True,512,384,RGB,120c752ed14a6666ade37725af9e32fb854dfe96f692f007bb8df43edbaf1b85,49264,3,True,False,0,True,True
garbage_v2,/content/waste_datasets/garbage_v2/original/cardboard/cardboard_585.jpg,cardboard,cardboard,True,512,384,RGB,121f732624ef127b41164313832909f2fb582583f035112c8232bc421e29a5b0,18642,3,True,False,0,True,True
garbage_v2,/content/waste_datasets/garbage_v2/original/paper/paper_336.jpg,paper,paper,True,512,384,RGB,12407e13f6331b69927bbf9dfae1e08a6d0c7117fb0712d896f47269ef86730c,22823,3,True,False,0,True,True
garbage_v2,/content/waste_datasets/garbage_v2/original/glass/glass_670.jpg,glass,glass,True,512,384,RGB,125ea008cda28ac07de88f2e38ef261dd1bddf1772b7590eee68f02a69601595,11827,3,True,False,0,True,True
garbage_v2,/content/waste_datasets/garbage_v2/original/metal/metal_312.jpg,metal,metal,True,512,384,RGB,12faaf4bf45f86a12f004e8518748b0abc1a6ff6b090aaac80e2a2dde32c2c16,22124,3,True,False,0,True,True
garbage_v2,/content/waste_datasets/garbage_v2/original/glass/glass_756.jpg,glass,glass,True,512,384,RGB,130b7cc1e6167abff8ee9989341858b5a9362a13b1de8e512975394833469b09,8560,3,True,False,0,True,True
garbage_v2,/content/waste_datasets/garbage_v2/original/cardboard/cardboard_56.jpg,cardboard,cardboard,True,512,384,RGB,13277fa7ae788f6f342a7d41ada36d4adcd20c58e504f2302b619f3b79087b92,14884,3,True,False,0,True,True
garbage_v2,/content/waste_datasets/garbage_v2/original/paper/paper_634.jpg,paper,paper,True,512,384,RGB,1334821287382e98480ed9ac66becaa31cc8046b01806abaa9e37e3673ad2f40,13881,3,True,False,0,True,True
garbage_v2,/content/waste_datasets/garbage_v2/original/cardboard/cardboard_1031.jpg,cardboard,cardboard,True,512,384,RGB,1378754e2ca5c4a0b7db35f370dcc2e5a10ed5e0480b6f6f9b0ac8c788641e87,25746,3,True,False,0,True,True
garbage_v2,/content/waste_datasets/garbage_v2/original/metal/metal_900.jpg,metal,metal,True,512,384,RGB,13aa829cf9765a02f5a1f3d882b6040545e93b79cca6bd9aa840725c2587c839,17243,3,True,False,0,True,True
garbage_v2,/content/waste_datasets/garbage_v2/original/trash/trash_336.jpg,trash,trash,True,512,384,RGB,145fb39b422c564081befb9607f327ea785ccb0fa845f04b918946a958aa6b19,25323,2,True,False,0,True,True
garbage_v2,/content/waste_datasets/garbage_v2/original/glass/glass_1149.jpg,glass,glass,True,512,384,RGB,14882250d08eb7d7e509275d44e326b5db190634c97221b3e8d93e3030c6e22c,12471,3,True,False,0,True,True
garbage_v2,/content/waste_datasets/garbage_v2/original/glass/glass_1721.jpg,glass,glass,True,512,384,RGB,14ad5395a54cf1a0376e7bcc8d40f6abc6066e921606226597b6139ca5664793,33806,3,True,False,0,True,True
garbage_v2,/content/waste_datasets/garbage_v2/original/metal/metal_801.jpg,metal,metal,True,512,384,RGB,14b1e55361254bf0f699f918a33ef03b92a6ab54dd5637520652652746056c9b,17830,3,True,False,0,True,True
garbage_v2,/content/waste_datasets/garbage_v2/original/paper/paper_526.jpg,paper,paper,True,512,384,RGB,14b420ee53548bf7cf8b43990916202a6e125df8de67d33d55fe4c2e230a946a,25479,3,True,False,0,True,True
garbage_v2,/content/waste_datasets/garbage_v2/original/paper/paper_173.jpg,paper,paper,True,512,384,RGB,14b7f37bbbf8db4370e18c90ac0f57bda7d7d31e263fe086353bbae93836c499,10054,3,True,False,0,True,True
garbage_v2,/content/waste_datasets/garbage_v2/original/paper/paper_1129.jpg,paper,paper,True,512,384,RGB,14cc62b51c56500c63ad16aebc086f6168492be4b2bc6d5e475276d1060b8ec4,14150,3,True,False,0,True,True
garbage_v2,/content/waste_datasets/garbage_v2/original/cardboard/cardboard_84.jpg,cardboard,cardboard,True,512,384,RGB,14d11e57928a1db1778bc6731d4fab8746cef8224fb13f95ced869e614c8f1e3,16182,3,True,False,0,True,True
garbage_v2,/content/waste_datasets/garbage_v2/original/paper/paper_399.jpg,paper,paper,True,512,384,RGB,15408d98468edb4da70e9c4710f5a70d2ffa57d1e04a8fd98cb2d0f879213585,19012,3,True,False,0,True,True
garbage_v2,/content/waste_datasets/garbage_v2/original/cardboard/cardboard_775.jpg,cardboard,cardboard,True,512,384,RGB,154aa49e8581d68981e2c0048c51b1ae448babc4cc08c03a91a815af12f66f80,23807,3,True,False,0,True,True
garbage_v2,/content/waste_datasets/garbage_v2/original/metal/metal_792.jpg,metal,metal,True,512,384,RGB,1567cb561fcaa4502770dbd22a086f11189ab40e39817b4554544ca2614edc56,16020,3,True,False,0,True,True
garbage_v2,/content/waste_datasets/garbage_v2/original/glass/glass_1393.jpg,glass,glass,True,512,384,RGB,156c79b6c5a7219b4a066d9bbbdf53db03c73bc493d40bbe6aa4f036a01e8686,11167,3,True,False,0,True,True
garbage_v2,/content/waste_datasets/garbage_v2/original/metal/metal_865.jpg,metal,metal,True,512,384,RGB,15789e4b13e115718d5b2362d6663f0c1c868904088e5fc83ff33884e162991d,10251,3,True,False,0,True,True
garbage_v2,/content/waste_datasets/garbage_v2/original/cardboard/cardboard_699.jpg,cardboard,cardboard,True,512,384,RGB,158ec60972d4e8744a17d7c303bdb4eab9c7189b28c371bc298552b2fc4d8972,21262,3,True,False,0,True,True
garbage_v2,/content/waste_datasets/garbage_v2/original/glass/glass_825.jpg,glass,glass,True,512,384,RGB,15a8c957f25b6d3e6041e66c39d2f9edee0df009217a7312966ca50a843eb56e,8186,3,True,False,0,True,True
garbage_v2,/content/waste_datasets/garbage_v2/original/metal/metal_714.jpg,metal,metal,True,512,384,RGB,162fd7c08fe5f6d50729da3fe59b8da398db2e4616d03cc39d1a8665da7faeb4,10993,3,True,False,0,True,True
garbage_v2,/content/waste_datasets/garbage_v2/original/cardboard/cardboard_446.jpg,cardboard,cardboard,True,512,384,RGB,163aa7dcc4a05bbab15c462392b9806b5a064ab1c606ea103c96262f044658ce,22573,3,True,False,0,True,True
garbage_v2,/content/waste_datasets/garbage_v2/original/plastic/plastic_406.jpg,plastic,plastic,True,512,384,RGB,163c1534d5cb13b304af123c5961f60ac3dd1773148675e96fdb7e468c155c9a,15904,3,True,False,0,True,True
garbage_v2,/content/waste_datasets/garbage_v2/original/glass/glass_694.jpg,glass,glass,True,512,384,RGB,164810ae1e213437a55f4ea5b91ee15778f979837ed5a93f4047620062744e63,11117,3,True,False,0,True,True
garbage_v2,/content/waste_datasets/garbage_v2/original/plastic/plastic_1496.jpg,plastic,plastic,True,512,384,RGB,16518e0987964ac97caa28fe32fe0f0908e7c33db070418126d5cc9c05f0e22d,10748,3,True,False,0,True,True
garbage_v2,/content/waste_datasets/garbage_v2/original/paper/paper_891.jpg,paper,paper,True,512,384,RGB,16796aba75ec18dc20dfd1c4e918724df1fd3747b052c01c74cbd6a56128a1d6,34217,3,True,False,0,True,True
garbage_v2,/content/waste_datasets/garbage_v2/original/cardboard/cardboard_77.jpg,cardboard,cardboard,True,512,384,RGB,1696ceb0931601a838034f60f36e90b802e78dc87146b0cca102afe9cc55c4f7,18936,3,True,False,0,True,True
garbage_v2,/content/waste_datasets/garbage_v2/original/metal/metal_856.jpg,metal,metal,True,512,384,RGB,16985596a876dcca2d8b5519979e180f6496771551ea262346ac37f3f4d9099b,25460,3,True,False,0,True,True
garbage_v2,/content/waste_datasets/garbage_v2/original/metal/metal_535.jpg,metal,metal,True,512,384,RGB,169d8a86cdf976aa6f1c15d4a6b059dd60da707735164a2192a8fb31fec206d1,12725,3,True,False,0,True,True
garbage_v2,/content/waste_datasets/garbage_v2/original/paper/paper_304.jpg,paper,paper,True,512,384,RGB,16a3d7a5b78f08397ba1ba7e9c611b37412d103a43ab4b6804b0718c69b7b5cb,11950,3,True,False,0,True,True
garbage_v2,/content/waste_datasets/garbage_v2/original/plastic/plastic_63.jpg,plastic,plastic,True,512,384,RGB,16c0e9985f713cc81522592dc1d0a6fcc18019f222792b6045cbdb5c3d9ceb46,17647,3,True,False,0,True,True
garbage_v2,/content/waste_datasets/garbage_v2/original/paper/paper_927.jpg,paper,paper,True,512,384,RGB,1708ae1e698d0accfc0f698a3859a0ea4ff6bbc0efa27db32c919eab93017177,32756,3,True,False,0,True,True
garbage_v2,/content/waste_datasets/garbage_v2/original/cardboard/cardboard_1082.jpg,cardboard,cardboard,True,512,384,RGB,17111e478c7b5036548661b8c4ea6453a562f0cdc8a3ea3a6f4645b331893348,17727,3,True,False,0,True,True
garbage_v2,/content/waste_datasets/garbage_v2/original/cardboard/cardboard_945.jpg,cardboard,cardboard,True,512,384,RGB,1731b5a1bb78a2b82eeb0e49085d59c4c4f8d9b0327369e322b0d28fa6b072b3,17989,3,True,False,0,True,True
garbage_v2,/content/waste_datasets/garbage_v2/original/plastic/plastic_988.jpg,plastic,plastic,True,512,384,RGB,1765bc4ce8ac204b9831d5f5f3ca23354ceaf6d5c438362745775448424515bd,13847,3,True,False,0,True,True
garbage_v2,/content/waste_datasets/garbage_v2/original/plastic/plastic_871.jpg,plastic,plastic,True,512,384,RGB,1782030f5438851c5b95628ba661fc0815070591ef12835903cccb2c2550106a,12112,3,True,False,0,True,True
garbage_v2,/content/waste_datasets/garbage_v2/original/plastic/plastic_678.jpg,plastic,plastic,True,512,384,RGB,178bcccdc927df8f61789569ea50814d110b0443355ecbb4227e4ae6452293d9,20053,3,True,False,0,True,True
garbage_v2,/content/waste_datasets/garbage_v2/original/metal/metal_69.jpg,metal,metal,True,512,384,RGB,17a57deae02dfa268f964fde93494e8504565bcf2de190663d621e9b4d9df439,14459,3,True,False,0,True,True
garbage_v2,/content/waste_datasets/garbage_v2/original/paper/paper_1190.jpg,paper,paper,True,512,384,RGB,17ac0be9f178cbadb594a85d055f1b079c60fccc180bb113c2cd0b6bce730357,22371,3,True,False,0,True,True
garbage_v2,/content/waste_datasets/garbage_v2/original/cardboard/cardboard_1063.jpg,cardboard,cardboard,True,512,384,RGB,17b467e667f6ec479e92721a9f9022c2d7f127bae2afd95cf25c0ac5c8d49935,21221,3,True,False,0,True,True
garbage_v2,/content/waste_datasets/garbage_v2/original/metal/metal_16.jpg,metal,metal,True,512,384,RGB,17e8f88f88ba0c360dc6b1c819704bb51c771f0aee389fb64fe3f62637bf1e87,13484,3,True,False,0,True,True
garbage_v2,/content/waste_datasets/garbage_v2/original/paper/paper_65.jpg,paper,paper,True,512,384,RGB,17fa7521b3f1a57768196f7e3643c6cda93a87a40cec20048c4bb324420a090a,23993,3,True,False,0,True,True
garbage_v2,/content/waste_datasets/garbage_v2/original/paper/paper_197.jpg,paper,paper,True,512,384,RGB,185094a156a4f7e66bf42e8901621859727d5835eedf36102c2ca4a4419c9b9a,28353,3,True,False,0,True,True
garbage_v2,/content/waste_datasets/garbage_v2/original/metal/metal_214.jpg,metal,metal,True,512,384,RGB,185c5013b71afe133a27dd604c72fc9f76620dff3e8f2e604829cac1d749d405,28533,3,True,False,0,True,True
garbage_v2,/content/waste_datasets/garbage_v2/original/cardboard/cardboard_602.jpg,cardboard,cardboard,True,512,384,RGB,1898227eb225da726a809bdc5edc4b26f3251b93c445161e96ff80508650f25c,14976,3,True,False,0,True,True
garbage_v2,/content/waste_datasets/garbage_v2/original/cardboard/cardboard_666.jpg,cardboard,cardboard,True,512,384,RGB,189f3c6c3c086d1c64a557be1206c99c7867c49cb890ac9e3890f8c4b5a64546,10616,3,True,False,0,True,True
garbage_v2,/content/waste_datasets/garbage_v2/original/plastic/plastic_794.jpg,plastic,plastic,True,512,384,RGB,18a2627a793528eae5fe2eae4c4b6aaf17764d75899c30c4a9e2f9d4c8f36c76,25994,3,True,False,0,True,True
garbage_v2,/content/waste_datasets/garbage_v2/original/cardboard/cardboard_723.jpg,cardboard,cardboard,True,512,384,RGB,18aaa625b4d836e878b024712e47e0dda8682faf64fed862a806fbcbfe260a1e,20838,3,True,False,0,True,True
garbage_v2,/content/waste_datasets/garbage_v2/original/paper/paper_68.jpg,paper,paper,True,512,384,RGB,18e0117f5f511fdeeb8a0561d5df892b1136c923ccc992a9c6e83f728d06a0e1,9813,3,True,False,0,True,True
garbage_v2,/content/waste_datasets/garbage_v2/original/metal/metal_794.jpg,metal,metal,True,512,384,RGB,191035be31b64e1edad395dce380f5be67ff59fb68a33b57d3051e8bd218a7e8,21154,3,True,False,0,True,True
garbage_v2,/content/waste_datasets/garbage_v2/original/cardboard/cardboard_1269.jpg,cardboard,cardboard,True,512,384,RGB,1928c692335255284b24fb66446d694cc8b0ff360db60ddd21662f25158d07d4,12341,3,True,False,0,True,True
garbage_v2,/content/waste_datasets/garbage_v2/original/plastic/plastic_1313.jpg,plastic,plastic,True,512,384,RGB,193a15fa9c0f2b9385bd569c056122ae9c27c6f2784bd5efbb50d1dd6c1026d1,18451,3,True,False,0,True,True
garbage_v2,/content/waste_datasets/garbage_v2/original/metal/metal_447.jpg,metal,metal,True,512,384,RGB,194ed5721d2846e9c2314fc154fa4eef33f1ca269d5e4de497d4c4c99eb61df4,28400,3,True,False,0,True,True
garbage_v2,/content/waste_datasets/garbage_v2/original/plastic/plastic_1114.jpg,plastic,plastic,True,512,384,RGB,19908813035b3c9616d2c5e2a0770b0609c643964158f976106483bea9db6153,20804,3,True,False,0,True,True
garbage_v2,/content/waste_datasets/garbage_v2/original/paper/paper_1088.jpg,paper,paper,True,512,384,RGB,19de2c32e6481800bb60f418780fa2062e40501ef9b4ebc6e1ddfec513d4169b,32403,3,True,False,0,True,True
garbage_v2,/content/waste_datasets/garbage_v2/original/paper/paper_1083.jpg,paper,paper,True,512,384,RGB,19ef2e438b9aa7a2cb382288f9f3cfee6db7e61c6918752cac3992ef28bb9fd8,24750,3,True,False,0,True,True
garbage_v2,/content/waste_datasets/garbage_v2/original/plastic/plastic_1374.jpg,plastic,plastic,True,512,384,RGB,1a04ee128c41326e7c3a9dc1e10503a50bcfc852f7e40cf91a7079c0aac1c8d3,15949,3,True,False,0,True,True
garbage_v2,/content/waste_datasets/garbage_v2/original/plastic/plastic_1368.jpg,plastic,plastic,True,512,384,RGB,1a2af231f4f280680a67d841707a6b36d9438e816be6fdaf70e2e2609a2979bf,10337,3,True,False,0,True,True
garbage_v2,/content/waste_datasets/garbage_v2/original/plastic/plastic_1400.jpg,plastic,plastic,True,512,384,RGB,1a2f52e6f942c7283041e4a49dda2f309941c2a1fc2de0dd1b8a832b3ba26f89,13292,3,True,False,0,True,True
garbage_v2,/content/waste_datasets/garbage_v2/original/paper/paper_1134.jpg,paper,paper,True,512,384,RGB,1a379d0f692cb10da9c67fae20088f9ec24c5225286d3eac1bdc81826609120b,23933,3,True,False,0,True,True
garbage_v2,/content/waste_datasets/garbage_v2/original/cardboard/cardboard_137.jpg,cardboard,cardboard,True,512,384,RGB,1a6498eb76db159d786146ea850b90b628d4dce34144e856863f804194ee6347,27876,3,True,False,0,True,True
garbage_v2,/content/waste_datasets/garbage_v2/original/glass/glass_93.jpg,glass,glass,True,512,384,RGB,1a7e9b0947a8a7cd79f069d5d5ebd42c6978f759f5069cdb975b5e94f55f519a,8145,3,True,False,0,True,True
garbage_v2,/content/waste_datasets/garbage_v2/original/paper/paper_748.jpg,paper,paper,True,512,384,RGB,1a8485d649565f9c85da488ff12a528f307acdebcdc2632d9d4617ee4835ba7d,33039,3,True,False,0,True,True
garbage_v2,/content/waste_datasets/garbage_v2/original/cardboard/cardboard_311.jpg,cardboard,cardboard,True,512,384,RGB,1a9a65f62c99390c99e17c3b929ecc449f88e3586721b0e2113834336395a0f1,25101,3,True,False,0,True,True
garbage_v2,/content/waste_datasets/garbage_v2/original/glass/glass_764.jpg,glass,glass,True,512,384,RGB,1aa33cc9b8206a4b81e95575a94e02020a52f33504772f5518af448e3469dd93,7371,3,True,False,0,True,True
garbage_v2,/content/waste_datasets/garbage_v2/original/paper/paper_311.jpg,paper,paper,True,512,384,RGB,1ab95b775216e6cd863740cc9da770d680904f698f054bd22f625ae9ad84b83b,33871,3,True,False,0,True,True
garbage_v2,/content/waste_datasets/garbage_v2/original/metal/metal_98.jpg,metal,metal,True,512,384,RGB,1ac3a2f5ec85a7a9ba1da24a89c37258696f89dd9233fad8b26537b9be4ef7eb,23192,3,True,False,0,True,True
garbage_v2,/content/waste_datasets/garbage_v2/original/metal/metal_215.jpg,metal,metal,True,512,384,RGB,1ac43424f74276c3ea1c27c2a685414a66c126cd37f4809f64967d110021b7c6,15778,3,True,False,0,True,True
garbage_v2,/content/waste_datasets/garbage_v2/original/paper/paper_749.jpg,paper,paper,True,512,384,RGB,1b2e07a5f186e185e8961da0478ec0bc0c88ac6161d0cfaa3c53dcf45b57479e,9053,3,True,False,0,True,True
garbage_v2,/content/waste_datasets/garbage_v2/original/plastic/plastic_400.jpg,plastic,plastic,True,512,384,RGB,1bac9d75550551aa591d5c7cb136283cea796c2052cd42a65f664822698d0933,8213,3,True,False,0,True,True
garbage_v2,/content/waste_datasets/garbage_v2/original/plastic/plastic_861.jpg,plastic,plastic,True,512,384,RGB,1bb07d23d88c135a03b8ccb4ab47497dc3bf231cf194a0cf936310d9766195c2,10972,3,True,False,0,True,True
garbage_v2,/content/waste_datasets/garbage_v2/original/metal/metal_301.jpg,metal,metal,True,512,384,RGB,1bc190a99efaeaeb043af606f8597b42bb2c0563b94ac9a19f13fadd40eb27b6,8696,3,True,False,0,True,True
garbage_v2,/content/waste_datasets/garbage_v2/original/plastic/plastic_1285.jpg,plastic,plastic,True,512,384,RGB,1bd51773840a0c85ba787d7a486edc9ccef32e782b31760c3d5324ac39042de8,16861,3,True,False,0,True,True
garbage_v2,/content/waste_datasets/garbage_v2/original/plastic/plastic_770.jpg,plastic,plastic,True,512,384,RGB,1bdb6cb2949721018b1a4cb80cfee4c0eea5965df935a5ff2a28603b946ed3ee,7475,3,True,False,0,True,True
garbage_v2,/content/waste_datasets/garbage_v2/original/trash/trash_348.jpg,trash,trash,True,512,384,RGB,1c04329bd1a226bf2498f4b4693d97eeaa6531da1ea2f9ce46aca3703637e3c9,14558,2,True,False,0,True,True
garbage_v2,/content/waste_datasets/garbage_v2/original/plastic/plastic_373.jpg,plastic,plastic,True,512,384,RGB,1c12d12b9af2e54c77d4e48d40ee831c67f699f251e391ff8864b881a6203c87,23267,3,True,False,0,True,True
garbage_v2,/content/waste_datasets/garbage_v2/original/glass/glass_1156.jpg,glass,glass,True,512,384,RGB,1c1de73c97844dd318c3373005c897bc825a5ff42c60424337322dbee603638c,7689,3,True,False,0,True,True
garbage_v2,/content/waste_datasets/garbage_v2/original/plastic/plastic_499.jpg,plastic,plastic,True,512,384,RGB,1c639ba85cffc1704c6661df756984b81d362366b6190e42966b39018e2d4f61,13497,3,True,False,0,True,True
garbage_v2,/content/waste_datasets/garbage_v2/original/plastic/plastic_883.jpg,plastic,plastic,True,512,384,RGB,1cd2a95dc91965a8d4ac5829aadf0b9db5d2457ff685a3d315b35b9b2ede8dce,13066,3,True,False,0,True,True
garbage_v2,/content/waste_datasets/garbage_v2/original/paper/paper_1139.jpg,paper,paper,True,512,384,RGB,1cd940e2f515d0ad6e37fdd86cac3fe27605f7b1ef4b5157aec2fa38f1d6ef41,12032,3,True,False,0,True,True
garbage_v2,/content/waste_datasets/garbage_v2/original/paper/paper_206.jpg,paper,paper,True,512,384,RGB,1cde634898618890a7817c791f5f818b6cd269d7b651be591ca76607d1388190,26916,3,True,False,0,True,True
garbage_v2,/content/waste_datasets/garbage_v2/original/plastic/plastic_330.jpg,plastic,plastic,True,512,384,RGB,1ceda9efb08fa9866fef408b343eb382b613bc08106c2dbfb774ac27b72f045f,15636,3,True,False,0,True,True
garbage_v2,/content/waste_datasets/garbage_v2/original/cardboard/cardboard_78.jpg,cardboard,cardboard,True,512,384,RGB,1cf3b1a8e31d787ec92f311f8cee8e6b8112d07e43a4bab02403515ee86da762,20825,3,True,False,0,True,True
garbage_v2,/content/waste_datasets/garbage_v2/original/paper/paper_1287.jpg,paper,paper,True,512,384,RGB,1cf5a1cd632b57cfdcd4e68b4feddc9711e5008753dde4aa56b63781763d3e1e,14556,3,True,False,0,True,True
garbage_v2,/content/waste_datasets/garbage_v2/original/paper/paper_1304.jpg,paper,paper,True,512,384,RGB,1d57d7983cd65298c13a0aede73a25cbc3578887442cb7218cf64d751fed3319,28867,3,True,False,0,True,True
garbage_v2,/content/waste_datasets/garbage_v2/original/trash/trash_390.jpg,trash,trash,True,512,384,RGB,1d9429a9cec835ba139ffc989c1310c991bb562f560c6d8adb27e0c8df65bd59,17532,2,True,False,0,True,True
garbage_v2,/content/waste_datasets/garbage_v2/original/paper/paper_1040.jpg,paper,paper,True,512,384,RGB,1d9a4c7dc1e7afc0c8eda2583df39ad606295a00c6a045b336b41bcddd086567,34665,3,True,False,0,True,True
garbage_v2,/content/waste_datasets/garbage_v2/original/plastic/plastic_539.jpg,plastic,plastic,True,512,384,RGB,1db8f6f300a11f18fc6a82833ae08ba187230fc922c4abf5a92d4fc8d67b39a9,12122,3,True,False,0,True,True
garbage_v2,/content/waste_datasets/garbage_v2/original/metal/metal_864.jpg,metal,metal,True,512,384,RGB,1dc73acaeeb07c595c7154f110d6ef94b446323dd5855ddbf0e9b8c4c4934965,22993,3,True,False,0,True,True
garbage_v2,/content/waste_datasets/garbage_v2/original/plastic/plastic_97.jpg,plastic,plastic,True,512,384,RGB,1df8d5c5690689c8d0119bbb7f8fd98d94943931e281a0776f84a89eecb4250d,10706,3,True,False,0,True,True
garbage_v2,/content/waste_datasets/garbage_v2/original/plastic/plastic_747.jpg,plastic,plastic,True,512,384,RGB,1e0b2094a10bec25a65f4c01b6f7f8ecd6da63825f27829d9631360f8ba3aeda,23379,3,True,False,0,True,True
garbage_v2,/content/waste_datasets/garbage_v2/original/paper/paper_1225.jpg,paper,paper,True,512,384,RGB,1e8d901da0c91216f96152b1e168b8809760b403c707342c8d79b33c309ea7fd,11187,3,True,False,0,True,True
garbage_v2,/content/waste_datasets/garbage_v2/original/glass/glass_821.jpg,glass,glass,True,512,384,RGB,1e912ca9b00ec92195eeec5a755ce01e8c0a4bc438e799331e0a99468cd3971b,13831,3,True,False,0,True,True
garbage_v2,/content/waste_datasets/garbage_v2/original/paper/paper_224.jpg,paper,paper,True,512,384,RGB,1eae712ac200b7a5ab02ac1b977126371780dc32cb556e62e837c67b3d20dde5,8966,3,True,False,0,True,True
garbage_v2,/content/waste_datasets/garbage_v2/original/paper/paper_716.jpg,paper,paper,True,512,384,RGB,1ebebe6611cdb391116d723ea4429446eccfb74a3df35e94fe071360443c9725,12580,3,True,False,0,True,True
garbage_v2,/content/waste_datasets/garbage_v2/original/paper/paper_1114.jpg,paper,paper,True,512,384,RGB,1ec12a8ca7d10883c4fa60b804438a71b2ca53ca69f39ed04be43feee3b97bc9,17528,3,True,False,0,True,True
garbage_v2,/content/waste_datasets/garbage_v2/original/paper/paper_1146.jpg,paper,paper,True,512,384,RGB,1eeea1a90dbe6ca66e223936ca6e5d6e329d880e547d69ab217c8d1459a8d185,25031,3,True,False,0,True,True
garbage_v2,/content/waste_datasets/garbage_v2/original/glass/glass_343.jpg,glass,glass,True,512,384,RGB,1f19da5bc22ec90742e10f675f9aff57756e7c51ea439530444f71e778169dc2,13322,2,True,False,0,True,True
garbage_v2,/content/waste_datasets/garbage_v2/original/paper/paper_855.jpg,paper,paper,True,512,384,RGB,1f25675ede26acd44a7d1ea9a683c72e0bce39cf33860f5c6dac475d76ff0b4d,22830,3,True,False,0,True,True
garbage_v2,/content/waste_datasets/garbage_v2/original/plastic/plastic_802.jpg,plastic,plastic,True,512,384,RGB,1f3bbd7da2c877ba9a65f9083d7ec14b211994001f10f8f01d2a081c8d604301,19123,3,True,False,0,True,True
garbage_v2,/content/waste_datasets/garbage_v2/original/plastic/plastic_922.jpg,plastic,plastic,True,512,384,RGB,1f4467071265642d3170c0336c19644f5f9b7b3944cfb5b5ad41f8771094e801,7796,3,True,False,0,True,True
garbage_v2,/content/waste_datasets/garbage_v2/original/glass/glass_835.jpg,glass,glass,True,512,384,RGB,1f7c0e7670491a0bde248fd920d681f49b3c8ab41aacdcd32ac559ef8f4d27a3,24163,3,True,False,0,True,True
garbage_v2,/content/waste_datasets/garbage_v2/original/paper/paper_221.jpg,paper,paper,True,512,384,RGB,1f870076b896fe0bf5cf4f9f0417c16cb32010e05b42d1fdcf0a76dff46f061c,22470,3,True,False,0,True,True
garbage_v2,/content/waste_datasets/garbage_v2/original/plastic/plastic_761.jpg,plastic,plastic,True,512,384,RGB,1fa0f0b2c0ff6e61c85ad20f23460bdbbd9cb96a27cec75c76763747716c9324,27783,3,True,False,0,True,True
garbage_v2,/content/waste_datasets/garbage_v2/original/plastic/plastic_820.jpg,plastic,plastic,True,512,384,RGB,1fa506d340c028a17fa2b600b7d3d0d3285e47ebc57aa5788ce9b55d648939bb,15675,3,True,False,0,True,True
garbage_v2,/content/waste_datasets/garbage_v2/original/paper/paper_174.jpg,paper,paper,True,512,384,RGB,1fb0815ea681a3fd401551c8e7573dfc12abafeeced521d526973a6e0338312c,11256,3,True,False,0,True,True
garbage_v2,/content/waste_datasets/garbage_v2/original/plastic/plastic_220.jpg,plastic,plastic,True,512,384,RGB,1fdbdc9e1f510230b101766576439b374929864f1fe6e9a2d146205e73eb724d,22052,3,True,False,0,True,True
garbage_v2,/content/waste_datasets/garbage_v2/original/metal/metal_718.jpg,metal,metal,True,512,384,RGB,1fe2f89d48cc09373cdd7899c07c090ffec93bab339d660066c9fe4d1c430667,29519,3,True,False,0,True,True
garbage_v2,/content/waste_datasets/garbage_v2/original/plastic/plastic_1241.jpg,plastic,plastic,True,512,384,RGB,1fe34344d11d325abae025ab4ac0cf6d7322b4cd54ce846b3d725eeea6f4c965,12752,3,True,False,0,True,True
garbage_v2,/content/waste_datasets/garbage_v2/original/trash/trash_133.jpg,trash,trash,True,512,384,RGB,20018f7c4b30f387edbca44d6b4b1233f65fb0e194992119609d0af807985057,10534,2,True,False,0,True,True
garbage_v2,/content/waste_datasets/garbage_v2/original/paper/paper_793.jpg,paper,paper,True,512,384,RGB,202989661312ee01f985e621b8da49d47785e2fe5e25fa05e0da86acd19fd0bd,10396,3,True,False,0,True,True
garbage_v2,/content/waste_datasets/garbage_v2/original/plastic/plastic_1029.jpg,plastic,plastic,True,512,384,RGB,204739a2e73afca691e41130f49ffa8c5b40d25a110b56aa2a67041a07bc259d,9808,3,True,False,0,True,True
garbage_v2,/content/waste_datasets/garbage_v2/original/paper/paper_161.jpg,paper,paper,True,512,384,RGB,204aec08ea3e72d57d09f1f25b692c23ca2be48268914d5aa8dc5264ccd0c54d,10337,3,True,False,0,True,True
garbage_v2,/content/waste_datasets/garbage_v2/original/glass/glass_287.jpg,glass,glass,True,512,384,RGB,2050554a0968b5b5485edfff6d821f399fad3a9e16b85353bf3d8fc514b189f4,10351,3,True,False,0,True,True
garbage_v2,/content/waste_datasets/garbage_v2/original/metal/metal_652.jpg,metal,metal,True,512,384,RGB,207268345869e042ad945c8fa4d9bcc3580e69840c102b1119d86e3c7c54b5a7,21223,3,True,False,0,True,True
garbage_v2,/content/waste_datasets/garbage_v2/original/paper/paper_839.jpg,paper,paper,True,512,384,RGB,207579ec41fc712009583d28ed48674accdf919b6ec0c3ed89874fc066656118,35321,3,True,False,0,True,True
garbage_v2,/content/waste_datasets/garbage_v2/original/plastic/plastic_190.jpg,plastic,plastic,True,512,384,RGB,209d2d10773d74e2c829d4bac3b4e3d592c486baf852f332b8435fb9fd6f7987,9959,3,True,False,0,True,True
garbage_v2,/content/waste_datasets/garbage_v2/original/cardboard/cardboard_978.jpg,cardboard,cardboard,True,512,384,RGB,20a458f8b0ad7afb390acc577c2a88944f74bbfffbbf240b5a7dd00b35c61320,22569,3,True,False,0,True,True
garbage_v2,/content/waste_datasets/garbage_v2/original/paper/paper_897.jpg,paper,paper,True,512,384,RGB,20a83da01cbf24694407ea3efaf2d842005ef4958151189c5da1364e65dae808,15104,3,True,False,0,True,True
garbage_v2,/content/waste_datasets/garbage_v2/original/plastic/plastic_1469.jpg,plastic,plastic,True,512,384,RGB,20b51c7dd0604e23b351783aaee67367ffcd8edfe34df32fc83e338fe5e13b9f,18878,3,True,False,0,True,True
garbage_v2,/content/waste_datasets/garbage_v2/original/paper/paper_608.jpg,paper,paper,True,512,384,RGB,2105d5c225846bb12c844ce82e7b2ecb3e8c7d73c37dce1c5f8e623528e486ad,28688,3,True,False,0,True,True
garbage_v2,/content/waste_datasets/garbage_v2/original/paper/paper_393.jpg,paper,paper,True,512,384,RGB,2109a41137370708c08412fa7c49492b52b57f90b1302f013b80e2a5d79c20c1,18821,3,True,False,0,True,True
garbage_v2,/content/waste_datasets/garbage_v2/original/paper/paper_1284.jpg,paper,paper,True,512,384,RGB,2127805bc503ef123e6583e403fad22c9aa8c76c2f41d4a6eefbbeaff3cad00b,10134,3,True,False,0,True,True
garbage_v2,/content/waste_datasets/garbage_v2/original/metal/metal_707.jpg,metal,metal,True,512,384,RGB,2142ccd5346addd31bb14056d17acaddfa61738d85b4a9a424714059263ac574,19173,3,True,False,0,True,True
garbage_v2,/content/waste_datasets/garbage_v2/original/plastic/plastic_233.jpg,plastic,plastic,True,512,384,RGB,214c390cd34fce2b18dd269926f2dce3f7defb135278d800bcc0cea0db207aca,8610,3,True,False,0,True,True
garbage_v2,/content/waste_datasets/garbage_v2/original/cardboard/cardboard_51.jpg,cardboard,cardboard,True,512,384,RGB,21611cf22abe1189b1ef40c04f9794bae470937977bba35527af7270cd596f2b,18714,3,True,False,0,True,True
garbage_v2,/content/waste_datasets/garbage_v2/original/cardboard/cardboard_1053.jpg,cardboard,cardboard,True,512,384,RGB,216d0a8818c95e559ded0f4671401ff7923b6c3141dea7497e5022e65bed4260,25181,3,True,False,0,True,True
garbage_v2,/content/waste_datasets/garbage_v2/original/paper/paper_543.jpg,paper,paper,True,512,384,RGB,2192c4e4d3e7abbe057e4ea29633c1a1bc34ebe571191a94f856e16588ada713,13483,3,True,False,0,True,True
garbage_v2,/content/waste_datasets/garbage_v2/original/plastic/plastic_1222.jpg,plastic,plastic,True,512,384,RGB,219faadf8ca0140bbe363127e9414f3e53718c2ff180c4ac1a6173a66a2abae1,11207,3,True,False,0,True,True
garbage_v2,/content/waste_datasets/garbage_v2/original/cardboard/cardboard_785.jpg,cardboard,cardboard,True,512,384,RGB,21b47fabac906f045ea315b7fe3fa0e235014e41c001226446e226327fd59032,16636,3,True,False,0,True,True
garbage_v2,/content/waste_datasets/garbage_v2/original/cardboard/cardboard_683.jpg,cardboard,cardboard,True,512,384,RGB,21c3c200b36649b8790df2a1ec57c2da2643db3c32e051cd4583aec9b450f5cd,8722,3,True,False,0,True,True
garbage_v2,/content/waste_datasets/garbage_v2/original/paper/paper_120.jpg,paper,paper,True,512,384,RGB,21d49892bad71dd6d10216d8afdeb8ec8fb18f969ba5eca49673dab08ba2759e,9424,3,True,False,0,True,True
garbage_v2,/content/waste_datasets/garbage_v2/original/paper/paper_768.jpg,paper,paper,True,512,384,RGB,21d783b57bfbe3bbf0da89a38e4d7414955ab366e7d29222e450fe6754f6df82,35412,3,True,False,0,True,True
garbage_v2,/content/waste_datasets/garbage_v2/original/paper/paper_1051.jpg,paper,paper,True,512,384,RGB,21ede1cb8d8163fd7255917d18dce29e6ef5e083970ffcf8a7abc28154994173,24152,3,True,False,0,True,True
garbage_v2,/content/waste_datasets/garbage_v2/original/cardboard/cardboard_52.jpg,cardboard,cardboard,True,512,384,RGB,21fca9f2141321b5856dd917ef588b9c60dd431e6435169d6120e4dac61c820d,18009,3,True,False,0,True,True
garbage_v2,/content/waste_datasets/garbage_v2/original/plastic/plastic_473.jpg,plastic,plastic,True,512,384,RGB,221592ad0b4ca84ab9b2d75dd82d279e9c2635056caa6e1e478544bd9ebae2d7,10024,3,True,False,0,True,True
garbage_v2,/content/waste_datasets/garbage_v2/original/paper/paper_1236.jpg,paper,paper,True,512,384,RGB,221d9e293369fb6b18da0ea0094988ccaebfbb198fdaf3bb71666b63fcd412b9,13703,3,True,False,0,True,True
garbage_v2,/content/waste_datasets/garbage_v2/original/metal/metal_84.jpg,metal,metal,True,512,384,RGB,22389a79d35d5e8d121394e093dd723724e2184fd007f4c03b98c43b8c8fa48a,14840,3,True,False,0,True,True
garbage_v2,/content/waste_datasets/garbage_v2/original/paper/paper_75.jpg,paper,paper,True,512,384,RGB,224a8e782d1f02b4a38aa93fc839af27a1da07ad51a3bce061f84b43e58c64c9,18190,3,True,False,0,True,True
garbage_v2,/content/waste_datasets/garbage_v2/original/plastic/plastic_493.jpg,plastic,plastic,True,512,384,RGB,22552b8e2196dccb5bb80c34b899f2a6bc7880270818e6586c1a4e9f45b0af90,9052,3,True,False,0,True,True
garbage_v2,/content/waste_datasets/garbage_v2/original/paper/paper_408.jpg,paper,paper,True,512,384,RGB,225710ad5bb0476af876d7f2007335da8fa5457649cca500341cfceb65fe0b75,55370,3,True,False,0,True,True
garbage_v2,/content/waste_datasets/garbage_v2/original/glass/glass_775.jpg,glass,glass,True,512,384,RGB,226f7a63cc93a3c9c4297b5fe1200bbc7a5fd37fd3a940814e2406bf81266a62,10260,3,True,False,0,True,True
garbage_v2,/content/waste_datasets/garbage_v2/original/paper/paper_422.jpg,paper,paper,True,512,384,RGB,22c8b0e6530b57c37b73985c1c74394372c9c2d4cb70d080c01cf6689143cfe3,32880,3,True,False,0,True,True
garbage_v2,/content/waste_datasets/garbage_v2/original/metal/metal_903.jpg,metal,metal,True,512,384,RGB,22d1e8a8ac35fba47d17ffe47b11c363801e379a2ede5fe480c8d9394f9ad611,22381,3,True,False,0,True,True
garbage_v2,/content/waste_datasets/garbage_v2/original/cardboard/cardboard_893.jpg,cardboard,cardboard,True,512,384,RGB,235a53570abbad7adcb2901ead6d7385e36c679f1a3aa7bce179a641d4d1a873,16548,3,True,False,0,True,True
garbage_v2,/content/waste_datasets/garbage_v2/original/paper/paper_254.jpg,paper,paper,True,512,384,RGB,23a180b7424767954f5babb1509dfa2dfe8628dd221be271a1685f31a8094e0d,9362,3,True,False,0,True,True
garbage_v2,/content/waste_datasets/garbage_v2/original/metal/metal_868.jpg,metal,metal,True,512,384,RGB,23bd72dbde307e0c02e8563657075a93647072a7e69efce85d20de58f9461a91,6244,3,True,False,0,True,True
garbage_v2,/content/waste_datasets/garbage_v2/original/glass/glass_1151.jpg,glass,glass,True,512,384,RGB,23cc05ab246bebe4da8836386df7c56da500ff7b6f4ede68d4d8e45182a3ed98,22895,3,True,False,0,True,True
garbage_v2,/content/waste_datasets/garbage_v2/original/paper/paper_154.jpg,paper,paper,True,512,384,RGB,23db8d661b2814c349d03707bf918afe1a19f419397b0b10e6581984e9175bdc,39886,3,True,False,0,True,True
garbage_v2,/content/waste_datasets/garbage_v2/original/metal/metal_33.jpg,metal,metal,True,512,384,RGB,23e20d8dd91193b3a6df158a8d0e80fd2524cd609d998dcda5a055a8ed9c5074,16064,3,True,False,0,True,True
garbage_v2,/content/waste_datasets/garbage_v2/original/paper/paper_801.jpg,paper,paper,True,512,384,RGB,23e78e4678ddb10aa6d602d59c6bc6050bf66f6fcedd4c46265ada535706f265,24137,3,True,False,0,True,True
garbage_v2,/content/waste_datasets/garbage_v2/original/plastic/plastic_323.jpg,plastic,plastic,True,512,384,RGB,2420707c919e4d373408adf3d85620610d701a9bf667e61e5d3e3d60ada78dbd,15125,3,True,False,0,True,True
garbage_v2,/content/waste_datasets/garbage_v2/original/paper/paper_552.jpg,paper,paper,True,512,384,RGB,242a6ec8181c6d33f83822c9ddcd4287c8a0f9e927ec8695794777182d0890d7,14692,3,True,False,0,True,True
garbage_v2,/content/waste_datasets/garbage_v2/original/plastic/plastic_598.jpg,plastic,plastic,True,512,384,RGB,24470846efab9351855d86998eaa42f45963d6189bd138754a49a6bbc869bf71,24665,3,True,False,0,True,True
garbage_v2,/content/waste_datasets/garbage_v2/original/cardboard/cardboard_431.jpg,cardboard,cardboard,True,512,384,RGB,244fd7b2518017bf260f2e3a251e8adba9b1150dd0e1c0b479b16f889227da87,10058,3,True,False,0,True,True
garbage_v2,/content/waste_datasets/garbage_v2/original/metal/metal_467.jpg,metal,metal,True,512,384,RGB,249e102551f9b38e40bc026485a7be3a7623f3abbfcd0108ee8cea531d0532f4,11229,3,True,False,0,True,True
garbage_v2,/content/waste_datasets/garbage_v2/original/cardboard/cardboard_1198.jpg,cardboard,cardboard,True,512,384,RGB,24a795211199b3e25140dd3d856b8d306d4f16078fc828587d70d03b4b273de4,14811,3,True,False,0,True,True
garbage_v2,/content/waste_datasets/garbage_v2/original/glass/glass_495.jpg,glass,glass,True,512,384,RGB,24ad3a3342e4f1fbf4ff5060171fb26835225df98dba3dbc0fa2269a71582110,16427,3,True,False,0,True,True
garbage_v2,/content/waste_datasets/garbage_v2/original/plastic/plastic_1542.jpg,plastic,plastic,True,512,384,RGB,24c0388ee64be0310fc3b57fdf0fcc894e3e56c4fec1675e00ffc91caa919ade,12764,3,True,False,0,True,True
garbage_v2,/content/waste_datasets/garbage_v2/original/cardboard/cardboard_319.jpg,cardboard,cardboard,True,512,384,RGB,24c750b1dc48feec1847b04bd82abab80b66082365cebc9f61960f189f349605,13743,3,True,False,0,True,True
garbage_v2,/content/waste_datasets/garbage_v2/original/paper/paper_327.jpg,paper,paper,True,512,384,RGB,25063c2320fd0fff4dc04317a7627418695c9970618a48073bb79cb3e542859c,17487,3,True,False,0,True,True
garbage_v2,/content/waste_datasets/garbage_v2/original/paper/paper_69.jpg,paper,paper,True,512,384,RGB,25162460e1c82fbc04724477c03da515d8f138719fbdb6efe42bf6a73e95d396,11096,3,True,False,0,True,True
garbage_v2,/content/waste_datasets/garbage_v2/original/trash/trash_135.jpg,trash,trash,True,512,384,RGB,2528d8ce5db65e02481a90e613944e64690d36cc89fb2dbda35f1d9763121c6c,11149,2,True,False,0,True,True
garbage_v2,/content/waste_datasets/garbage_v2/original/glass/glass_241.jpg,glass,glass,True,512,384,RGB,2536244dbb00085c64a7b6154c2e91418ed7e08a31f8332fc78760fdc0fb5ff8,6640,3,True,False,0,True,True
garbage_v2,/content/waste_datasets/garbage_v2/original/cardboard/cardboard_253.jpg,cardboard,cardboard,True,512,384,RGB,257611cab3bdb086ace64cb249436bb66da6a52ac2fc292a2b8a74b62b49c768,17676,3,True,False,0,True,True
garbage_v2,/content/waste_datasets/garbage_v2/original/cardboard/cardboard_1238.jpg,cardboard,cardboard,True,512,384,RGB,25d47a740100c9ffbc37f5efe9f49113f9edc75208fdeed383b3ee88f1de2167,25517,3,True,False,0,True,True
garbage_v2,/content/waste_datasets/garbage_v2/original/cardboard/cardboard_1223.jpg,cardboard,cardboard,True,512,384,RGB,25ed31f2cb519f4af3f49d1888c8ba42b97e68fa28d10d038b3e6131d0cb5d7f,22820,3,True,False,0,True,True
garbage_v2,/content/waste_datasets/garbage_v2/original/paper/paper_709.jpg,paper,paper,True,512,384,RGB,26029bd2af59b209283f8bff5b91cd6521f2e56e5b7c6bd771695e6a448ab6c8,8572,3,True,False,0,True,True
garbage_v2,/content/waste_datasets/garbage_v2/original/paper/paper_584.jpg,paper,paper,True,512,384,RGB,2658cc2c0491706f7b2cef7383c367295ca39291c1c26989e035eede274e268d,10421,3,True,False,0,True,True
garbage_v2,/content/waste_datasets/garbage_v2/original/metal/metal_250.jpg,metal,metal,True,512,384,RGB,265b600061409e515719e77a2773a08c1147de53d7ade912324872aa219de9a6,15815,3,True,False,0,True,True
garbage_v2,/content/waste_datasets/garbage_v2/original/metal/metal_543.jpg,metal,metal,True,512,384,RGB,2667ce6cb65c06bb6826444ffb2c2389042494b54c4a3cf0aee2a098d5a4220e,15269,3,True,False,0,True,True
garbage_v2,/content/waste_datasets/garbage_v2/original/plastic/plastic_39.jpg,plastic,plastic,True,512,384,RGB,26712c0ba852ba181bd2c50e93cbee2e380c13dbcdd03e69b2f8dfd7eb77501e,18417,3,True,False,0,True,True
garbage_v2,/content/waste_datasets/garbage_v2/original/paper/paper_1000.jpg,paper,paper,True,512,384,RGB,2775c77ee5bc11bd6fe0a164eecea0ab9e58ac62af1cbab3cd94f56f4e7a1b03,10131,3,True,False,0,True,True
garbage_v2,/content/waste_datasets/garbage_v2/original/glass/glass_797.jpg,glass,glass,True,512,384,RGB,279c81c430424acbf50186b7a25ba91c978a86a1d0e8bff699119b93f5fcc961,8593,3,True,False,0,True,True
garbage_v2,/content/waste_datasets/garbage_v2/original/plastic/plastic_535.jpg,plastic,plastic,True,512,384,RGB,27c2ea40bb631374f93d50e184e9cd31cfc4f211a471f7dc6e8b2a209856798c,6344,3,True,False,0,True,True
garbage_v2,/content/waste_datasets/garbage_v2/original/cardboard/cardboard_1155.jpg,cardboard,cardboard,True,512,384,RGB,27c5990593a694d2efada37217663b621c2475cd8333d0070cba01c828887d2a,26347,3,True,False,0,True,True
garbage_v2,/content/waste_datasets/garbage_v2/original/metal/metal_332.jpg,metal,metal,True,512,384,RGB,27e7beb769fd119c0e86ea90e580ce7dbb8dd7b0934dd568c375ed894c9917ea,13207,3,True,False,0,True,True
garbage_v2,/content/waste_datasets/garbage_v2/original/plastic/plastic_1387.jpg,plastic,plastic,True,512,384,RGB,281f3d7df5b3343a51832a2c06ab6c95d9999ff8e30c40c55684d670dbfaf6eb,18526,3,True,False,0,True,True
garbage_v2,/content/waste_datasets/garbage_v2/original/plastic/plastic_555.jpg,plastic,plastic,True,512,384,RGB,286de05a374690c68be861de898597c49905225c0962731c24cac142caaa9141,12932,3,True,False,0,True,True
garbage_v2,/content/waste_datasets/garbage_v2/original/cardboard/cardboard_449.jpg,cardboard,cardboard,True,512,384,RGB,287ff00ff0f172099b74b41526c880cbaa6bec85b065c6b0c82d677e1294b796,19835,3,True,False,0,True,True
garbage_v2,/content/waste_datasets/garbage_v2/original/glass/glass_1311.jpg,glass,glass,True,512,384,RGB,2885b55e189a43dec7092927818fdba46638703a7d8e224b70f00e37260ce780,20742,3,True,False,0,True,True
garbage_v2,/content/waste_datasets/garbage_v2/original/paper/paper_170.jpg,paper,paper,True,512,384,RGB,289b6c98f3bcbda3bdf8cdf6b0570ebde2be0c309a2feeab53d07904bebbe4a1,13194,3,True,False,0,True,True
garbage_v2,/content/waste_datasets/garbage_v2/original/paper/paper_560.jpg,paper,paper,True,512,384,RGB,28a89d70d811cdbc534b659a7692f948a40de7415f76b3028a593c9fb6e43c52,10282,3,True,False,0,True,True
garbage_v2,/content/waste_datasets/garbage_v2/original/glass/glass_531.jpg,glass,glass,True,512,384,RGB,2926e04d80fe0333810e2238647cd4797f203e6477d48421ebb26757009438aa,18910,3,True,False,0,True,True
garbage_v2,/content/waste_datasets/garbage_v2/original/paper/paper_249.jpg,paper,paper,True,512,384,RGB,293810fb17f833f24d38525b7cfd33c049c95ac0e2b760652d39e4a19555203b,35185,3,True,False,0,True,True
garbage_v2,/content/waste_datasets/garbage_v2/original/paper/paper_83.jpg,paper,paper,True,512,384,RGB,29427083290aacb32621496450610f915e0eee1fa2b492557075e082fb963eeb,16774,3,True,False,0,True,True
garbage_v2,/content/waste_datasets/garbage_v2/original/cardboard/cardboard_1392.jpg,cardboard,cardboard,True,512,384,RGB,294aa55989decf8a64e054f4b880897e11b310007655fee733a6d25c3187bc95,14021,3,True,False,0,True,True
garbage_v2,/content/waste_datasets/garbage_v2/original/metal/metal_574.jpg,metal,metal,True,512,384,RGB,294c88e5d6d03d5b9a9c4cea826286adde0491f22b82ca87a50cadd798d6364b,20851,3,True,False,0,True,True
garbage_v2,/content/waste_datasets/garbage_v2/original/paper/paper_58.jpg,paper,paper,True,512,384,RGB,2957de05a0ebc4770b9dd721f852e600073330914fa756728629a308d15b9f2c,12828,3,True,False,0,True,True
garbage_v2,/content/waste_datasets/garbage_v2/original/metal/metal_316.jpg,metal,metal,True,512,384,RGB,295e15363ee7393963f785f7a43dad7207460e041c43a1f36e7514e635300626,19473,3,True,False,0,True,True
garbage_v2,/content/waste_datasets/garbage_v2/original/metal/metal_96.jpg,metal,metal,True,512,384,RGB,297060838f7d1c26eaff5197a66b55084a4de90475477198fe36dfccba5e4d5f,18472,3,True,False,0,True,True
garbage_v2,/content/waste_datasets/garbage_v2/original/cardboard/cardboard_440.jpg,cardboard,cardboard,True,512,384,RGB,29717507e973bbdd88947ef1e867f2ff29dfc65e15287cbecae1a9440c7b25a5,15772,3,True,False,0,True,True
garbage_v2,/content/waste_datasets/garbage_v2/original/glass/glass_530.jpg,glass,glass,True,512,384,RGB,29b5d945fee290819fe065f9672c46b79f77cf0cc9efd8a3a20fb61fc1d345cb,11909,3,True,False,0,True,True
garbage_v2,/content/waste_datasets/garbage_v2/original/plastic/plastic_774.jpg,plastic,plastic,True,512,384,RGB,29bbc6186b2064a1b1a38c648ec3a8ba0eb35ee3929e3e2a869d43023f8a5b30,16701,3,True,False,0,True,True
garbage_v2,/content/waste_datasets/garbage_v2/original/paper/paper_116.jpg,paper,paper,True,512,384,RGB,29d700d928ab21e6605fa069fe0cccb9d80867eff31d5ab5c61349b4456f10c4,11245,3,True,False,0,True,True
garbage_v2,/content/waste_datasets/garbage_v2/original/cardboard/cardboard_1387.jpg,cardboard,cardboard,True,512,384,RGB,29eba1d56170aff46dba36017ba310b0e72101448f8a03551ca9e23aafdad4c2,21596,3,True,False,0,True,True
garbage_v2,/content/waste_datasets/garbage_v2/original/glass/glass_1078.jpg,glass,glass,True,512,384,RGB,2a05d2057ef441bb72b549c2faf5d5f519d1f0ba7e3f69b765fff30f5d91f0ea,12148,3,True,False,0,True,True
garbage_v2,/content/waste_datasets/garbage_v2/original/cardboard/cardboard_105.jpg,cardboard,cardboard,True,512,384,RGB,2a0b62fda0ff643a92fea69f05c0c1d6bb75d8f11e93b684b6eb052337e89334,16442,3,True,False,0,True,True
garbage_v2,/content/waste_datasets/garbage_v2/original/cardboard/cardboard_960.jpg,cardboard,cardboard,True,512,384,RGB,2a5936d0ecd31b7ca320925993fa0b0cfb561803a1407c57ad627c996ae8a7f7,10395,3,True,False,0,True,True
garbage_v2,/content/waste_datasets/garbage_v2/original/paper/paper_1307.jpg,paper,paper,True,512,384,RGB,2a68e92046611c511dc12c44eeec7509cdf44e93a7ee64abfd4a77f37d0091ac,9054,3,True,False,0,True,True
garbage_v2,/content/waste_datasets/garbage_v2/original/plastic/plastic_201.jpg,plastic,plastic,True,512,384,RGB,2a9d33453f886a84673eca85a60d2ef62d0bc5783c6200b52adc1dab01841664,17174,3,True,False,0,True,True
garbage_v2,/content/waste_datasets/garbage_v2/original/paper/paper_671.jpg,paper,paper,True,512,384,RGB,2aa131bae0e09410858f8fd4cb174fac80f25bb8dfd19add1cb6af2148a851ac,11733,3,True,False,0,True,True
garbage_v2,/content/waste_datasets/garbage_v2/original/cardboard/cardboard_533.jpg,cardboard,cardboard,True,512,384,RGB,2ad343008c70f6944bfa9c17e20d739957622803e62c54b9ccc0e27bbf4ab3b2,15829,3,True,False,0,True,True
garbage_v2,/content/waste_datasets/garbage_v2/original/plastic/plastic_1259.jpg,plastic,plastic,True,512,384,RGB,2ad4c7f1ff68e4c36e00222a1ff14d2c3b10084b13a040c69b6b8af0e10dc802,13123,3,True,False,0,True,True
garbage_v2,/content/waste_datasets/garbage_v2/original/metal/metal_775.jpg,metal,metal,True,512,384,RGB,2b0bf75581cbeb9eaaa4fb7788362fe87cce5089f2ab4ff58ee9541a072f0e78,14003,3,True,False,0,True,True
garbage_v2,/content/waste_datasets/garbage_v2/original/plastic/plastic_84.jpg,plastic,plastic,True,512,384,RGB,2b4099e51228220b28a0960f3bac42200765f00d88c1bacc1420740b8a645dd3,12738,3,True,False,0,True,True
garbage_v2,/content/waste_datasets/garbage_v2/original/glass/glass_1119.jpg,glass,glass,True,512,384,RGB,2b43bc547ce40566b8eff014c87b19f02e1705745ad0b3186e99177bae16963e,14658,3,True,False,0,True,True
garbage_v2,/content/waste_datasets/garbage_v2/original/cardboard/cardboard_67.jpg,cardboard,cardboard,True,512,384,RGB,2b82e19cb55b982d291c8838f84c7e4d3639013727fc814fe4aa7589f20fadad,24826,3,True,False,0,True,True
garbage_v2,/content/waste_datasets/garbage_v2/original/cardboard/cardboard_232.jpg,cardboard,cardboard,True,512,384,RGB,2b8355bbf7e90d8690ef27a299aaf413176cfa7fd6c90594a530e98ca4d66d37,17339,3,True,False,0,True,True
garbage_v2,/content/waste_datasets/garbage_v2/original/plastic/plastic_286.jpg,plastic,plastic,True,512,384,RGB,2b8514ca220fb7845a3d00a99c9264aeb973ec292e43ee04adacda7d86436b45,16695,3,True,False,0,True,True
garbage_v2,/content/waste_datasets/garbage_v2/original/paper/paper_1192.jpg,paper,paper,True,512,384,RGB,2b86b60d03f14160ad6c118006403224ca898823a3150f2d2eaefac171ee36da,33312,3,True,False,0,True,True
garbage_v2,/content/waste_datasets/garbage_v2/original/plastic/plastic_487.jpg,plastic,plastic,True,512,384,RGB,2b8b7b53c225e04948f7c1c875ebc4be4382268dd5ec4b0184bcaddae505273e,9313,3,True,False,0,True,True
garbage_v2,/content/waste_datasets/garbage_v2/original/paper/paper_1206.jpg,paper,paper,True,512,384,RGB,2bfd415e787ffaa602c1eb66d53b7ccf998a1cb29516cbeafcb1c507d51298bd,25027,3,True,False,0,True,True
garbage_v2,/content/waste_datasets/garbage_v2/original/metal/metal_224.jpg,metal,metal,True,512,384,RGB,2bfe1e25bb903eb45c8494f4645d081d9a34c337e716840868cefb3e8f850f40,23086,3,True,False,0,True,True
garbage_v2,/content/waste_datasets/garbage_v2/original/cardboard/cardboard_1185.jpg,cardboard,cardboard,True,512,384,RGB,2c0f7b6223c9143f9ed4202b398f2e65febeb1b1edf50e65c2fdd7ac83da4260,26388,3,True,False,0,True,True
garbage_v2,/content/waste_datasets/garbage_v2/original/metal/metal_298.jpg,metal,metal,True,512,384,RGB,2c1b7263f7e1adeb64bba4692d887752d3f6462213d1d6f6673e42aac37b91bc,10589,3,True,False,0,True,True
garbage_v2,/content/waste_datasets/garbage_v2/original/plastic/plastic_474.jpg,plastic,plastic,True,512,384,RGB,2ce4e21a095a78498b34cd16bb87fb9359e6961873eed50e2c402de2ede77d18,17316,3,True,False,0,True,True
garbage_v2,/content/waste_datasets/garbage_v2/original/plastic/plastic_608.jpg,plastic,plastic,True,512,384,RGB,2d1992d1550347f99e6aeba304ca7794d2021aad257d048e1a3d2303a524f304,7349,3,True,False,0,True,True
garbage_v2,/content/waste_datasets/garbage_v2/original/metal/metal_376.jpg,metal,metal,True,512,384,RGB,2d292a6bed9ca1414ac38f46008cdb9869804ed4e1681d75cd191a5116b70337,13486,3,True,False,0,True,True
garbage_v2,/content/waste_datasets/garbage_v2/original/paper/paper_334.jpg,paper,paper,True,512,384,RGB,2d38a56f93deb17e1ce71b48564ee56fdcb103c35b17e0bf98e4821d9eef04ec,18346,3,True,False,0,True,True
garbage_v2,/content/waste_datasets/garbage_v2/original/glass/glass_113.jpg,glass,glass,True,512,384,RGB,2d420703ffe1daa3b7966c2faa247c02bd020602c080940fc96f887634a7ba00,11536,3,True,False,0,True,True
garbage_v2,/content/waste_datasets/garbage_v2/original/paper/paper_965.jpg,paper,paper,True,512,384,RGB,2d4e555b298b81c20de1b743c09bcb76d8322fe6f9e4e258a0eb036ad020a805,41321,3,True,False,0,True,True
garbage_v2,/content/waste_datasets/garbage_v2/original/glass/glass_618.jpg,glass,glass,True,512,384,RGB,2d7a17f18897b1248876e5f1cc084d7e50c9990f1776f7b26d18260c456a5106,10187,2,True,False,0,True,True
garbage_v2,/content/waste_datasets/garbage_v2/original/glass/glass_745.jpg,glass,glass,True,512,384,RGB,2d7b7fde2787693571743a9819c05c7e203ad1e5b1a56a91e5f958b7e8be4c53,9914,3,True,False,0,True,True
garbage_v2,/content/waste_datasets/garbage_v2/original/plastic/plastic_1361.jpg,plastic,plastic,True,512,384,RGB,2d80cd1f9c21c9b56e5a20fa3b011128fb34b36782c3503404bfb0bec57432f7,14573,3,True,False,0,True,True
garbage_v2,/content/waste_datasets/garbage_v2/original/cardboard/cardboard_993.jpg,cardboard,cardboard,True,512,384,RGB,2d92e10fe0efb5cb4b68e2ddb150cd7ff5e21ef770972c71d6b8432823447e05,16153,3,True,False,0,True,True
garbage_v2,/content/waste_datasets/garbage_v2/original/plastic/plastic_1087.jpg,plastic,plastic,True,512,384,RGB,2da1dc04aecdffdf22714aff09a76c9c6aa591544130d2c7c3a0b1b2896eb867,17145,3,True,False,0,True,True
garbage_v2,/content/waste_datasets/garbage_v2/original/metal/metal_25.jpg,metal,metal,True,512,384,RGB,2db6e692e6f70e497acd068167546bb14ee4b3e423e8c80deb5a35a7215c2453,8395,3,True,False,0,True,True
garbage_v2,/content/waste_datasets/garbage_v2/original/paper/paper_29.jpg,paper,paper,True,512,384,RGB,2de03f5598ae7f6182e5a3ce33516d2508185bedb6fba0987624483558c9e1c3,22135,3,True,False,0,True,True
garbage_v2,/content/waste_datasets/garbage_v2/original/glass/glass_793.jpg,glass,glass,True,512,384,RGB,2e027e4b02ee2d3cb5a743bb61b874f762ee88302b9d3c02e45694a6e19d4181,9753,3,True,False,0,True,True
garbage_v2,/content/waste_datasets/garbage_v2/original/metal/metal_799.jpg,metal,metal,True,512,384,RGB,2e124740d495a71472fbaf4f174c6cebaedb862c5b0c1921d99798e644434960,33722,3,True,False,0,True,True
garbage_v2,/content/waste_datasets/garbage_v2/original/cardboard/cardboard_100.jpg,cardboard,cardboard,True,512,384,RGB,2e2814038c3594bb3d50fa40a8a4763ad9087a2b53e21c061f51d7cf0a90b78b,17546,3,True,False,0,True,True
garbage_v2,/content/waste_datasets/garbage_v2/original/glass/glass_916.jpg,glass,glass,True,512,384,RGB,2e4c7b202b8f60c93c9a64315a7f2340dd9cacafebcd3ddc031d363004a88865,13469,3,True,False,0,True,True
garbage_v2,/content/waste_datasets/garbage_v2/original/cardboard/cardboard_497.jpg,cardboard,cardboard,True,512,384,RGB,2e4f22b829c7ee7ea58f2245f11b3ad1424f773314c89cf3925880ba03c9b6b8,21175,3,True,False,0,True,True
garbage_v2,/content/waste_datasets/garbage_v2/original/metal/metal_287.jpg,metal,metal,True,512,384,RGB,2e62194aacab189aabc30d0902af1afa699f75341cbc4baaaa12cd38dbfab739,15236,3,True,False,0,True,True
garbage_v2,/content/waste_datasets/garbage_v2/original/plastic/plastic_420.jpg,plastic,plastic,True,512,384,RGB,2e772db456e0cedc180bbbdceb428d6b5a071981d81c6968e7db385e5418a2ac,13890,3,True,False,0,True,True
garbage_v2,/content/waste_datasets/garbage_v2/original/metal/metal_683.jpg,metal,metal,True,512,384,RGB,2e867917ddf0222c4a22a26729372113496b6eeea690d819fd08ea5d0e34c8f8,13116,3,True,False,0,True,True
garbage_v2,/content/waste_datasets/garbage_v2/original/cardboard/cardboard_671.jpg,cardboard,cardboard,True,512,384,RGB,2e89f7e3c69e7520d2897fb65ae91e05969fa3e51b16f1eab01d1277edaa6a7d,20387,3,True,False,0,True,True
garbage_v2,/content/waste_datasets/garbage_v2/original/cardboard/cardboard_920.jpg,cardboard,cardboard,True,512,384,RGB,2eb0bb8ef2c6da8e6d82698f32a6c3efcd6fc4a1509e31d37f5d60445ecc45d7,8940,3,True,False,0,True,True
garbage_v2,/content/waste_datasets/garbage_v2/original/cardboard/cardboard_1260.jpg,cardboard,cardboard,True,512,384,RGB,2ec5c45faa603f8df4771d73c961445b6e9fc634c550a379a8d5ea4f7bf570f4,21699,3,True,False,0,True,True
garbage_v2,/content/waste_datasets/garbage_v2/original/glass/glass_326.jpg,glass,glass,True,512,384,RGB,2efba352cb9707db288287257c31bfb3270610ec759ae9229c64485a6ca408b0,16288,3,True,False,0,True,True
garbage_v2,/content/waste_datasets/garbage_v2/original/plastic/plastic_1464.jpg,plastic,plastic,True,512,384,RGB,2f032358d0a9c0f9eb1782f04438907900eff8595cd6d90827a524f2be451170,17378,3,True,False,0,True,True
garbage_v2,/content/waste_datasets/garbage_v2/original/cardboard/cardboard_948.jpg,cardboard,cardboard,True,512,384,RGB,2f3dafed35830c61c3464c876f7cfb82ad3b635078f6306bca02a03f8e90d00f,14289,3,True,False,0,True,True
garbage_v2,/content/waste_datasets/garbage_v2/original/metal/metal_912.jpg,metal,metal,True,512,384,RGB,2f48e712ac253a576e000248b523c970264a95e572c23e9ccb57404c15a16857,12942,3,True,False,0,True,True
garbage_v2,/content/waste_datasets/garbage_v2/original/paper/paper_1007.jpg,paper,paper,True,512,384,RGB,2fa1f0646d8d321df59ea70a0980785d4f364ed05897eec367d66728f601c469,18369,3,True,False,0,True,True
garbage_v2,/content/waste_datasets/garbage_v2/original/metal/metal_746.jpg,metal,metal,True,512,384,RGB,2fd98a7e68ab6e53e0833e7a0bcfe638b18292d5a4dd92dbfb59bc58649bc96d,24377,3,True,False,0,True,True
garbage_v2,/content/waste_datasets/garbage_v2/original/plastic/plastic_1333.jpg,plastic,plastic,True,512,384,RGB,301e771d2ea138815666f1f0345f7ebb7fc92f8fe15e865ca6d93e81cba14f79,11305,3,True,False,0,True,True
garbage_v2,/content/waste_datasets/garbage_v2/original/paper/paper_1313.jpg,paper,paper,True,512,384,RGB,3028470d0eee7c5c2030e78b086fa6c656467788ce7953867ae728262e197f50,17702,3,True,False,0,True,True
garbage_v2,/content/waste_datasets/garbage_v2/original/metal/metal_256.jpg,metal,metal,True,512,384,RGB,3032a269b17eb35e3aa0d6bb07f57b1d467de26df78748ac4669765820c1e99f,19610,3,True,False,0,True,True
garbage_v2,/content/waste_datasets/garbage_v2/original/plastic/plastic_673.jpg,plastic,plastic,True,512,384,RGB,3062dd65794d177b88ba6dabe3948a1256a890eccdbdab7dac29e47d97748ba5,16823,3,True,False,0,True,True
garbage_v2,/content/waste_datasets/garbage_v2/original/plastic/plastic_1405.jpg,plastic,plastic,True,512,384,RGB,306c7ebe95c1736d28d1cc93d3ec4cde04003cf1279fcfed8bc246af10ac6d36,8450,3,True,False,0,True,True
garbage_v2,/content/waste_datasets/garbage_v2/original/paper/paper_545.jpg,paper,paper,True,512,384,RGB,309be609a5cd266a1dd34b7e2bc17770e274ce1ac156b7a59f2b2c36b0e5e072,42871,3,True,False,0,True,True
garbage_v2,/content/waste_datasets/garbage_v2/original/metal/metal_719.jpg,metal,metal,True,512,384,RGB,30cc41ce392d1c1ef10164a44cf4026e0c4534547f191b30856a9b1dc3eb1978,13966,3,True,False,0,True,True
garbage_v2,/content/waste_datasets/garbage_v2/original/plastic/plastic_536.jpg,plastic,plastic,True,512,384,RGB,30d4a12de850e642437cd40013f09f68b32193d7d935ec2ef3a3200c0a80b4b3,6655,3,True,False,0,True,True
garbage_v2,/content/waste_datasets/garbage_v2/original/paper/paper_357.jpg,paper,paper,True,512,384,RGB,30e1b52627648dd1befa6133789e732a2fa77ca53ca802b112af4053972397fb,33369,3,True,False,0,True,True
garbage_v2,/content/waste_datasets/garbage_v2/original/metal/metal_630.jpg,metal,metal,True,512,384,RGB,3132b1888728f6f1aae7b578c08b2d4c153a18876eb4bece31f5523100a3168b,14870,3,True,False,0,True,True
garbage_v2,/content/waste_datasets/garbage_v2/original/glass/glass_53.jpg,glass,glass,True,512,384,RGB,313cb0d4734ff40ab3077207506121db14b6227c944a80f39cc16ccc1bd0e8f0,18009,3,True,False,0,True,True
garbage_v2,/content/waste_datasets/garbage_v2/original/cardboard/cardboard_753.jpg,cardboard,cardboard,True,512,384,RGB,315ebaad65063f231a4d92ec7079a65f4d3ce88b89727c36be32ad807653e36c,22185,3,True,False,0,True,True
garbage_v2,/content/waste_datasets/garbage_v2/original/glass/glass_1664.jpg,glass,glass,True,512,384,RGB,316177ec6eecd3def5da9a85f80236cb5802f2829a3672bee659ca6fea2c7381,13109,3,True,False,0,True,True
garbage_v2,/content/waste_datasets/garbage_v2/original/glass/glass_1114.jpg,glass,glass,True,512,384,RGB,317b8d9894ffb98bf8c0b3aa81206fe1ffa19c19ef3bf012e7fc174f549ffb27,18473,3,True,False,0,True,True
garbage_v2,/content/waste_datasets/garbage_v2/original/glass/glass_1735.jpg,glass,glass,True,512,384,RGB,31a17a6916daacbe83312541816ab61b9d687cec15245f362b855a83ed0947fc,7170,3,True,False,0,True,True
garbage_v2,/content/waste_datasets/garbage_v2/original/plastic/plastic_1026.jpg,plastic,plastic,True,512,384,RGB,31b4750d5072f1c4e7ae5b66a3fecb0f94f9439307627952e810b3764fd40ef5,13010,3,True,False,0,True,True
garbage_v2,/content/waste_datasets/garbage_v2/original/paper/paper_604.jpg,paper,paper,True,512,384,RGB,31c828e47426bc14e44ea6c75457d880e32ec9f59d85c79565ef1f7fba7bd184,11027,3,True,False,0,True,True
garbage_v2,/content/waste_datasets/garbage_v2/original/paper/paper_879.jpg,paper,paper,True,512,384,RGB,32036f52a8b6d1cbd055a120bc234bbdfdf72eec4a51128ec344f11f3dfe5dd2,10513,3,True,False,0,True,True
garbage_v2,/content/waste_datasets/garbage_v2/original/glass/glass_978.jpg,glass,glass,True,512,384,RGB,3229686b4115cbc35b594bbd4ea28bf31ada04955cfb7a7c4388e4c358e7b9b3,16811,3,True,False,0,True,True
garbage_v2,/content/waste_datasets/garbage_v2/original/plastic/plastic_624.jpg,plastic,plastic,True,512,384,RGB,324ebee870f39532e3e6b6e6dac3ae826d0f02e85b37acefec52ea8121bdf521,10891,3,True,False,0,True,True
garbage_v2,/content/waste_datasets/garbage_v2/original/plastic/plastic_1320.jpg,plastic,plastic,True,512,384,RGB,32883143e21cc8e56415a794b74d1e4770bb8f1a44710d17ab4b59b626221b79,30711,3,True,False,0,True,True
garbage_v2,/content/waste_datasets/garbage_v2/original/glass/glass_1306.jpg,glass,glass,True,512,384,RGB,32d575a9f636744896f9b3594655990cd662955575244feadbdc23ef50964714,18270,3,True,False,0,True,True
garbage_v2,/content/waste_datasets/garbage_v2/original/paper/paper_519.jpg,paper,paper,True,512,384,RGB,330019bcede08076860bad6d91aff0c352af470c12ebff3bf02a8072ead81c44,25095,3,True,False,0,True,True
garbage_v2,/content/waste_datasets/garbage_v2/original/glass/glass_9.jpg,glass,glass,True,512,384,RGB,330cd3c9cbae56f0567972c58b3d187bc3864f203ff06f6af3ca3bac4edb2318,10126,3,True,False,0,True,True
garbage_v2,/content/waste_datasets/garbage_v2/original/paper/paper_1160.jpg,paper,paper,True,512,384,RGB,331304638e9b9bbf25588b2a3f4c3f726f7c1a05c271186c7e28517f26424152,21628,3,True,False,0,True,True
garbage_v2,/content/waste_datasets/garbage_v2/original/cardboard/cardboard_1017.jpg,cardboard,cardboard,True,512,384,RGB,3324e4a5a61aa8fc1a7764e1131ab92968f10a5ff02aeb29e5ef4513fbd55ebc,11907,3,True,False,0,True,True
garbage_v2,/content/waste_datasets/garbage_v2/original/cardboard/cardboard_3.jpg,cardboard,cardboard,True,512,384,RGB,33355577b83c41982cf47d4f28ef2d977af0c7e596a3dae45170b6bb40fe9e63,14848,3,True,False,0,True,True
garbage_v2,/content/waste_datasets/garbage_v2/original/cardboard/cardboard_1196.jpg,cardboard,cardboard,True,512,384,RGB,334bdb99d42e0956314413ccc65d70b8663a942612a9373bd2b8c3153b8a6caf,14744,3,True,False,0,True,True
garbage_v2,/content/waste_datasets/garbage_v2/original/paper/paper_938.jpg,paper,paper,True,512,384,RGB,3364b945cd88b7238cd23dab9b5e95ec3da2ec3310082b3eef4db34b5f5ef833,10409,3,True,False,0,True,True
garbage_v2,/content/waste_datasets/garbage_v2/original/glass/glass_774.jpg,glass,glass,True,512,384,RGB,33b18defd00b310a029b3c920f4be2aa8ec60d0beb744f56d986dd239bdc2cf9,17664,3,True,False,0,True,True
garbage_v2,/content/waste_datasets/garbage_v2/original/plastic/plastic_868.jpg,plastic,plastic,True,512,384,RGB,33c554d03819abd4f0f326cf8b07b00611ea4d2c92dbaa53e51718989e9a2166,9714,3,True,False,0,True,True
garbage_v2,/content/waste_datasets/garbage_v2/original/metal/metal_19.jpg,metal,metal,True,512,384,RGB,33cb876f9ce5af156674ad6cc7bb5a065991506eefdcc76d5b7a3a05f4f75b1f,11812,3,True,False,0,True,True
garbage_v2,/content/waste_datasets/garbage_v2/original/plastic/plastic_934.jpg,plastic,plastic,True,512,384,RGB,33e291289b32fe975a1576aa28fdebcb24f94b5b28657ab1ac268adae14328bc,13856,3,True,False,0,True,True
garbage_v2,/content/waste_datasets/garbage_v2/original/metal/metal_512.jpg,metal,metal,True,512,384,RGB,33ed5bedbe97a9b8244afc1603b335cb88b397475eb0a064f542fd7d0a0193ec,14599,3,True,False,0,True,True
garbage_v2,/content/waste_datasets/garbage_v2/original/metal/metal_621.jpg,metal,metal,True,512,384,RGB,3406db8187036cc95eb4e5795ce11926c3f6a287cd0e208dbc01b3a276461d4d,27292,3,True,False,0,True,True
garbage_v2,/content/waste_datasets/garbage_v2/original/metal/metal_239.jpg,metal,metal,True,512,384,RGB,344a7f02c7d2f4cfeb25b734c802eda5e8c1a683a0ffc57e14a3d1f045bbc696,20614,3,True,False,0,True,True
garbage_v2,/content/waste_datasets/garbage_v2/original/metal/metal_196.jpg,metal,metal,True,512,384,RGB,346c7ac6c6bf721810b67332d4311769adb5620da52e3b063522c649ba11ccbc,10020,3,True,False,0,True,True
garbage_v2,/content/waste_datasets/garbage_v2/original/cardboard/cardboard_1366.jpg,cardboard,cardboard,True,512,384,RGB,348d553c251eecfc62b7068976deeea134c4b0f1650a736cc64b8b6e54fbdbc7,17227,3,True,False,0,True,True
garbage_v2,/content/waste_datasets/garbage_v2/original/glass/glass_384.jpg,glass,glass,True,512,384,RGB,34ab31ec6509b7f941f83b85362d25f99793cfc024b514ae79265456c6c1b55f,11194,3,True,False,0,True,True
garbage_v2,/content/waste_datasets/garbage_v2/original/cardboard/cardboard_624.jpg,cardboard,cardboard,True,512,384,RGB,34aff6ecdb35badcdf43d49dd388103e0e17102dcb97f649a5f71fd5d6f0175b,24567,3,True,False,0,True,True
garbage_v2,/content/waste_datasets/garbage_v2/original/plastic/plastic_707.jpg,plastic,plastic,True,512,384,RGB,34b4d88c722b12483f73e1ff39947bd464e2ce8a0eaeb1e7c0971dea6bb3893c,17327,3,True,False,0,True,True
garbage_v2,/content/waste_datasets/garbage_v2/original/metal/metal_528.jpg,metal,metal,True,512,384,RGB,34bb6d791f9df9caaa1970204bdb6fd5f27a7739a94bc695d37e21adf26048c0,12382,3,True,False,0,True,True
garbage_v2,/content/waste_datasets/garbage_v2/original/metal/metal_466.jpg,metal,metal,True,512,384,RGB,34bc4ee4ce56e91e3e0561067d5a05ad377b3dcd26175c6f732ae583d89683c3,25355,3,True,False,0,True,True
garbage_v2,/content/waste_datasets/garbage_v2/original/plastic/plastic_510.jpg,plastic,plastic,True,512,384,RGB,350124b58b826b16e7e73331b4c16846229343a1099c61b3868bfd8bd9ca8075,17265,3,True,False,0,True,True
garbage_v2,/content/waste_datasets/garbage_v2/original/paper/paper_332.jpg,paper,paper,True,512,384,RGB,35110d355588aff72ce48cd838f1993a63b2f84c93f07724655b3a887b17cf50,16601,3,True,False,0,True,True
garbage_v2,/content/waste_datasets/garbage_v2/original/cardboard/cardboard_926.jpg,cardboard,cardboard,True,512,384,RGB,352bd249d8783b2b576e8d95ad3bc2b1b44161004de7c1b4e77af1ef5c41d185,23641,3,True,False,0,True,True
garbage_v2,/content/waste_datasets/garbage_v2/original/glass/glass_993.jpg,glass,glass,True,512,384,RGB,352c72230d19272f86d3c2b3a27fcb57f8e64ad24894dec8c6b584f151f6b995,18900,3,True,False,0,True,True
garbage_v2,/content/waste_datasets/garbage_v2/original/plastic/plastic_1140.jpg,plastic,plastic,True,512,384,RGB,353979eb66dcf41890687639974f69993de17321c0d38082341eb4af831df4fd,14360,3,True,False,0,True,True
garbage_v2,/content/waste_datasets/garbage_v2/original/paper/paper_717.jpg,paper,paper,True,512,384,RGB,35415039975290f0c7d36c93f5fc684c147e8632e93e9abddacb2cff35f0aad9,30238,3,True,False,0,True,True
garbage_v2,/content/waste_datasets/garbage_v2/original/metal/metal_798.jpg,metal,metal,True,512,384,RGB,35603bfbca4ee38bdfb80d48b080595399f7d2429355140d29f4954ff7a52876,41167,3,True,False,0,True,True
garbage_v2,/content/waste_datasets/garbage_v2/original/trash/trash_46.jpg,trash,trash,True,512,384,RGB,35c30bc348530667f60c6bf6396552a396e4bbe3f9c8da0e808a3e1c673504a8,12103,2,True,False,0,True,True
garbage_v2,/content/waste_datasets/garbage_v2/original/cardboard/cardboard_223.jpg,cardboard,cardboard,True,512,384,RGB,35f9c610d3146313b087df883c8276bf97f37565de61cdc7a75c7721129e2382,21080,3,True,False,0,True,True
garbage_v2,/content/waste_datasets/garbage_v2/original/paper/paper_403.jpg,paper,paper,True,512,384,RGB,35facfc8651ad7df30cb2e5c8af7cff56612bc9e241d06790eb9eb68ea7e944f,34945,3,True,False,0,True,True
garbage_v2,/content/waste_datasets/garbage_v2/original/trash/trash_331.jpg,trash,trash,True,512,384,RGB,360bb1b49f6f1f02dfb68d120863bc8b36b144b9a7edd1c5ebda5aab57476df7,8959,2,True,False,0,True,True
garbage_v2,/content/waste_datasets/garbage_v2/original/paper/paper_1047.jpg,paper,paper,True,512,384,RGB,36335b010a2b78c5d5ad34f2e8ad5e410ac61d836ec86eae8437c15bd0a002c1,11073,3,True,False,0,True,True
garbage_v2,/content/waste_datasets/garbage_v2/original/glass/glass_1139.jpg,glass,glass,True,512,384,RGB,3634290f2e8e578e36042841453d307eb95437fdc0001834403b3a3f9b7d27e2,10104,3,True,False,0,True,True
garbage_v2,/content/waste_datasets/garbage_v2/original/cardboard/cardboard_1159.jpg,cardboard,cardboard,True,512,384,RGB,36ca36eff9248b61e3087fda771b26dd2b7d79af7735ffe513e4e0e05276e0ba,27126,3,True,False,0,True,True
garbage_v2,/content/waste_datasets/garbage_v2/original/paper/paper_1055.jpg,paper,paper,True,512,384,RGB,36e9d6b35ec278b7a3c049bca5498f48796d2afd4fea3cc27451d29e857e4a33,8604,3,True,False,0,True,True
garbage_v2,/content/waste_datasets/garbage_v2/original/plastic/plastic_357.jpg,plastic,plastic,True,512,384,RGB,36ef6e2a3544bebfd29e73d3ded40dc58a05871f3712a02bace6f108ecf72a98,9336,2,True,False,0,True,True
garbage_v2,/content/waste_datasets/garbage_v2/original/glass/glass_1696.jpg,glass,glass,True,512,384,RGB,37a4389fd332b9872644bc5c4d8a44fcd1e3378878ff6cf201d70b659735cfc6,13749,3,True,False,0,True,True
garbage_v2,/content/waste_datasets/garbage_v2/original/paper/paper_1054.jpg,paper,paper,True,512,384,RGB,37ae511f773ad52c8fdb11a5cbf2d77110e7c0c3c022cfe283948792e93d5c00,31441,3,True,False,0,True,True
garbage_v2,/content/waste_datasets/garbage_v2/original/glass/glass_1315.jpg,glass,glass,True,512,384,RGB,37b39b89ac20b1e95790047208d505c94e11284d100b2005bf27fb297b278e3e,10752,3,True,False,0,True,True
garbage_v2,/content/waste_datasets/garbage_v2/original/glass/glass_1113.jpg,glass,glass,True,512,384,RGB,37c2e5159358ab9cd6a644e910018c716cf7310dbe6edc76f87606e22e146316,18982,3,True,False,0,True,True
garbage_v2,/content/waste_datasets/garbage_v2/original/metal/metal_863.jpg,metal,metal,True,512,384,RGB,37dcdb6d7935644f3ddab0087fd7844392d4cab26670f36cbfc029204550c5a2,14294,3,True,False,0,True,True
garbage_v2,/content/waste_datasets/garbage_v2/original/paper/paper_646.jpg,paper,paper,True,512,384,RGB,37e247538da94b32432136e589f382a91bab6ae45b79e93d097e3f54519b5d40,19894,3,True,False,0,True,True
garbage_v2,/content/waste_datasets/garbage_v2/original/trash/trash_64.jpg,trash,trash,True,512,384,RGB,37e7a1e4a4b3acdd91d9a4a89d25e0e2b2b5f35b972952168a2fd5e278e9addc,11573,2,True,False,0,True,True
garbage_v2,/content/waste_datasets/garbage_v2/original/cardboard/cardboard_375.jpg,cardboard,cardboard,True,512,384,RGB,38014677d0ca639b0c8a5ec235b9f7b7987cc95a77764c7dbcd5955f936b5f3e,19699,3,True,False,0,True,True
garbage_v2,/content/waste_datasets/garbage_v2/original/plastic/plastic_164.jpg,plastic,plastic,True,512,384,RGB,3805dc91d17d98623af7b5c2d018b85944d42796b4fa9395323177d86119225b,16757,3,True,False,0,True,True
garbage_v2,/content/waste_datasets/garbage_v2/original/metal/metal_200.jpg,metal,metal,True,512,384,RGB,3811593a63b4190976121c5d43287d3b70342ed35acc52b4a47aa45999f44740,22508,3,True,False,0,True,True
garbage_v2,/content/waste_datasets/garbage_v2/original/paper/paper_1103.jpg,paper,paper,True,512,384,RGB,38119fcc2f80936b404ef9b72083cae5e9d8fc8d97ec28e771e3b7fd5c215680,37647,3,True,False,0,True,True
garbage_v2,/content/waste_datasets/garbage_v2/original/cardboard/cardboard_1204.jpg,cardboard,cardboard,True,512,384,RGB,382b0693c5d560a52b8632547013392b9dcc18cdf0b84c9fe7035073497b854c,16672,3,True,False,0,True,True
garbage_v2,/content/waste_datasets/garbage_v2/original/metal/metal_818.jpg,metal,metal,True,512,384,RGB,3836a0711418d666200b8372411a94b4c5ba6c904eb5a9e35284de911904a657,13655,3,True,False,0,True,True
garbage_v2,/content/waste_datasets/garbage_v2/original/paper/paper_841.jpg,paper,paper,True,512,384,RGB,388f298b78c8e58e0b3bbc5a4b570a6ef981cd8b5cf994aaa774c75d3076107d,21368,3,True,False,0,True,True
garbage_v2,/content/waste_datasets/garbage_v2/original/glass/glass_1501.jpg,glass,glass,True,512,384,RGB,38dec10915658f16888ee956e108457632dc1baf95b8f8a9d29d8d26c18c484a,9253,3,True,False,0,True,True
garbage_v2,/content/waste_datasets/garbage_v2/original/trash/trash_283.jpg,trash,trash,True,512,384,RGB,38f27ee1e73abed46c00653e1bbbd1fdd42f447123f03ad2c796d090dd3a83d9,13563,2,True,False,0,True,True
garbage_v2,/content/waste_datasets/garbage_v2/original/cardboard/cardboard_381.jpg,cardboard,cardboard,True,512,384,RGB,39385c062633523815827cdf6687d430bd880a937d7ca2ffc08ef11dd6bcdc35,28358,3,True,False,0,True,True
garbage_v2,/content/waste_datasets/garbage_v2/original/plastic/plastic_1162.jpg,plastic,plastic,True,512,384,RGB,393c105a4f5bb2eb904f6b2e4bd9da533fc7ade97df1f3c79d8e51da9c2b9d14,15555,3,True,False,0,True,True
garbage_v2,/content/waste_datasets/garbage_v2/original/paper/paper_856.jpg,paper,paper,True,512,384,RGB,39744979d229b80403d359a89c10506d9fbed857b370a5705c4688694d156a0c,12036,3,True,False,0,True,True
garbage_v2,/content/waste_datasets/garbage_v2/original/metal/metal_329.jpg,metal,metal,True,512,384,RGB,397b8780b62f129acddb0758d07f8570542427e97750f11f0bac39c8908ca55d,10994,3,True,False,0,True,True
garbage_v2,/content/waste_datasets/garbage_v2/original/glass/glass_132.jpg,glass,glass,True,512,384,RGB,39b5c2bce4fa36bd900247e549871485ca3be3a2eb318a3b425da04583f460e7,20243,3,True,False,0,True,True
garbage_v2,/content/waste_datasets/garbage_v2/original/trash/trash_293.jpg,trash,trash,True,512,384,RGB,39bb0a46e81cb3c6ea99737e63b8fdc1dfb6b48e5f40a210ebe2f722b50e0ea5,9962,2,True,False,0,True,True
garbage_v2,/content/waste_datasets/garbage_v2/original/plastic/plastic_550.jpg,plastic,plastic,True,512,384,RGB,39fa46dfa5ddaace2af4e36919d320f5abad7718b7d00d227dd0decca92c92a3,9100,3,True,False,0,True,True
garbage_v2,/content/waste_datasets/garbage_v2/original/cardboard/cardboard_102.jpg,cardboard,cardboard,True,512,384,RGB,3a0e12d4d8e11d8d37f4404a56e4e675cb87f17146449a5e0c779db8035c5641,14717,3,True,False,0,True,True
garbage_v2,/content/waste_datasets/garbage_v2/original/cardboard/cardboard_380.jpg,cardboard,cardboard,True,512,384,RGB,3a1bcbd1887b7c525cc5b1a4bf2007e221f32f17fddb6e7557da7a9b9194ad76,18932,3,True,False,0,True,True
garbage_v2,/content/waste_datasets/garbage_v2/original/paper/paper_159.jpg,paper,paper,True,512,384,RGB,3a2f5b1baa2445cdc1d776bb8c928c088f453e1f6576ac9c1486299fab84d2ad,12137,3,True,False,0,True,True
garbage_v2,/content/waste_datasets/garbage_v2/original/glass/glass_130.jpg,glass,glass,True,512,384,RGB,3a33c3a34bd6f93cb166d7502ba11fcc6b9d8f585e4ad96709bfa540d6883e0c,13490,3,True,False,0,True,True
garbage_v2,/content/waste_datasets/garbage_v2/original/paper/paper_893.jpg,paper,paper,True,512,384,RGB,3a43c3ca2559710cb8710467f46af86d480a6afcfa7064c1b66231cf21331d11,26563,3,True,False,0,True,True
garbage_v2,/content/waste_datasets/garbage_v2/original/plastic/plastic_471.jpg,plastic,plastic,True,512,384,RGB,3a8fdcb0c7b95bc9474fa8302f77da9eeb113aeb3bc3a1dbcd6f84d07161e748,15440,3,True,False,0,True,True
garbage_v2,/content/waste_datasets/garbage_v2/original/paper/paper_243.jpg,paper,paper,True,512,384,RGB,3aafd94b9ef477f76fa3d6d86224b44680363abd0ebbb7af3a99930876290c3c,13700,3,True,False,0,True,True
garbage_v2,/content/waste_datasets/garbage_v2/original/cardboard/cardboard_647.jpg,cardboard,cardboard,True,512,384,RGB,3b0a8c4f56f40c65c2803095cb0e749c96f1fbda615ff23eec4fca0c0f8e1769,14830,3,True,False,0,True,True
garbage_v2,/content/waste_datasets/garbage_v2/original/glass/glass_362.jpg,glass,glass,True,512,384,RGB,3b2881134af110d59e8b4ccc50727239edfa5e5c03a63da792ae685edafe8c5a,7289,3,True,False,0,True,True
garbage_v2,/content/waste_datasets/garbage_v2/original/trash/trash_404.jpg,trash,trash,True,512,384,RGB,3b3a24ffa5df2f643aed2ddb3a26f1b62cc5678b3cf9774121a05bb4d0f3e502,6528,2,True,False,0,True,True
garbage_v2,/content/waste_datasets/garbage_v2/original/glass/glass_1054.jpg,glass,glass,True,512,384,RGB,3b41c3a115d25e41fdcabd738d207e7a2f99f45519ce8ad45a58293de281ac33,9728,2,True,False,0,True,True
garbage_v2,/content/waste_datasets/garbage_v2/original/glass/glass_1423.jpg,glass,glass,True,512,384,RGB,3b673c0a98f66b2153983e049f2231acd197da6322ec81a5e26dc4281dcf1edd,13899,3,True,False,0,True,True
garbage_v2,/content/waste_datasets/garbage_v2/original/paper/paper_995.jpg,paper,paper,True,512,384,RGB,3b82772d2649481097e9d843f019974ba6f375ecaaabcc8d4339b00fff38f9e0,10682,3,True,False,0,True,True
garbage_v2,/content/waste_datasets/garbage_v2/original/plastic/plastic_165.jpg,plastic,plastic,True,512,384,RGB,3b9ffe4f163e4626818b0ac88b0beee5cd018c2456b7c00eb46cbf05052be268,14014,3,True,False,0,True,True
garbage_v2,/content/waste_datasets/garbage_v2/original/glass/glass_455.jpg,glass,glass,True,512,384,RGB,3bb32682a12512d9910974e21afa5a7384d072c28a84fc026f3fcf8abcb474a0,13575,3,True,False,0,True,True
garbage_v2,/content/waste_datasets/garbage_v2/original/trash/trash_333.jpg,trash,trash,True,512,384,RGB,3bde5980ea8d4947ec29e8efee5d361c353064c2f18aa27a86597f06ec5b7c2c,25856,2,True,False,0,True,True
garbage_v2,/content/waste_datasets/garbage_v2/original/paper/paper_573.jpg,paper,paper,True,512,384,RGB,3be8b3c06fd8ac3684fd3ef524d402f7fe00bd5ba88881de3574c9ec2209306a,19652,3,True,False,0,True,True
garbage_v2,/content/waste_datasets/garbage_v2/original/plastic/plastic_914.jpg,plastic,plastic,True,512,384,RGB,3bea414efe7ec324c143e02c7e84c5966cdcf702cd0e75e38b29783881d78d17,18959,3,True,False,0,True,True
garbage_v2,/content/waste_datasets/garbage_v2/original/plastic/plastic_318.jpg,plastic,plastic,True,512,384,RGB,3c1cc3b63ab1cdf605adfabb8fb059f2471645516fc99446a4c665d85f7541ff,14716,3,True,False,0,True,True
garbage_v2,/content/waste_datasets/garbage_v2/original/paper/paper_339.jpg,paper,paper,True,512,384,RGB,3c450100d7911dfc43bf22a2c9d385b15e41db51db99f57fbe71c331b704e40b,14539,3,True,False,0,True,True
garbage_v2,/content/waste_datasets/garbage_v2/original/cardboard/cardboard_274.jpg,cardboard,cardboard,True,512,384,RGB,3cab8da92906464c455c754c576cf7697ffb5d6ec169e7884f792f33cad264ab,23412,3,True,False,0,True,True
garbage_v2,/content/waste_datasets/garbage_v2/original/metal/metal_429.jpg,metal,metal,True,512,384,RGB,3cdc3eb989939aee0d5be291dbac6db8fde8561fb1bc1a053c81e18f77b225dd,14578,3,True,False,0,True,True
garbage_v2,/content/waste_datasets/garbage_v2/original/plastic/plastic_1559.jpg,plastic,plastic,True,512,384,RGB,3cdfa94c9893bf571a8e46fdb728f1f6ea7da1a222c6f6573eb59981631d3d1d,14975,3,True,False,0,True,True
garbage_v2,/content/waste_datasets/garbage_v2/original/plastic/plastic_1538.jpg,plastic,plastic,True,512,384,RGB,3cea91cd461f29869fb632d8e6e4ee625dcc6dcdaf4d2a3e5c457c70a0ed7bd9,17855,3,True,False,0,True,True
garbage_v2,/content/waste_datasets/garbage_v2/original/plastic/plastic_1235.jpg,plastic,plastic,True,512,384,RGB,3d1e36e5e4c1af663d0509513d856d7430c70915e52c20cb1b9f2e0979a2a2fe,15793,3,True,False,0,True,True
garbage_v2,/content/waste_datasets/garbage_v2/original/glass/glass_310.jpg,glass,glass,True,512,384,RGB,3d20e97c12fd189de4743990657479f67326d30b66b8c14ed2a82f904610e25a,10943,3,True,False,0,True,True
garbage_v2,/content/waste_datasets/garbage_v2/original/metal/metal_265.jpg,metal,metal,True,512,384,RGB,3d427a2a75704ec9cdab1dd4253dfa54b5bf359f0dc3c8ed4430ea2856205c5b,19180,3,True,False,0,True,True
garbage_v2,/content/waste_datasets/garbage_v2/original/cardboard/cardboard_134.jpg,cardboard,cardboard,True,512,384,RGB,3d52014c2951d04cf94cebb05398f782e76614a815da114f6f0b925c7d5d0444,25810,3,True,False,0,True,True
garbage_v2,/content/waste_datasets/garbage_v2/original/plastic/plastic_1070.jpg,plastic,plastic,True,512,384,RGB,3d697a4663ef8312ec806f1d35cb40331bad3dbf9bc190958983906808039a1d,9834,3,True,False,0,True,True
garbage_v2,/content/waste_datasets/garbage_v2/original/glass/glass_720.jpg,glass,glass,True,512,384,RGB,3dc88815b7460818c470fa8ae1e45fb439ac5fca8ca2009bf917367c2f00973e,11393,3,True,False,0,True,True
garbage_v2,/content/waste_datasets/garbage_v2/original/glass/glass_651.jpg,glass,glass,True,512,384,RGB,3e0867ff00914ae8338566ade7383c36ae2a0ce319c941ca1b2d12bc7ae92715,10563,3,True,False,0,True,True
garbage_v2,/content/waste_datasets/garbage_v2/original/metal/metal_576.jpg,metal,metal,True,512,384,RGB,3e24987057034d4bdb1e5f4efd6530f833f37bce839f38bed2c0f2dbdc22ae00,10354,3,True,False,0,True,True
garbage_v2,/content/waste_datasets/garbage_v2/original/paper/paper_1138.jpg,paper,paper,True,512,384,RGB,3e2f85826777e8e31f054c8ef412589a0cf6904671fbd61e0eff6ca45570aeb7,9217,3,True,False,0,True,True
garbage_v2,/content/waste_datasets/garbage_v2/original/cardboard/cardboard_294.jpg,cardboard,cardboard,True,512,384,RGB,3e3a0532e27cab09824cc8de8dbc113e9597367ef0768c765bdad44f4e7869f1,20111,3,True,False,0,True,True
garbage_v2,/content/waste_datasets/garbage_v2/original/paper/paper_1231.jpg,paper,paper,True,512,384,RGB,3e3bffeb082bd000d3432c0d0b094ce4c0c37ad0fec976199a53c6d9a41ca400,11180,3,True,False,0,True,True
garbage_v2,/content/waste_datasets/garbage_v2/original/metal/metal_774.jpg,metal,metal,True,512,384,RGB,3e5f126d709306c52a7ed69d1cd485fca28af671e17b741aab5f6747905efeb3,20054,3,True,False,0,True,True
garbage_v2,/content/waste_datasets/garbage_v2/original/cardboard/cardboard_143.jpg,cardboard,cardboard,True,512,384,RGB,3e69c4338acd879596b5c97185f04de6d09725f6273485154db96173aecd54f2,19320,3,True,False,0,True,True
garbage_v2,/content/waste_datasets/garbage_v2/original/cardboard/cardboard_1268.jpg,cardboard,cardboard,True,512,384,RGB,3e8809962ba990c69e8e5cf5f85e13a720c32b59ce530b4757caa260778319af,11824,3,True,False,0,True,True
garbage_v2,/content/waste_datasets/garbage_v2/original/glass/glass_991.jpg,glass,glass,True,512,384,RGB,3f136831cbe89c6e52fa4e675a7d6f55b5ea5e97fc5422a2ffa633c35898ce8a,9412,3,True,False,0,True,True
garbage_v2,/content/waste_datasets/garbage_v2/original/cardboard/cardboard_309.jpg,cardboard,cardboard,True,512,384,RGB,3f35afdf48a24f5233f1e1f7a8711b108f806a00f1d012643a732a01ea004820,25479,3,True,False,0,True,True
garbage_v2,/content/waste_datasets/garbage_v2/original/plastic/plastic_630.jpg,plastic,plastic,True,512,384,RGB,3f3832c7c25c9b7f8fddaf2ade395408e7881c9624ede81e0ac7c02899a6e7e4,21305,3,True,False,0,True,True
garbage_v2,/content/waste_datasets/garbage_v2/original/cardboard/cardboard_788.jpg,cardboard,cardboard,True,512,384,RGB,3f5fba27f5c8a3e46bdbcbccb8e42ff38514e6bd5b6ac3aac96a8d44a05e52ea,9654,3,True,False,0,True,True
garbage_v2,/content/waste_datasets/garbage_v2/original/paper/paper_235.jpg,paper,paper,True,512,384,RGB,3f7ed65f05f1715380f8587b6866e130240666e7cd130a1fe47ce1b59428faa4,17959,3,True,False,0,True,True
garbage_v2,/content/waste_datasets/garbage_v2/original/cardboard/cardboard_916.jpg,cardboard,cardboard,True,512,384,RGB,3facd5e43ff1d5a9868bdb443b23967aebf11d2361e706b09857d8e5bdc06436,19983,3,True,False,0,True,True
garbage_v2,/content/waste_datasets/garbage_v2/original/plastic/plastic_252.jpg,plastic,plastic,True,512,384,RGB,3fb602d0fe1022300e1c63168f0f24a5c504ef3d3d026e93d8424d458c86ef9f,15727,3,True,False,0,True,True
garbage_v2,/content/waste_datasets/garbage_v2/original/metal/metal_908.jpg,metal,metal,True,512,384,RGB,3fc1bdb490635c22909fa7893acac3824a50f66262e35f484f67ec609d0e5747,12024,3,True,False,0,True,True
garbage_v2,/content/waste_datasets/garbage_v2/original/metal/metal_562.jpg,metal,metal,True,512,384,RGB,3ff96fcc9bba133ea54d8b1169379a15386c4a0613e92fc7bc9dc259e6b89d89,12497,3,True,False,0,True,True
garbage_v2,/content/waste_datasets/garbage_v2/original/paper/paper_638.jpg,paper,paper,True,512,384,RGB,4047ea7e2f5dbfb3bef5606d105483ebc5e87ad824b83f61628d8a1d2c044829,25174,3,True,False,0,True,True
garbage_v2,/content/waste_datasets/garbage_v2/original/glass/glass_971.jpg,glass,glass,True,512,384,RGB,4064fb3f30d5fc4ab56449d58f0981239b0cc67ee5d5c267726b8ab9ad4cc6d3,7891,3,True,False,0,True,True
garbage_v2,/content/waste_datasets/garbage_v2/original/plastic/plastic_857.jpg,plastic,plastic,True,512,384,RGB,406d94f0202c91a7396337fffc1ab626151fccb951aa4ccc3b221ef87a1ea6ae,8023,3,True,False,0,True,True
garbage_v2,/content/waste_datasets/garbage_v2/original/metal/metal_229.jpg,metal,metal,True,512,384,RGB,408da93fefe2c7c939e13aabdde2c8ede85690177d8377a244d0794ec38466a3,36481,3,True,False,0,True,True
garbage_v2,/content/waste_datasets/garbage_v2/original/glass/glass_1450.jpg,glass,glass,True,512,384,RGB,40c8393aae8bba3c72093e8e1085f898cff0ba21a28da08608f65c0dcfbf6c5d,13320,3,True,False,0,True,True
garbage_v2,/content/waste_datasets/garbage_v2/original/metal/metal_322.jpg,metal,metal,True,512,384,RGB,40e84ceaacd80fb905fdea88465d9bc8eadf725531d479aa614b5279f0f3c0df,12436,3,True,False,0,True,True
garbage_v2,/content/waste_datasets/garbage_v2/original/glass/glass_903.jpg,glass,glass,True,512,384,RGB,40fdf09542131e8ac3ec229e22558ec7ff4c7922f72fea5977e2565ac08a4393,10152,3,True,False,0,True,True
garbage_v2,/content/waste_datasets/garbage_v2/original/trash/trash_320.jpg,trash,trash,True,512,384,RGB,4107315bb5f544800c18ec1901782473cf656ba1c5b7cb049cef990a5583e412,20376,2,True,False,0,True,True
garbage_v2,/content/waste_datasets/garbage_v2/original/paper/paper_38.jpg,paper,paper,True,512,384,RGB,4124289a0d756472e2fb36c2b4eccc1614d68b1b6b1695147a5afde8fdb2a5b0,6500,3,True,False,0,True,True
garbage_v2,/content/waste_datasets/garbage_v2/original/glass/glass_320.jpg,glass,glass,True,512,384,RGB,412b46561dbf161c5f7882223d89c2b6fce78823a98d477947bb7e0372f573fa,15828,3,True,False,0,True,True
garbage_v2,/content/waste_datasets/garbage_v2/original/metal/metal_664.jpg,metal,metal,True,512,384,RGB,4151023e49f4fc4a400dcdf30976aa36702669294bafd6a7b8f94cd145b47527,31921,3,True,False,0,True,True
garbage_v2,/content/waste_datasets/garbage_v2/original/plastic/plastic_731.jpg,plastic,plastic,True,512,384,RGB,4153554f90520551ad05959e1e6631483d5f34669e59412d33e8ccac10ff7879,9805,3,True,False,0,True,True
garbage_v2,/content/waste_datasets/garbage_v2/original/plastic/plastic_1105.jpg,plastic,plastic,True,512,384,RGB,41691dd04158ed6b0a2cffe6470a4e4c28bc1a172d6b0abc57233f7564872443,13621,3,True,False,0,True,True
garbage_v2,/content/waste_datasets/garbage_v2/original/cardboard/cardboard_914.jpg,cardboard,cardboard,True,512,384,RGB,416cf318238625e3c4a465e685e372ea5edbb69c10c832b666b2fdb1050bc17e,21563,3,True,False,0,True,True
garbage_v2,/content/waste_datasets/garbage_v2/original/paper/paper_198.jpg,paper,paper,True,512,384,RGB,41b57d2c0c364edc6d89b34d2e318c64088db2d0eb6d54a3551f1fc892484359,11558,3,True,False,0,True,True
garbage_v2,/content/waste_datasets/garbage_v2/original/plastic/plastic_809.jpg,plastic,plastic,True,512,384,RGB,41b6b1ba77e63f97ad6f3d74272bbf00addd0d15b2120e3a7187860de3d1dcaa,17231,3,True,False,0,True,True
garbage_v2,/content/waste_datasets/garbage_v2/original/paper/paper_268.jpg,paper,paper,True,512,384,RGB,41db990d64d3070a7d5657566a307c6dfe30efc37ef87762e34882bffbacb011,14414,3,True,False,0,True,True
garbage_v2,/content/waste_datasets/garbage_v2/original/cardboard/cardboard_1122.jpg,cardboard,cardboard,True,512,384,RGB,41ee3fc020aa9b670f392a81dba3dd965cf2bd79762b61fdb508f5ab79e2d55e,10241,3,True,False,0,True,True
garbage_v2,/content/waste_datasets/garbage_v2/original/metal/metal_296.jpg,metal,metal,True,512,384,RGB,4210dfa7e3521964cb46de56a87006830a54906c076fb0b9de9be498f1ceed65,17274,3,True,False,0,True,True
garbage_v2,/content/waste_datasets/garbage_v2/original/plastic/plastic_230.jpg,plastic,plastic,True,512,384,RGB,422899cba7912927777c3f682ca2eb7400f067b69a908e15c0026779e3fea928,10993,3,True,False,0,True,True
garbage_v2,/content/waste_datasets/garbage_v2/original/metal/metal_398.jpg,metal,metal,True,512,384,RGB,423df73e6a1bd921e9e7a1ffee26f7ab06f57bac182b063df421b5b728178f3b,26612,3,True,False,0,True,True
garbage_v2,/content/waste_datasets/garbage_v2/original/paper/paper_25.jpg,paper,paper,True,512,384,RGB,424e4b99c87b9a0bcde31b5835fb39f6428223508d1b3ed971d4d688b2d6aceb,10069,3,True,False,0,True,True
garbage_v2,/content/waste_datasets/garbage_v2/original/metal/metal_462.jpg,metal,metal,True,512,384,RGB,42724b3d2dd58e39269e0222b8fa4474e4b56e5a678e9c57757ac0f943021d88,19369,3,True,False,0,True,True
garbage_v2,/content/waste_datasets/garbage_v2/original/plastic/plastic_788.jpg,plastic,plastic,True,512,384,RGB,42961ff5bb972e412575a53d3d24459a04e4ab47cbf18961d3cdbc70d49ca404,12683,3,True,False,0,True,True
garbage_v2,/content/waste_datasets/garbage_v2/original/glass/glass_1212.jpg,glass,glass,True,512,384,RGB,42bd941e901f1e87dbf0e61f3ad0f75686d462a6d9e8636d79fb5542e06287d6,7782,3,True,False,0,True,True
garbage_v2,/content/waste_datasets/garbage_v2/original/cardboard/cardboard_458.jpg,cardboard,cardboard,True,512,384,RGB,42eca9d4f3d04039b1fda9f02b359dfd5399d91c4e1de7a194b577e484603356,24299,3,True,False,0,True,True
garbage_v2,/content/waste_datasets/garbage_v2/original/metal/metal_109.jpg,metal,metal,True,512,384,RGB,4302630b651a017c0c0e98695384f4373f67390a7472fac5105d388ffa131701,15677,3,True,False,0,True,True
garbage_v2,/content/waste_datasets/garbage_v2/original/glass/glass_985.jpg,glass,glass,True,512,384,RGB,432a5d3f5e82b75c82ee6b504329e27b3b55b34a0907d3faa6800f3bb2bd000e,13580,3,True,False,0,True,True
garbage_v2,/content/waste_datasets/garbage_v2/original/paper/paper_241.jpg,paper,paper,True,512,384,RGB,435ec5f06f2c3b17bdddb0c8df8c8a23e7a6cec9709026a9981beade2bf4c8cc,33365,3,True,False,0,True,True
garbage_v2,/content/waste_datasets/garbage_v2/original/metal/metal_413.jpg,metal,metal,True,512,384,RGB,436a9a4a5d914bc949558e40833bb456353635f1c2a766f5e58adff761e9972c,20714,3,True,False,0,True,True
garbage_v2,/content/waste_datasets/garbage_v2/original/glass/glass_799.jpg,glass,glass,True,512,384,RGB,4380bffed0658c92bce01740ecc84859161d2f32a1edaad8d9df2c428b68fd3b,17430,3,True,False,0,True,True
garbage_v2,/content/waste_datasets/garbage_v2/original/paper/paper_956.jpg,paper,paper,True,512,384,RGB,4393828d8f152f58a4e753b66a60a9207b1e0dc5cc151932625b58c3b76ad578,16442,3,True,False,0,True,True
garbage_v2,/content/waste_datasets/garbage_v2/original/plastic/plastic_1271.jpg,plastic,plastic,True,512,384,RGB,4396b640336b9df28c71d007065045e2d56dd83bb6cd6bbaccb1f43f22df3cfc,16094,3,True,False,0,True,True
garbage_v2,/content/waste_datasets/garbage_v2/original/paper/paper_288.jpg,paper,paper,True,512,384,RGB,43dbb538bc61809e953ab1886bfeeae68a76ab2acfe6d1d01bf76768a0d334e2,42276,3,True,False,0,True,True
garbage_v2,/content/waste_datasets/garbage_v2/original/plastic/plastic_965.jpg,plastic,plastic,True,512,384,RGB,43e494e51a912320499ec75c5b73769668f094dc5982a13ea6dfafa50033ff8e,14979,3,True,False,0,True,True
garbage_v2,/content/waste_datasets/garbage_v2/original/cardboard/cardboard_822.jpg,cardboard,cardboard,True,512,384,RGB,43f7d35bcfd1392405f5e3e3d3a8cda18edeca51644c1a1afe44592a6e60d383,25600,3,True,False,0,True,True
garbage_v2,/content/waste_datasets/garbage_v2/original/plastic/plastic_655.jpg,plastic,plastic,True,512,384,RGB,443a178c7fe0793564fd8213aea0dc218c863f50fa6dd43f88e47b837f807e9a,8906,3,True,False,0,True,True
garbage_v2,/content/waste_datasets/garbage_v2/original/metal/metal_692.jpg,metal,metal,True,512,384,RGB,4440ceed66c69c6acd75164bccfe84c812fbbdcafa8fedf87725690dead684d0,12612,3,True,False,0,True,True
garbage_v2,/content/waste_datasets/garbage_v2/original/cardboard/cardboard_48.jpg,cardboard,cardboard,True,512,384,RGB,44474bf3fefd8dd4d0cbe096a918f7eb5cb8c54efe0d35e0f5ef1cc9fdb84635,19718,3,True,False,0,True,True
garbage_v2,/content/waste_datasets/garbage_v2/original/glass/glass_87.jpg,glass,glass,True,512,384,RGB,4464510c31bd81e7cf43cfa7e5ac1ba0ac03a462c44bd39925b36b723f3af415,14239,3,True,False,0,True,True
garbage_v2,/content/waste_datasets/garbage_v2/original/cardboard/cardboard_466.jpg,cardboard,cardboard,True,512,384,RGB,446a1f224747b2056f5fe0bf50903519608e559fd1ce7ecad8aaf3ad7077bd97,14405,3,True,False,0,True,True
garbage_v2,/content/waste_datasets/garbage_v2/original/metal/metal_835.jpg,metal,metal,True,512,384,RGB,446c9fe739a30a3c50308702b678c30e9a9ba110650dea6da94c1cab53d7c2b6,17475,3,True,False,0,True,True
garbage_v2,/content/waste_datasets/garbage_v2/original/paper/paper_1027.jpg,paper,paper,True,512,384,RGB,446d91c53349d060d565485ee9be553f3f0a694b5b2f56f40bd03ca4be8e4abf,14797,3,True,False,0,True,True
garbage_v2,/content/waste_datasets/garbage_v2/original/plastic/plastic_525.jpg,plastic,plastic,True,512,384,RGB,447ead7e3de2c149161648bc34fcfbd4e9fe5d98efa686d617685631969b5159,8799,3,True,False,0,True,True
garbage_v2,/content/waste_datasets/garbage_v2/original/cardboard/cardboard_1016.jpg,cardboard,cardboard,True,512,384,RGB,448e75e25fc89c0af92631d09fe6a6b3c86d121478ba1b9fd8f57a6ccb2a98e1,16303,3,True,False,0,True,True
garbage_v2,/content/waste_datasets/garbage_v2/original/metal/metal_241.jpg,metal,metal,True,512,384,RGB,44a528cec4142730c7e559a34c9b0552fa59a0d08a54bd9cdd1634bc9ca7c837,12699,3,True,False,0,True,True
garbage_v2,/content/waste_datasets/garbage_v2/original/paper/paper_316.jpg,paper,paper,True,512,384,RGB,44c3a8746de764692183aaba206853754323cb98b1c0853bae98f33ce520dc24,13239,3,True,False,0,True,True
garbage_v2,/content/waste_datasets/garbage_v2/original/plastic/plastic_138.jpg,plastic,plastic,True,512,384,RGB,44d8c7b8b344ab3ba030ea0492d186b786fdc4a8c2010aa2e8a0dc98cb4e1ede,16938,3,True,False,0,True,True
garbage_v2,/content/waste_datasets/garbage_v2/original/metal/metal_198.jpg,metal,metal,True,512,384,RGB,44edfada36d51d2098507fb89d79f50e79df3ea8c2b122c18502ae782e0ca4f2,13220,3,True,False,0,True,True
garbage_v2,/content/waste_datasets/garbage_v2/original/metal/metal_875.jpg,metal,metal,True,512,384,RGB,44efcc80b146735d5a7a0ffb6356641cd3ef996019ef43a0e16af87ff6d1354a,14770,3,True,False,0,True,True
garbage_v2,/content/waste_datasets/garbage_v2/original/cardboard/cardboard_1018.jpg,cardboard,cardboard,True,512,384,RGB,450d323adb8f48ed84871a410ba3d17e3ab51b8c3a239654541127f6a10a5e99,13770,3,True,False,0,True,True
garbage_v2,/content/waste_datasets/garbage_v2/original/plastic/plastic_213.jpg,plastic,plastic,True,512,384,RGB,450d4d2935c87906b62afaea9d3cb7fac59bf764c6872b134761419c32240c75,18656,3,True,False,0,True,True
garbage_v2,/content/waste_datasets/garbage_v2/original/glass/glass_1318.jpg,glass,glass,True,512,384,RGB,456d3c327cc80e01f1c1bf8547be1cb4bbc1a987178b5aad384795f013e9c497,24086,3,True,False,0,True,True
garbage_v2,/content/waste_datasets/garbage_v2/original/plastic/plastic_864.jpg,plastic,plastic,True,512,384,RGB,45728f9cf17d582f05318c2b21ffaee274242199fd26a96f5a53aba032a37bbd,26740,3,True,False,0,True,True
garbage_v2,/content/waste_datasets/garbage_v2/original/paper/paper_761.jpg,paper,paper,True,512,384,RGB,4574ebaaf26c9ed0c898f1fe81e11ff874832c5d880b33645d175be23f580fed,10929,3,True,False,0,True,True
garbage_v2,/content/waste_datasets/garbage_v2/original/paper/paper_1183.jpg,paper,paper,True,512,384,RGB,45896b90501bf5c7a229f61470f20be296f3f682e01acda906db6a00d2e37d30,19987,3,True,False,0,True,True
garbage_v2,/content/waste_datasets/garbage_v2/original/cardboard/cardboard_192.jpg,cardboard,cardboard,True,512,384,RGB,458ac3217efd4424d16c41de6cbc367124594a43c8c8d988f733b007c31a4455,19719,3,True,False,0,True,True
garbage_v2,/content/waste_datasets/garbage_v2/original/glass/glass_493.jpg,glass,glass,True,512,384,RGB,45a15d21f4556db785bfcc84229f87011fc1dd602dfc3b98c1a190d7bc8c4624,12684,3,True,False,0,True,True
garbage_v2,/content/waste_datasets/garbage_v2/original/glass/glass_1590.jpg,glass,glass,True,512,384,RGB,45a69094577ef5145e52bf1885b5c52f90db42455c6382e663d99b11a0e9b21c,15950,3,True,False,0,True,True
garbage_v2,/content/waste_datasets/garbage_v2/original/metal/metal_449.jpg,metal,metal,True,512,384,RGB,45ac1160c83f9b3e15d55a4e440f2259a63b1bfbb6e85e0f94a9d8ff163a015b,10579,3,True,False,0,True,True
garbage_v2,/content/waste_datasets/garbage_v2/original/plastic/plastic_204.jpg,plastic,plastic,True,512,384,RGB,45b4e36df6c6750a9d602c296afec5c54d044d0b045352030e2c72a2198890ca,17892,3,True,False,0,True,True
garbage_v2,/content/waste_datasets/garbage_v2/original/plastic/plastic_1324.jpg,plastic,plastic,True,512,384,RGB,45ccd79331785e8cc08dc6f31a02f471c4bbf44300d562a553e8fb21b18c3857,8317,3,True,False,0,True,True
garbage_v2,/content/waste_datasets/garbage_v2/original/paper/paper_1076.jpg,paper,paper,True,512,384,RGB,45d7ecea2e79f7f7b57157775087ce63c4246815ea6e5b0b9f1678ae5191cc46,9872,3,True,False,0,True,True
garbage_v2,/content/waste_datasets/garbage_v2/original/paper/paper_209.jpg,paper,paper,True,512,384,RGB,45f205eb9498434c6a82f8deb9a4ec3a8650783062f4370e5936d021e6987b89,13177,3,True,False,0,True,True
garbage_v2,/content/waste_datasets/garbage_v2/original/trash/trash_56.jpg,trash,trash,True,512,384,RGB,4606fb885763e30440aa6b9f6d6607750c6bc1a147c855c8135915cbd21f9544,11013,2,True,False,0,True,True
garbage_v2,/content/waste_datasets/garbage_v2/original/plastic/plastic_62.jpg,plastic,plastic,True,512,384,RGB,4647225f2142d3d40c46ab71c47b062b2db1037d8a2c6041a4a4bc1f9ed29e97,14268,3,True,False,0,True,True
garbage_v2,/content/waste_datasets/garbage_v2/original/plastic/plastic_15.jpg,plastic,plastic,True,512,384,RGB,46589779c40299c82795d1ed0eb6d9f045e969eac0470a0e448e950a32db54da,11610,3,True,False,0,True,True
garbage_v2,/content/waste_datasets/garbage_v2/original/glass/glass_632.jpg,glass,glass,True,512,384,RGB,465ce672c482ee53530f99ce33b0bf787f13576bf6e3a6eb8147b2b15ee4d0ce,7190,3,True,False,0,True,True
garbage_v2,/content/waste_datasets/garbage_v2/original/metal/metal_259.jpg,metal,metal,True,512,384,RGB,4666c6f95e953bcfa6db4f274732a1864ff40b93fb19ddf76ec0f2e8c588ae62,19455,3,True,False,0,True,True
garbage_v2,/content/waste_datasets/garbage_v2/original/plastic/plastic_1032.jpg,plastic,plastic,True,512,384,RGB,4674e3d6eee6f7ed7b4e67e6b00d0ad920daca0b38b3b1031c36e5a17067da94,13219,3,True,False,0,True,True
garbage_v2,/content/waste_datasets/garbage_v2/original/plastic/plastic_1212.jpg,plastic,plastic,True,512,384,RGB,46790a275ac54d841ca2f6a981f192a2c212473a9408f9b2fd5c42e021019c4b,9917,3,True,False,0,True,True
garbage_v2,/content/waste_datasets/garbage_v2/original/metal/metal_159.jpg,metal,metal,True,512,384,RGB,46ae76df42f34a292d93347d29f41c1f88cc0737e1e4e4a3f9759c3b1e270654,11467,3,True,False,0,True,True
garbage_v2,/content/waste_datasets/garbage_v2/original/paper/paper_926.jpg,paper,paper,True,512,384,RGB,46b051fc891308459fb97b93876386743eb143cde82fe90ae679e3dda550ff44,11161,3,True,False,0,True,True
garbage_v2,/content/waste_datasets/garbage_v2/original/cardboard/cardboard_759.jpg,cardboard,cardboard,True,512,384,RGB,46e27e260d1ce2341235f162b7b7681dae08f8d8d494a9b50365b6a64ccfa7a0,19922,3,True,False,0,True,True
garbage_v2,/content/waste_datasets/garbage_v2/original/plastic/plastic_967.jpg,plastic,plastic,True,512,384,RGB,4737f744e32e648dc1711e84cb56d9f453afe9d9ee271f82fdfeaf4b752d48d7,10557,3,True,False,0,True,True
garbage_v2,/content/waste_datasets/garbage_v2/original/metal/metal_122.jpg,metal,metal,True,512,384,RGB,475900e7a90168e37fbaed9e9dde92cfde87db6e4578957f5d12e7ffd27c17dd,9019,3,True,False,0,True,True
garbage_v2,/content/waste_datasets/garbage_v2/original/plastic/plastic_1004.jpg,plastic,plastic,True,512,384,RGB,475d2f7b09bac0c800b26af40dcfc9de1e7c85aec2c84d5390f3cbdee85bd7fe,12487,3,True,False,0,True,True
garbage_v2,/content/waste_datasets/garbage_v2/original/plastic/plastic_553.jpg,plastic,plastic,True,512,384,RGB,4763161eb2f6db915cd378a3c8b1e407d240030d4b1f924007853bdccf3352a1,12506,3,True,False,0,True,True
garbage_v2,/content/waste_datasets/garbage_v2/original/glass/glass_299.jpg,glass,glass,True,512,384,RGB,47e42f629e148b54a43f1a78297fd53080d2900763074fa08fca306bf66aeeb2,15378,3,True,False,0,True,True
garbage_v2,/content/waste_datasets/garbage_v2/original/paper/paper_797.jpg,paper,paper,True,512,384,RGB,47f1f7a13f9b323aad2ef7f11c2833d30e46a1ea40d51eedda64a91bd5c94201,8184,3,True,False,0,True,True
garbage_v2,/content/waste_datasets/garbage_v2/original/cardboard/cardboard_31.jpg,cardboard,cardboard,True,512,384,RGB,4803d51b94b42b9e3357e9c1b72f656f622d389743422215b63feb0eaad16d6d,13619,3,True,False,0,True,True
garbage_v2,/content/waste_datasets/garbage_v2/original/paper/paper_141.jpg,paper,paper,True,512,384,RGB,4809a161e34e14dfb8dc5a96f3ba7290fb382d810b31d82e81a8e3e2f64f3587,13863,3,True,False,0,True,True
garbage_v2,/content/waste_datasets/garbage_v2/original/metal/metal_597.jpg,metal,metal,True,512,384,RGB,4879bc2f326d9d8413607d87a11de5341be4280349c24062a76a54b90e5b4973,20775,3,True,False,0,True,True
garbage_v2,/content/waste_datasets/garbage_v2/original/cardboard/cardboard_1304.jpg,cardboard,cardboard,True,512,384,RGB,488b43fd579f12007c389291a746d121e2bc5a5741cebda417b202e42ef8a7d9,20651,3,True,False,0,True,True
garbage_v2,/content/waste_datasets/garbage_v2/original/paper/paper_1239.jpg,paper,paper,True,512,384,RGB,48c32d52ab6f8552d56bc150d10972479efe616a6cd3eeacf4d157a2a6898b42,34872,3,True,False,0,True,True
garbage_v2,/content/waste_datasets/garbage_v2/original/glass/glass_1310.jpg,glass,glass,True,512,384,RGB,48e70823113177375748a7b0c3226614de98dd109ff3d665be2920f5e7264ada,7496,3,True,False,0,True,True
garbage_v2,/content/waste_datasets/garbage_v2/original/plastic/plastic_178.jpg,plastic,plastic,True,512,384,RGB,48f49b87a652760a34af2b71b85a03aa1f4f71b522d6abec5c9f917caeb60c22,10755,3,True,False,0,True,True
garbage_v2,/content/waste_datasets/garbage_v2/original/glass/glass_1207.jpg,glass,glass,True,512,384,RGB,490f8ed0f65caaefe89c5da34064b3e4f53a29fe6a5cd1d062684c96d4e5efcd,8231,2,True,False,0,True,True
garbage_v2,/content/waste_datasets/garbage_v2/original/paper/paper_317.jpg,paper,paper,True,512,384,RGB,491eaf967ece7e09187a49d0cf2bf908c615750720905c8f2dd91171a1203ac0,12032,3,True,False,0,True,True
garbage_v2,/content/waste_datasets/garbage_v2/original/plastic/plastic_119.jpg,plastic,plastic,True,512,384,RGB,49318dd9db948da708c19047298d85870d0e764ca7d98be8e957d308b5781240,14947,3,True,False,0,True,True
garbage_v2,/content/waste_datasets/garbage_v2/original/metal/metal_139.jpg,metal,metal,True,512,384,RGB,4943033cf2fe0a3010b72017e9328bfeecc6e5d263959fb64a365937a57ed272,12037,3,True,False,0,True,True
garbage_v2,/content/waste_datasets/garbage_v2/original/plastic/plastic_488.jpg,plastic,plastic,True,512,384,RGB,498e64723afe4e5e440dddb990f636a44f2b166b699fd882e502cece63e20c85,10081,3,True,False,0,True,True
garbage_v2,/content/waste_datasets/garbage_v2/original/paper/paper_21.jpg,paper,paper,True,512,384,RGB,499c6b549dae2ff71971d0a23c002e2834f7966510ca3195237fbb2b8ed8dd7f,8718,3,True,False,0,True,True
garbage_v2,/content/waste_datasets/garbage_v2/original/paper/paper_138.jpg,paper,paper,True,512,384,RGB,49a03ac7988c3bbc92642471e484991c9b461787945887a58491f920c8a6a958,22887,3,True,False,0,True,True
garbage_v2,/content/waste_datasets/garbage_v2/original/glass/glass_424.jpg,glass,glass,True,512,384,RGB,49b80c75f7eef7b103083f8e1d61055a6aca02c33100c13ca19c752d9cd81c73,12022,3,True,False,0,True,True
garbage_v2,/content/waste_datasets/garbage_v2/original/cardboard/cardboard_1114.jpg,cardboard,cardboard,True,512,384,RGB,49ecbabb2b1f30af7050c50d541873de3836c8f8a16e2e6c4b9e01a28ca81b8b,16666,3,True,False,0,True,True
garbage_v2,/content/waste_datasets/garbage_v2/original/plastic/plastic_1218.jpg,plastic,plastic,True,512,384,RGB,49f9e8353c3d0018012c84d9611c662d906e7f452f5a97b8b754b750a88b9b8b,15719,3,True,False,0,True,True
garbage_v2,/content/waste_datasets/garbage_v2/original/trash/trash_186.jpg,trash,trash,True,512,384,RGB,4a0c4f7699e9873658694c3315064a829a6e36faa32dbb221ecd4c8bca9e1468,17925,2,True,False,0,True,True
garbage_v2,/content/waste_datasets/garbage_v2/original/cardboard/cardboard_156.jpg,cardboard,cardboard,True,512,384,RGB,4a102c2780d348520cb806607ba6b91199f7426fdcc909e358a22cae14c4ea3a,25229,3,True,False,0,True,True
garbage_v2,/content/waste_datasets/garbage_v2/original/cardboard/cardboard_288.jpg,cardboard,cardboard,True,512,384,RGB,4a2125f33133fc44e1b6a596c7a3c98fbac109b5c12bb8d6b69f92e04d2a31da,20142,3,True,False,0,True,True
garbage_v2,/content/waste_datasets/garbage_v2/original/paper/paper_223.jpg,paper,paper,True,512,384,RGB,4a270d6f2722cf14405c49a1747ed23e81c9104119836c49de66c62b65773504,17315,3,True,False,0,True,True
garbage_v2,/content/waste_datasets/garbage_v2/original/glass/glass_190.jpg,glass,glass,True,512,384,RGB,4a2ff79b97102f8d295b0455b2c5587909f2e64ab9df7a47dd8ae9b9c41a4980,15603,3,True,False,0,True,True
garbage_v2,/content/waste_datasets/garbage_v2/original/plastic/plastic_1595.jpg,plastic,plastic,True,512,384,RGB,4a3ee8bb2e7a98d662172e9039daf4e4c7b231746aa619e7c150ad40dd24fe97,18773,3,True,False,0,True,True
garbage_v2,/content/waste_datasets/garbage_v2/original/glass/glass_471.jpg,glass,glass,True,512,384,RGB,4a4a4e2d5bab88aa1c75b92687f37caf32adff970946e999400ad398eb66693e,16107,3,True,False,0,True,True
garbage_v2,/content/waste_datasets/garbage_v2/original/plastic/plastic_1253.jpg,plastic,plastic,True,512,384,RGB,4a52c4965541deef9a3c77cc7f21ba33917eea02e9c6b153f40960e17417e81f,20541,3,True,False,0,True,True
garbage_v2,/content/waste_datasets/garbage_v2/original/cardboard/cardboard_795.jpg,cardboard,cardboard,True,512,384,RGB,4a6146e74921414e224d8b49ee1341b8847eb68d2eeb563a8265361497b6c838,30805,3,True,False,0,True,True
garbage_v2,/content/waste_datasets/garbage_v2/original/cardboard/cardboard_1266.jpg,cardboard,cardboard,True,512,384,RGB,4aadc37b0c115185220dd1d207fa5bc3633c93cb09c5fd193b19b3f10e0be0a9,13968,3,True,False,0,True,True
garbage_v2,/content/waste_datasets/garbage_v2/original/glass/glass_83.jpg,glass,glass,True,512,384,RGB,4ab77e1502e76a8cadff8519b63614610314de00d6046eaf22e850dd33dce2f5,12254,3,True,False,0,True,True
garbage_v2,/content/waste_datasets/garbage_v2/original/paper/paper_966.jpg,paper,paper,True,512,384,RGB,4ace1c20aae76c7c5dc3fe1e9db206fe8abc5565d9f67be21d02c96dd941ae8a,43709,3,True,False,0,True,True
garbage_v2,/content/waste_datasets/garbage_v2/original/glass/glass_802.jpg,glass,glass,True,512,384,RGB,4b1396d54ca62643c1a7a5ccf3bae8ba0e880551c13e3f61d391ba608bcfcee0,9648,2,True,False,0,True,True
garbage_v2,/content/waste_datasets/garbage_v2/original/plastic/plastic_197.jpg,plastic,plastic,True,512,384,RGB,4b3baf362454ca82fa25407200355a6646ee8d2fd89bad5f146a35fe1ce61ebd,14465,3,True,False,0,True,True
garbage_v2,/content/waste_datasets/garbage_v2/original/paper/paper_344.jpg,paper,paper,True,512,384,RGB,4b701580363466fd85ca3d58f7261945652acb8548307c401e489e6d7a186639,9454,3,True,False,0,True,True
garbage_v2,/content/waste_datasets/garbage_v2/original/glass/glass_1592.jpg,glass,glass,True,512,384,RGB,4b91ae276e0d7d43d842608a18788fa3f7acde3ed171521275707d7616d825eb,10935,3,True,False,0,True,True
garbage_v2,/content/waste_datasets/garbage_v2/original/paper/paper_177.jpg,paper,paper,True,512,384,RGB,4c107a2d40d21bf4a3140045eb11b20ced98a7bdb49ce9cd0e0881988686ea17,19848,3,True,False,0,True,True
garbage_v2,/content/waste_datasets/garbage_v2/original/cardboard/cardboard_221.jpg,cardboard,cardboard,True,512,384,RGB,4c3e9ba3a79aedda1f6346fb8f7ff400e9fbc2c35af71d081bc0d7a86ac55c54,24313,3,True,False,0,True,True
garbage_v2,/content/waste_datasets/garbage_v2/original/plastic/plastic_907.jpg,plastic,plastic,True,512,384,RGB,4c4b7514cd5e25ed6d878c1f657f520ff6b1d0337ad417ed1ea6b4e98a48bc75,14558,3,True,False,0,True,True
garbage_v2,/content/waste_datasets/garbage_v2/original/cardboard/cardboard_348.jpg,cardboard,cardboard,True,512,384,RGB,4c77715d60b246e29ec1d99d42c8fc18cdd377cf2826136125eb4aa82eab32cb,25709,3,True,False,0,True,True
garbage_v2,/content/waste_datasets/garbage_v2/original/trash/trash_49.jpg,trash,trash,True,512,384,RGB,4c7cf78bc2da8f9c5a221c12dc17f5cec46075710ab28c8e9a6897660eb0a657,14909,2,True,False,0,True,True
garbage_v2,/content/waste_datasets/garbage_v2/original/glass/glass_162.jpg,glass,glass,True,512,384,RGB,4c7cff0c0f5dacff26bf871c6d5b96f29b26d536a637bf5fc4da7fcea87212c5,21525,3,True,False,0,True,True
garbage_v2,/content/waste_datasets/garbage_v2/original/cardboard/cardboard_1023.jpg,cardboard,cardboard,True,512,384,RGB,4cb2df483ca108f9625290f9f10b6aa5eefbf3bc9fb11e9f75804c14d2fe17be,11308,3,True,False,0,True,True
garbage_v2,/content/waste_datasets/garbage_v2/original/cardboard/cardboard_216.jpg,cardboard,cardboard,True,512,384,RGB,4d01e5d817c5f6b4e97cadb176366b66295e632cf2226f7971f2e557424cc77d,16037,3,True,False,0,True,True
garbage_v2,/content/waste_datasets/garbage_v2/original/cardboard/cardboard_1107.jpg,cardboard,cardboard,True,512,384,RGB,4d31e3fbbcae76e4735880af8e8dc3f52d70835d7437b0c698a50dbdf5d590dc,24959,3,True,False,0,True,True
garbage_v2,/content/waste_datasets/garbage_v2/original/plastic/plastic_644.jpg,plastic,plastic,True,512,384,RGB,4d5b1e98e440dbe08718f2ace68ea989d9a8214c96948047dacb6ea17d55e200,17281,3,True,False,0,True,True
garbage_v2,/content/waste_datasets/garbage_v2/original/cardboard/cardboard_1191.jpg,cardboard,cardboard,True,512,384,RGB,4d89fcb735ea15edca28d80bd5a288c97a2f169eed7ee8d3dfde62d7b22890bc,7724,3,True,False,0,True,True
garbage_v2,/content/waste_datasets/garbage_v2/original/glass/glass_1555.jpg,glass,glass,True,512,384,RGB,4dc22ad211981dcd187eeaa8592aa7426ae31aaef0852c1e79d6033557ce410c,17129,3,True,False,0,True,True
garbage_v2,/content/waste_datasets/garbage_v2/original/plastic/plastic_1165.jpg,plastic,plastic,True,512,384,RGB,4dd995989aa9414b21b21cdb5effa88bd361d3a549d93e8fd460a4ff652897f0,8406,3,True,False,0,True,True
garbage_v2,/content/waste_datasets/garbage_v2/original/cardboard/cardboard_572.jpg,cardboard,cardboard,True,512,384,RGB,4dead5453ee522cd3bf8dcdb0d1808cddb659dfdd00ec9014b5055f0fec088f0,17021,3,True,False,0,True,True
garbage_v2,/content/waste_datasets/garbage_v2/original/paper/paper_320.jpg,paper,paper,True,512,384,RGB,4e0641741fd4821074bc75a6d608bdc138712795eb80b585a359f61e8afaf5e8,18366,3,True,False,0,True,True
garbage_v2,/content/waste_datasets/garbage_v2/original/paper/paper_1291.jpg,paper,paper,True,512,384,RGB,4e2290bd00767aa7b69fabb6f3f17806414dfa0ade8d9238315f8ad07ef95231,15830,3,True,False,0,True,True
garbage_v2,/content/waste_datasets/garbage_v2/original/cardboard/cardboard_996.jpg,cardboard,cardboard,True,512,384,RGB,4e53d96fadcef283a1b30bbc0b76ddb811b90a844bbb7dfd8eb30ff92470c982,13562,3,True,False,0,True,True
garbage_v2,/content/waste_datasets/garbage_v2/original/glass/glass_1498.jpg,glass,glass,True,512,384,RGB,4e6863464c1fa0976c3177e9cb6117e481ff252f6b7294faed6bd2d4aeb7d868,9426,3,True,False,0,True,True
garbage_v2,/content/waste_datasets/garbage_v2/original/glass/glass_837.jpg,glass,glass,True,512,384,RGB,4ee8242fa921853950ab0e99ab804558f5992ba69637a95ccada10d449eab1c5,13237,3,True,False,0,True,True
garbage_v2,/content/waste_datasets/garbage_v2/original/paper/paper_962.jpg,paper,paper,True,512,384,RGB,4f512939aa5ccda50ab7bdf636c01bf13e54dd33816adf911419e5378691220e,9445,3,True,False,0,True,True
garbage_v2,/content/waste_datasets/garbage_v2/original/trash/trash_244.jpg,trash,trash,True,512,384,RGB,4f6be7d1e5ae1fc6a479e1d6e60cc7dbb9643662e0c48dabd2d882cc1df8c1e9,12983,2,True,False,0,True,True
garbage_v2,/content/waste_datasets/garbage_v2/original/cardboard/cardboard_790.jpg,cardboard,cardboard,True,512,384,RGB,4f7cf4831d43996b4aa3483c887e5cfec080c650f45618ab21f93fecd034bfc3,24414,3,True,False,0,True,True
garbage_v2,/content/waste_datasets/garbage_v2/original/paper/paper_264.jpg,paper,paper,True,512,384,RGB,4f7d072af99cb3068698b493ca467d309b47ba06052532c40a0504b439d27f18,11294,3,True,False,0,True,True
garbage_v2,/content/waste_datasets/garbage_v2/original/plastic/plastic_852.jpg,plastic,plastic,True,512,384,RGB,4f8d3355d35f5db081ef90641b4d31fbb283c4dd5003e764ac71eb977fddf502,11417,3,True,False,0,True,True
garbage_v2,/content/waste_datasets/garbage_v2/original/cardboard/cardboard_209.jpg,cardboard,cardboard,True,512,384,RGB,4f9771df1dd0aec9a905098a05d2a8f426adc266d532b2ed2d76800c01b95bf3,28763,3,True,False,0,True,True
garbage_v2,/content/waste_datasets/garbage_v2/original/metal/metal_32.jpg,metal,metal,True,512,384,RGB,4fb4ddcac98f16d8bab2241a2e726b4dc1fc777e065b66913db2d4283b5554a2,18531,3,True,False,0,True,True
garbage_v2,/content/waste_datasets/garbage_v2/original/metal/metal_249.jpg,metal,metal,True,512,384,RGB,4fb781fce54a6d4f689f6eba2cf41e42285e4963c76d25292bab5f3b066a3d01,16696,3,True,False,0,True,True
garbage_v2,/content/waste_datasets/garbage_v2/original/glass/glass_315.jpg,glass,glass,True,512,384,RGB,500da6c7e0fec298597b752df531ff295820f0d1faef156800eb1f259aa08aab,23210,3,True,False,0,True,True
garbage_v2,/content/waste_datasets/garbage_v2/original/plastic/plastic_1100.jpg,plastic,plastic,True,512,384,RGB,5024ba701a30817bb3f296f857b4b0fa31ef0ed76637553c03b3c0c5ba242516,12722,3,True,False,0,True,True
garbage_v2,/content/waste_datasets/garbage_v2/original/paper/paper_775.jpg,paper,paper,True,512,384,RGB,5075d4fbacc8db3e73922ba94c7f63e6a6cda109bfd3eb2041980891c84f0f3a,45371,3,True,False,0,True,True
garbage_v2,/content/waste_datasets/garbage_v2/original/metal/metal_511.jpg,metal,metal,True,512,384,RGB,507f6377728af8978cb6c8c4460df84865b916032e5230f70b31f6b0cf817be2,13609,3,True,False,0,True,True
garbage_v2,/content/waste_datasets/garbage_v2/original/cardboard/cardboard_283.jpg,cardboard,cardboard,True,512,384,RGB,5090e856d0fe490c802ce604fd5d186a4ead5e5b9b4b325ac728850189ac8b36,20678,3,True,False,0,True,True
garbage_v2,/content/waste_datasets/garbage_v2/original/plastic/plastic_1578.jpg,plastic,plastic,True,512,384,RGB,50d02a73cce4116b4c1853a25ac9b1dc913d41c37e219ead22b58d25e32b7157,13226,3,True,False,0,True,True
garbage_v2,/content/waste_datasets/garbage_v2/original/metal/metal_773.jpg,metal,metal,True,512,384,RGB,512eefb82a388bac085344dad9aecbb6c63356d820e8e003cdd06323c22b8277,26142,3,True,False,0,True,True
garbage_v2,/content/waste_datasets/garbage_v2/original/paper/paper_135.jpg,paper,paper,True,512,384,RGB,513a357ed2d5431b1ab04809a48346f1bb86bc144fa22dcb3458e429abeb5e8b,13529,3,True,False,0,True,True
garbage_v2,/content/waste_datasets/garbage_v2/original/glass/glass_709.jpg,glass,glass,True,512,384,RGB,514854d3e2a0b7e64d57c036c9794d188f6fd22da6bd67715daf90cc6f7dbecb,17865,3,True,False,0,True,True
garbage_v2,/content/waste_datasets/garbage_v2/original/paper/paper_355.jpg,paper,paper,True,512,384,RGB,5157000af5c64bb66548a4d63bfc8c14ff05f28550822676c0c4eb729dbf338e,12519,3,True,False,0,True,True
garbage_v2,/content/waste_datasets/garbage_v2/original/cardboard/cardboard_691.jpg,cardboard,cardboard,True,512,384,RGB,5180641ce08953111aebef2cd06547461b0867530e70d509cf66b2ea8860c267,24466,3,True,False,0,True,True
garbage_v2,/content/waste_datasets/garbage_v2/original/plastic/plastic_1475.jpg,plastic,plastic,True,512,384,RGB,51b55be03f382e445f0c8f3ea06136b3dcd569d08d46439aa4948f81907505bf,21677,3,True,False,0,True,True
garbage_v2,/content/waste_datasets/garbage_v2/original/metal/metal_204.jpg,metal,metal,True,512,384,RGB,51c7cff9d8ea7e43822160aa242c591326b78e022a510d95dfda670d60452e53,20542,3,True,False,0,True,True
garbage_v2,/content/waste_datasets/garbage_v2/original/cardboard/cardboard_330.jpg,cardboard,cardboard,True,512,384,RGB,52277ada9f5a8ad268273bd6a3bc2ed42a08a950ca3b96fff04fb31cce42bf78,21798,3,True,False,0,True,True
garbage_v2,/content/waste_datasets/garbage_v2/original/glass/glass_557.jpg,glass,glass,True,512,384,RGB,522c8be0b80105819ed646fa667f3d4dd35652d85aec16865237ff6487206b36,13443,3,True,False,0,True,True
garbage_v2,/content/waste_datasets/garbage_v2/original/cardboard/cardboard_760.jpg,cardboard,cardboard,True,512,384,RGB,5239b67ff27fe06ed865e6cb7d43e99116e2b330e41980a67da26170312b72a1,26157,3,True,False,0,True,True
garbage_v2,/content/waste_datasets/garbage_v2/original/paper/paper_47.jpg,paper,paper,True,512,384,RGB,524d7a3ce85cf7439bcd1340cd6d94ba77e1c3b17bd2477f2feb529fb190c3e3,35658,3,True,False,0,True,True
garbage_v2,/content/waste_datasets/garbage_v2/original/plastic/plastic_1355.jpg,plastic,plastic,True,512,384,RGB,526cd74ce053bee9cb9735f8484efb3c39c45892e9a0dad736deed3f755f093f,8937,3,True,False,0,True,True
garbage_v2,/content/waste_datasets/garbage_v2/original/metal/metal_125.jpg,metal,metal,True,512,384,RGB,52874a6abb0da1d262afa2e9f676d76d6c27e313659500588211e5744a7d5424,11642,3,True,False,0,True,True
garbage_v2,/content/waste_datasets/garbage_v2/original/plastic/plastic_59.jpg,plastic,plastic,True,512,384,RGB,529699e12215ceff38270314eb2de1c8f1c52fb7513cae7c5576f70da13a5f50,17069,3,True,False,0,True,True
garbage_v2,/content/waste_datasets/garbage_v2/original/cardboard/cardboard_1094.jpg,cardboard,cardboard,True,512,384,RGB,52b6c183732b04bd232645f5e8685c19280dbc2f0ce9725b156b472924183cb5,14415,3,True,False,0,True,True
garbage_v2,/content/waste_datasets/garbage_v2/original/metal/metal_852.jpg,metal,metal,True,512,384,RGB,52d1479756eae984dc1f0734e54487ac24df871d9b1d53d95bf0fe78039f1ece,17301,3,True,False,0,True,True
garbage_v2,/content/waste_datasets/garbage_v2/original/metal/metal_811.jpg,metal,metal,True,512,384,RGB,52f1e32a3a0a72775a78a18bbd15c2f973df594d4845471678405563b18657e5,11160,3,True,False,0,True,True
garbage_v2,/content/waste_datasets/garbage_v2/original/metal/metal_123.jpg,metal,metal,True,512,384,RGB,52fc1a445c807b9a863aa1165def8384f570cd835b2a4ea77dbeaa0e909da23e,25057,3,True,False,0,True,True
garbage_v2,/content/waste_datasets/garbage_v2/original/cardboard/cardboard_783.jpg,cardboard,cardboard,True,512,384,RGB,5302461a04d678d5e8637ba2afedb6adbcc4297c8fc008b9c3fbca17fafeaaac,17582,3,True,False,0,True,True
garbage_v2,/content/waste_datasets/garbage_v2/original/paper/paper_619.jpg,paper,paper,True,512,384,RGB,53556859388321d238be04d22ee85639060a8426aac9e5bca2721aedf5bf722a,35068,3,True,False,0,True,True
garbage_v2,/content/waste_datasets/garbage_v2/original/glass/glass_1570.jpg,glass,glass,True,512,384,RGB,53c48d14dc7b8ddd3f0926eafa1966ce7bcc5a73afce2d9e85fe91325b6f72e6,7126,3,True,False,0,True,True
garbage_v2,/content/waste_datasets/garbage_v2/original/paper/paper_6.jpg,paper,paper,True,512,384,RGB,53f3381ab8b4b0cea5cebfb9ef6766c5485bfd23c9f806bf70548ead38103d4d,21744,3,True,False,0,True,True
garbage_v2,/content/waste_datasets/garbage_v2/original/plastic/plastic_327.jpg,plastic,plastic,True,512,384,RGB,54408331bae646ccabeb2e77330bc9430d6c6ea7440f294ab7aeed0c458b4add,10323,3,True,False,0,True,True
garbage_v2,/content/waste_datasets/garbage_v2/original/paper/paper_98.jpg,paper,paper,True,512,384,RGB,54528f7358c406bed4206f29b141f70a91ff74c1f21744d970ecf3dda1cf1dee,41174,3,True,False,0,True,True
garbage_v2,/content/waste_datasets/garbage_v2/original/cardboard/cardboard_1164.jpg,cardboard,cardboard,True,512,384,RGB,546a15ddf1837d41e0d1662b3b6831c3a1854832af0551de3680867c11ed339c,28564,3,True,False,0,True,True
garbage_v2,/content/waste_datasets/garbage_v2/original/paper/paper_934.jpg,paper,paper,True,512,384,RGB,54783d495508ba31e4fcee64a4f08802402fb9af78a57cc2727985964d7ec338,16122,3,True,False,0,True,True
garbage_v2,/content/waste_datasets/garbage_v2/original/paper/paper_1237.jpg,paper,paper,True,512,384,RGB,547d4fee70b9de851a05cacd0fee5f1a0da83ebaf123ccd3a43365ee6bacdb3c,43213,3,True,False,0,True,True
garbage_v2,/content/waste_datasets/garbage_v2/original/metal/metal_689.jpg,metal,metal,True,512,384,RGB,54f513bb65bddd2af0ac28a29960d41b26c72064190f9462704ebc0b4397616f,27855,3,True,False,0,True,True
garbage_v2,/content/waste_datasets/garbage_v2/original/paper/paper_974.jpg,paper,paper,True,512,384,RGB,5500deb7995281dc729c6870043d35aa7dc6f79a82febe22608ae9abeb5e3b16,27178,3,True,False,0,True,True
garbage_v2,/content/waste_datasets/garbage_v2/original/plastic/plastic_1058.jpg,plastic,plastic,True,512,384,RGB,55210883fc994028c402fe62582610b48f99f8a1ef4929677eb2e9ef46db8cbf,10088,3,True,False,0,True,True
garbage_v2,/content/waste_datasets/garbage_v2/original/glass/glass_30.jpg,glass,glass,True,512,384,RGB,552dbcbacc1c63cc69540259f4aa446454124bba167927a3e8d2151d2cc590eb,11652,3,True,False,0,True,True
garbage_v2,/content/waste_datasets/garbage_v2/original/metal/metal_342.jpg,metal,metal,True,512,384,RGB,5540f798bad9aab9d38537434226414807d155ecf14ee6c05153e94b9392aa8a,23050,3,True,False,0,True,True
garbage_v2,/content/waste_datasets/garbage_v2/original/cardboard/cardboard_1068.jpg,cardboard,cardboard,True,512,384,RGB,5544ba127a8f5938080130cc3dec06b9bab5e881f8465fc1c2eee8b7ed14c749,9792,3,True,False,0,True,True
garbage_v2,/content/waste_datasets/garbage_v2/original/plastic/plastic_1388.jpg,plastic,plastic,True,512,384,RGB,554e898f89e123b1f1801e9863d60cc789277dc2b5b62112f6c7cf9a7b603bdf,17163,3,True,False,0,True,True
garbage_v2,/content/waste_datasets/garbage_v2/original/paper/paper_30.jpg,paper,paper,True,512,384,RGB,556fcb9ed2cc20b6816d292e1deabdb67c1069a42d64eff14569d034b24bba3d,29775,3,True,False,0,True,True
garbage_v2,/content/waste_datasets/garbage_v2/original/metal/metal_420.jpg,metal,metal,True,512,384,RGB,55e83d54ac204ab3e22135e00968e44a091ca382dc5a0bf9b39efe9b80b25ca2,19120,3,True,False,0,True,True
garbage_v2,/content/waste_datasets/garbage_v2/original/paper/paper_19.jpg,paper,paper,True,512,384,RGB,561669d95f05f86d8fdf6193957889bb3a3fb5b19f2adb87c14ee4110c7550dd,9410,3,True,False,0,True,True
garbage_v2,/content/waste_datasets/garbage_v2/original/plastic/plastic_1145.jpg,plastic,plastic,True,512,384,RGB,5619c5112ef5558ae84005997b8aedef11dc851a91276a474ea9c28dcc57acb9,20818,3,True,False,0,True,True
garbage_v2,/content/waste_datasets/garbage_v2/original/glass/glass_1313.jpg,glass,glass,True,512,384,RGB,56547e1418465473898c49ad3eb5a5228901bebbea4bd9db02b7129bea65d3b2,13309,3,True,False,0,True,True
garbage_v2,/content/waste_datasets/garbage_v2/original/plastic/plastic_620.jpg,plastic,plastic,True,512,384,RGB,566cd36e559ec9463bc6baf55745354735df28e16b31bf95fe57ece0f0110977,10177,3,True,False,0,True,True
garbage_v2,/content/waste_datasets/garbage_v2/original/glass/glass_1349.jpg,glass,glass,True,512,384,RGB,569b966e1bcbfe5a07566b18a1456ff5eff849110327650f0f8f5e68f37fd182,13524,3,True,False,0,True,True
garbage_v2,/content/waste_datasets/garbage_v2/original/paper/paper_314.jpg,paper,paper,True,512,384,RGB,56b0fcd0b4e95542eea46247694fd7ea32d4ad863dc0cc4d4c4e588ffe49db59,16747,3,True,False,0,True,True
garbage_v2,/content/waste_datasets/garbage_v2/original/metal/metal_419.jpg,metal,metal,True,512,384,RGB,56b95b40642191f8cfa9e0150c4f10600e5363a5da4b113858127584d441e808,11541,3,True,False,0,True,True
garbage_v2,/content/waste_datasets/garbage_v2/original/metal/metal_95.jpg,metal,metal,True,512,384,RGB,56e8e5a58b2e7f33cea00179b2fe2c94352726400d6803709e29ed71913f3c07,25687,3,True,False,0,True,True
garbage_v2,/content/waste_datasets/garbage_v2/original/paper/paper_439.jpg,paper,paper,True,512,384,RGB,56fc6e2de1258e237efe35e1f7823d3b467eface0bcb176ed44dc8478414ad5a,15444,3,True,False,0,True,True
garbage_v2,/content/waste_datasets/garbage_v2/original/paper/paper_1161.jpg,paper,paper,True,512,384,RGB,57074b8025a164f6a00b5d708abe4fb4309318872cd946ce0fd39ed1b4235caf,31081,3,True,False,0,True,True
garbage_v2,/content/waste_datasets/garbage_v2/original/plastic/plastic_1535.jpg,plastic,plastic,True,512,384,RGB,570ba0c54b086b600a253a9522a636f848051dbad9c7dbc1af7c1e05d5f357c5,10201,3,True,False,0,True,True
garbage_v2,/content/waste_datasets/garbage_v2/original/cardboard/cardboard_850.jpg,cardboard,cardboard,True,512,384,RGB,57377ae353ec92a26bcb378a5b26d68910bec776600ebc486d17fb0a93bdabf9,20511,3,True,False,0,True,True
garbage_v2,/content/waste_datasets/garbage_v2/original/cardboard/cardboard_212.jpg,cardboard,cardboard,True,512,384,RGB,575037d1fc88de2351aad0fd7ea2d210cf153828da7f6f025f44e3b51e678287,13559,3,True,False,0,True,True
garbage_v2,/content/waste_datasets/garbage_v2/original/paper/paper_1205.jpg,paper,paper,True,512,384,RGB,5787607d53f73f8823a54e906c0205f7f871d3267d5689a5d903d9676e8d2a3b,8986,3,True,False,0,True,True
garbage_v2,/content/waste_datasets/garbage_v2/original/paper/paper_1267.jpg,paper,paper,True,512,384,RGB,57b135fe8842984207d2cd9a111c1f5e3747be7b8ca2de76ef3f5428048fbab3,26357,3,True,False,0,True,True
garbage_v2,/content/waste_datasets/garbage_v2/original/plastic/plastic_1543.jpg,plastic,plastic,True,512,384,RGB,57d8f0b982f0f166f76c2c8231aa18a1146049d52863f921ae8a0c323cb96cb9,13870,3,True,False,0,True,True
garbage_v2,/content/waste_datasets/garbage_v2/original/glass/glass_1263.jpg,glass,glass,True,512,384,RGB,57fd26c959d2c1d95ece113ceb242ac54983dadf4bc5c70a97624539952be2d1,9359,3,True,False,0,True,True
garbage_v2,/content/waste_datasets/garbage_v2/original/metal/metal_434.jpg,metal,metal,True,512,384,RGB,58200416ab0635a386c6c5917c8f9e170dec6e9266d04c984a0e7e1f2dd69dea,19366,3,True,False,0,True,True
garbage_v2,/content/waste_datasets/garbage_v2/original/paper/paper_108.jpg,paper,paper,True,512,384,RGB,58cd504fc7f8c4ef04deafb22e29cb507e9a04d7eabb5e3091a3626a1f14600e,12276,3,True,False,0,True,True
garbage_v2,/content/waste_datasets/garbage_v2/original/glass/glass_386.jpg,glass,glass,True,512,384,RGB,58d620f823b1bf5d1bc87bd87216de4d1cd4658e9618e3c35a189230c8201fd3,18776,3,True,False,0,True,True
garbage_v2,/content/waste_datasets/garbage_v2/original/cardboard/cardboard_897.jpg,cardboard,cardboard,True,512,384,RGB,58e9bceb219ae9f7632c08199b4e475b59bb03cf9fbae1b3649e51c98b10e0e2,19677,3,True,False,0,True,True
garbage_v2,/content/waste_datasets/garbage_v2/original/metal/metal_552.jpg,metal,metal,True,512,384,RGB,590eea2bd198bf907b896a848e22cbea309ad0eb6a997bcbbadef218d376e929,19011,3,True,False,0,True,True
garbage_v2,/content/waste_datasets/garbage_v2/original/paper/paper_55.jpg,paper,paper,True,512,384,RGB,59604b5d9853af847aa620101fe9ea5e89818e581e6fd454a04dab67bc39b4d7,9947,3,True,False,0,True,True
garbage_v2,/content/waste_datasets/garbage_v2/original/cardboard/cardboard_618.jpg,cardboard,cardboard,True,512,384,RGB,5995adf9c82ec8e6d03320f8fe0c7fdd2aea46dbf82358c165762773115f01cd,30796,3,True,False,0,True,True
garbage_v2,/content/waste_datasets/garbage_v2/original/cardboard/cardboard_738.jpg,cardboard,cardboard,True,512,384,RGB,599b5806792a91633a29552b7c7d041a38dc2bafc47d9a198a14fbf64ea74cb5,13449,3,True,False,0,True,True
garbage_v2,/content/waste_datasets/garbage_v2/original/paper/paper_1150.jpg,paper,paper,True,512,384,RGB,599fbe6a3100966f04191ef72d57667e931232749390a7ccde24215951989032,9254,3,True,False,0,True,True
garbage_v2,/content/waste_datasets/garbage_v2/original/cardboard/cardboard_1281.jpg,cardboard,cardboard,True,512,384,RGB,59bd90b91ea0e57f74a27fece286fea17e421fccbcb9a1a137e1141ee5b4bb69,20912,3,True,False,0,True,True
garbage_v2,/content/waste_datasets/garbage_v2/original/metal/metal_236.jpg,metal,metal,True,512,384,RGB,59ed484f669bb032b4ff95ff7304f60d0ac9b2b02eaaed7f132b1c450e3bd78b,20434,3,True,False,0,True,True
garbage_v2,/content/waste_datasets/garbage_v2/original/metal/metal_369.jpg,metal,metal,True,512,384,RGB,59f6dde9204d9fd4c5916e95085650160f3371883da5b3f621ebfbe936860288,15128,3,True,False,0,True,True
garbage_v2,/content/waste_datasets/garbage_v2/original/glass/glass_663.jpg,glass,glass,True,512,384,RGB,59fc76a84fde5cf1e04d0ec04d07b1c83a6c9d66c2de4015f9a88a03b4e689f6,11605,3,True,False,0,True,True
garbage_v2,/content/waste_datasets/garbage_v2/original/glass/glass_899.jpg,glass,glass,True,512,384,RGB,5a4394c72619374152d0dfb44c38d22060993bd9781955bc632fac99a464c028,12263,2,True,False,0,True,True
garbage_v2,/content/waste_datasets/garbage_v2/original/paper/paper_261.jpg,paper,paper,True,512,384,RGB,5a4eb22235a4eeed0170455067d4ce246adfac26a87679053bfc58f5f598e414,12620,3,True,False,0,True,True
garbage_v2,/content/waste_datasets/garbage_v2/original/paper/paper_361.jpg,paper,paper,True,512,384,RGB,5a74aefc5d97df2259473445d28214ab4ae8bf3cfcc5c38e1e8031663f16a8d2,32465,3,True,False,0,True,True
garbage_v2,/content/waste_datasets/garbage_v2/original/plastic/plastic_2.jpg,plastic,plastic,True,512,384,RGB,5a81a13c442580a6839e0d350f98d6a6712f6dff47afbc5b436945327ca9ad37,9713,3,True,False,0,True,True
garbage_v2,/content/waste_datasets/garbage_v2/original/cardboard/cardboard_769.jpg,cardboard,cardboard,True,512,384,RGB,5a88bce0103f59145f02b7fc0f50aa6dc3fbf29a1ffcaeeea0ea6661a58e0278,18015,3,True,False,0,True,True
garbage_v2,/content/waste_datasets/garbage_v2/original/cardboard/cardboard_806.jpg,cardboard,cardboard,True,512,384,RGB,5aa74001d4af60fe4970c591f247b628d481cf7c3444b0ffd1d1585b1a6e5dc5,10026,3,True,False,0,True,True
garbage_v2,/content/waste_datasets/garbage_v2/original/glass/glass_1337.jpg,glass,glass,True,512,384,RGB,5accfe0d7ae9b747d9338133ec6f3c9b8770fc0c30658e2e485b2c581c0cb42f,8961,3,True,False,0,True,True
garbage_v2,/content/waste_datasets/garbage_v2/original/glass/glass_1733.jpg,glass,glass,True,512,384,RGB,5af1475fff8a3cf94013be8089c5b3b93aca7c1812c02ca487d82b28596b41ed,8808,3,True,False,0,True,True
garbage_v2,/content/waste_datasets/garbage_v2/original/cardboard/cardboard_1130.jpg,cardboard,cardboard,True,512,384,RGB,5b32ba74f6f497a7160d1a97b163905fe75407c71a909e566ae5c7b4f24f677a,13946,3,True,False,0,True,True
garbage_v2,/content/waste_datasets/garbage_v2/original/paper/paper_413.jpg,paper,paper,True,512,384,RGB,5b3b58c9692113054240a12af277b88b8ad61b2ecc2fc1a948a11ce47eb7eb77,26918,3,True,False,0,True,True
garbage_v2,/content/waste_datasets/garbage_v2/original/paper/paper_1248.jpg,paper,paper,True,512,384,RGB,5b3c87ccdd32300b55d07dc425a25708db82992cb5470a334d4d3c97fd0802c5,45219,3,True,False,0,True,True
garbage_v2,/content/waste_datasets/garbage_v2/original/plastic/plastic_369.jpg,plastic,plastic,True,512,384,RGB,5b801d74ea215a2da8893ad5359dff20ce6397f41c1b00726a357e935bb77d2a,19717,3,True,False,0,True,True
garbage_v2,/content/waste_datasets/garbage_v2/original/paper/paper_186.jpg,paper,paper,True,512,384,RGB,5b87770c7eaa97ead3a7d15e11ce333082f234da99b463f595eec5d84c399527,15021,3,True,False,0,True,True
garbage_v2,/content/waste_datasets/garbage_v2/original/metal/metal_192.jpg,metal,metal,True,512,384,RGB,5bb983664aae5f1f02a852a10d33114a1f97ad19ed78a313276ad732cdad117d,23397,3,True,False,0,True,True
garbage_v2,/content/waste_datasets/garbage_v2/original/metal/metal_911.jpg,metal,metal,True,512,384,RGB,5bc8b3809eaad064ba7594d1e271f7002504d7642ad3a9bc8c73e36fcfd0d424,15580,3,True,False,0,True,True
garbage_v2,/content/waste_datasets/garbage_v2/original/plastic/plastic_250.jpg,plastic,plastic,True,512,384,RGB,5bc9740ac63be97443d0facd37c49bb8909b5104b47ca6c4390745feb264d7f3,17927,3,True,False,0,True,True
garbage_v2,/content/waste_datasets/garbage_v2/original/trash/trash_286.jpg,trash,trash,True,512,384,RGB,5bfe21d663958b01b145a4934d211f721beb68db99b0be6ccf65289fdb6a92f5,16664,2,True,False,0,True,True
garbage_v2,/content/waste_datasets/garbage_v2/original/cardboard/cardboard_1213.jpg,cardboard,cardboard,True,512,384,RGB,5c0111570535a620d024fe6acb97e12e6d82834c44076447ad50bb9e0ea31835,16635,3,True,False,0,True,True
garbage_v2,/content/waste_datasets/garbage_v2/original/cardboard/cardboard_1000.jpg,cardboard,cardboard,True,512,384,RGB,5c07ab0e59bbf265410c979526ab9b388b28a5fd5fe93fa7d713ed96954ba7f4,17270,3,True,False,0,True,True
garbage_v2,/content/waste_datasets/garbage_v2/original/paper/paper_1201.jpg,paper,paper,True,512,384,RGB,5c246fd3fec667ee5c9ca8c7f50b86a78264674752d066d525642afb22bbeb5e,27354,3,True,False,0,True,True
garbage_v2,/content/waste_datasets/garbage_v2/original/paper/paper_739.jpg,paper,paper,True,512,384,RGB,5cc1ac3381cb6c419d9d4f7af9502334712dc6ff5514d4d76aa5a04289167282,33783,3,True,False,0,True,True
garbage_v2,/content/waste_datasets/garbage_v2/original/glass/glass_1682.jpg,glass,glass,True,512,384,RGB,5ce11a41fc65c17c6a91431fdcde57580cffa6041b1041672ccec43ab25bcfad,12686,3,True,False,0,True,True
garbage_v2,/content/waste_datasets/garbage_v2/original/cardboard/cardboard_268.jpg,cardboard,cardboard,True,512,384,RGB,5cfa131c4b8ea1b8308b279b7f88027cb18d63ab24b36127f216008f9354c953,14657,3,True,False,0,True,True
garbage_v2,/content/waste_datasets/garbage_v2/original/cardboard/cardboard_604.jpg,cardboard,cardboard,True,512,384,RGB,5d14a1bea6909c3ab86f976d03263861e93910596a2e9b995836546e516625d4,24945,3,True,False,0,True,True
garbage_v2,/content/waste_datasets/garbage_v2/original/paper/paper_280.jpg,paper,paper,True,512,384,RGB,5d1799d8bd5cbc76ff238c48cb674c86f84a608ca7d6ad1f2346e0ca146e34a4,22187,3,True,False,0,True,True
garbage_v2,/content/waste_datasets/garbage_v2/original/cardboard/cardboard_636.jpg,cardboard,cardboard,True,512,384,RGB,5d2e969d3a067cf79834da828870e513a0e99428c6de513f14586c5d47a297de,25441,3,True,False,0,True,True
garbage_v2,/content/waste_datasets/garbage_v2/original/cardboard/cardboard_764.jpg,cardboard,cardboard,True,512,384,RGB,5d7229ce799f48fa99a4e674129e0c8fde2969641d44bdd931a2254fcec4128f,19556,3,True,False,0,True,True
garbage_v2,/content/waste_datasets/garbage_v2/original/plastic/plastic_291.jpg,plastic,plastic,True,512,384,RGB,5d8785fed5c72e1f73cea76868af04579ca37cf07fcc8a0751af6a765dc59981,22154,3,True,False,0,True,True
garbage_v2,/content/waste_datasets/garbage_v2/original/metal/metal_15.jpg,metal,metal,True,512,384,RGB,5d943ddd4a73344e52aac08690ea1c93cbe1215c70621bbfd9aa13baf71446dc,8377,3,True,False,0,True,True
garbage_v2,/content/waste_datasets/garbage_v2/original/cardboard/cardboard_1242.jpg,cardboard,cardboard,True,512,384,RGB,5d9a890325e8be067316639d0a107166c5fa5025a693271941bfe282cc350598,22215,3,True,False,0,True,True
garbage_v2,/content/waste_datasets/garbage_v2/original/plastic/plastic_905.jpg,plastic,plastic,True,512,384,RGB,5dac04cf4d4fcc77d7469a3985b587f325f785523b31e6c8d504f4d7c7f4ed75,10169,3,True,False,0,True,True
garbage_v2,/content/waste_datasets/garbage_v2/original/metal/metal_268.jpg,metal,metal,True,512,384,RGB,5dbd501eccfbbaf0bd30ef527ccd97e050e9fd4398721fc2cc5ac6e5493c88ce,9384,3,True,False,0,True,True
garbage_v2,/content/waste_datasets/garbage_v2/original/plastic/plastic_1245.jpg,plastic,plastic,True,512,384,RGB,5dcdd840b2ef4863a974153e836821955c0d8a179529fd9ae3dff29af628b8b8,11783,3,True,False,0,True,True
garbage_v2,/content/waste_datasets/garbage_v2/original/glass/glass_784.jpg,glass,glass,True,512,384,RGB,5dd60748acca10c0382c91b42094907333b11e82919c4b9472d2ec8e7b0d27b0,10060,3,True,False,0,True,True
garbage_v2,/content/waste_datasets/garbage_v2/original/cardboard/cardboard_1231.jpg,cardboard,cardboard,True,512,384,RGB,5e3f3eb21f52eb2502111e13efb593ea267ecc7dbdd1361195e5ae402998bf32,21538,3,True,False,0,True,True
garbage_v2,/content/waste_datasets/garbage_v2/original/paper/paper_194.jpg,paper,paper,True,512,384,RGB,5e5c91dd06fbc6404711f45064fc0d264d423993786ac3196e166e90baf4cdc9,13016,3,True,False,0,True,True
garbage_v2,/content/waste_datasets/garbage_v2/original/plastic/plastic_407.jpg,plastic,plastic,True,512,384,RGB,5e622980e96ce47efffcf38ee8bffde7c22704c7d57e29daeb4b3c46b9367800,12960,3,True,False,0,True,True
garbage_v2,/content/waste_datasets/garbage_v2/original/cardboard/cardboard_285.jpg,cardboard,cardboard,True,512,384,RGB,5ec499f5f409e2ef67239f34b4cb719cbd4b693d7a4d41c95a17fdd4198087cb,19339,3,True,False,0,True,True
garbage_v2,/content/waste_datasets/garbage_v2/original/glass/glass_1201.jpg,glass,glass,True,512,384,RGB,5ec7be1cb8df2bce73b2c55406f4d3dc21d97a8b334723551f9966bea0064994,14855,3,True,False,0,True,True
garbage_v2,/content/waste_datasets/garbage_v2/original/paper/paper_973.jpg,paper,paper,True,512,384,RGB,5ecdc4745f35be7f4f3be4ab7af337b25b198985ac802ad8e7f0d3f79e8f95c4,43940,3,True,False,0,True,True
garbage_v2,/content/waste_datasets/garbage_v2/original/plastic/plastic_395.jpg,plastic,plastic,True,512,384,RGB,5ecdce1f0c64e1e0c6dd90d2097eb24685e743369a48e02a787d0d8f4d7dee65,10123,3,True,False,0,True,True
garbage_v2,/content/waste_datasets/garbage_v2/original/glass/glass_1459.jpg,glass,glass,True,512,384,RGB,5ed81b37171e301d46a3b3c82d73a4808947fed6551c7bef70fb96ff6939bb0c,16658,3,True,False,0,True,True
garbage_v2,/content/waste_datasets/garbage_v2/original/paper/paper_1171.jpg,paper,paper,True,512,384,RGB,5f0563d1616649c3e42b0b1217ec1c2b32c6caf5566d372d92a826cba8eee152,26827,3,True,False,0,True,True
garbage_v2,/content/waste_datasets/garbage_v2/original/plastic/plastic_1488.jpg,plastic,plastic,True,512,384,RGB,5f196349256f720044b8222e8e7027b95ab12afbd042c8c08c86e1ebf7637db8,18198,3,True,False,0,True,True
garbage_v2,/content/waste_datasets/garbage_v2/original/cardboard/cardboard_482.jpg,cardboard,cardboard,True,512,384,RGB,5f198438ea3a1d93c5ef87be3f09879e0041b065f6c72ffe533650910741b5bc,18412,3,True,False,0,True,True
garbage_v2,/content/waste_datasets/garbage_v2/original/trash/trash_227.jpg,trash,trash,True,512,384,RGB,5f1ee42f525810222f5afc0afa6393f9184db463b2e2414df428f9321639a028,11752,2,True,False,0,True,True
garbage_v2,/content/waste_datasets/garbage_v2/original/plastic/plastic_912.jpg,plastic,plastic,True,512,384,RGB,5f3f970fb7fa2143711f163afe4a0d92cb86b338f1615271e77345884f148704,16445,3,True,False,0,True,True
garbage_v2,/content/waste_datasets/garbage_v2/original/metal/metal_13.jpg,metal,metal,True,512,384,RGB,5f6a605c22760fb1d63a8990f5a552fa999faed85fd196fa9c855e00ef79110e,20143,3,True,False,0,True,True
garbage_v2,/content/waste_datasets/garbage_v2/original/metal/metal_164.jpg,metal,metal,True,512,384,RGB,5f7729d8942296b24a2837b096cb747e61f45fe7fa7dc2c77075548ef881a97f,27045,3,True,False,0,True,True
garbage_v2,/content/waste_datasets/garbage_v2/original/metal/metal_549.jpg,metal,metal,True,512,384,RGB,5f85c330652f7a6693be62f9a04aaa1a14488a78696495e42b2b376ef559de67,15481,3,True,False,0,True,True
garbage_v2,/content/waste_datasets/garbage_v2/original/glass/glass_1621.jpg,glass,glass,True,512,384,RGB,5f95dd2522f31bfb2ad3b1c5c304983780c35691c4d1a9a3315deb3b54900dae,10405,3,True,False,0,True,True
garbage_v2,/content/waste_datasets/garbage_v2/original/glass/glass_1629.jpg,glass,glass,True,512,384,RGB,5fbd69d4c331f2593d2694aad0e3bd5eebe4d5e4309c000ebba66f2a7ae4a681,14910,3,True,False,0,True,True
garbage_v2,/content/waste_datasets/garbage_v2/original/paper/paper_635.jpg,paper,paper,True,512,384,RGB,5fca1e7f18a50fe1b64f80939d9163d7f886b90e8c4943b4cc93a15b897af8d4,29185,3,True,False,0,True,True
garbage_v2,/content/waste_datasets/garbage_v2/original/metal/metal_891.jpg,metal,metal,True,512,384,RGB,5ff1da55366f1915bb8d5fd6d846ad4bdd8258bb0a466a450cb311ee1fd9ef5b,14360,3,True,False,0,True,True
garbage_v2,/content/waste_datasets/garbage_v2/original/metal/metal_824.jpg,metal,metal,True,512,384,RGB,60273e1cefdeb1ad86288a56d7b9c76dbef19cb96042ff66cb0fc456c0ab5d6b,30944,3,True,False,0,True,True
garbage_v2,/content/waste_datasets/garbage_v2/original/cardboard/cardboard_1022.jpg,cardboard,cardboard,True,512,384,RGB,60495c8bc2534d43ebd44b7f4e534cc7f4c2408ced3dba5b0415e5b79cb4b007,10275,3,True,False,0,True,True
garbage_v2,/content/waste_datasets/garbage_v2/original/trash/trash_168.jpg,trash,trash,True,512,384,RGB,605ecba52073b4fdeb9f5dd0f9a635963b7fd8762f96c23d31bbf1090e26ab75,7555,2,True,False,0,True,True
garbage_v2,/content/waste_datasets/garbage_v2/original/glass/glass_1042.jpg,glass,glass,True,512,384,RGB,6098988022480b9c9b7472aed9c531d64279a3eb9f19c255b0d991458d03c7a5,12016,3,True,False,0,True,True
garbage_v2,/content/waste_datasets/garbage_v2/original/cardboard/cardboard_1256.jpg,cardboard,cardboard,True,512,384,RGB,60d831303691885a30cee326a4a313221bd4c53c3747d6c560cc45fec749feb6,16767,3,True,False,0,True,True
garbage_v2,/content/waste_datasets/garbage_v2/original/cardboard/cardboard_1358.jpg,cardboard,cardboard,True,512,384,RGB,60e0336f708ac59f5554a28e05f655b6c7d8f2878556f341de6253bd94543824,15482,3,True,False,0,True,True
garbage_v2,/content/waste_datasets/garbage_v2/original/cardboard/cardboard_220.jpg,cardboard,cardboard,True,512,384,RGB,60e7b4e2b0ac8b39a6494d4f49bf9c37515fee5a8b2154cf079501971b4498d2,19779,3,True,False,0,True,True
garbage_v2,/content/waste_datasets/garbage_v2/original/glass/glass_1698.jpg,glass,glass,True,512,384,RGB,60f151c68c9520151afe4f0de9497931b2c55a7ed7f01779b8651e54a4cabb17,11474,3,True,False,0,True,True
garbage_v2,/content/waste_datasets/garbage_v2/original/paper/paper_683.jpg,paper,paper,True,512,384,RGB,615fe6981d40160c846e2a35f30cfe7d4f499e1a39c065a449ab92b8c1afa21d,43785,3,True,False,0,True,True
garbage_v2,/content/waste_datasets/garbage_v2/original/metal/metal_310.jpg,metal,metal,True,512,384,RGB,617a85c765e82f6036997e6204090dffda026898eba70f46e26fcaafb0df9cc3,14608,3,True,False,0,True,True
garbage_v2,/content/waste_datasets/garbage_v2/original/plastic/plastic_721.jpg,plastic,plastic,True,512,384,RGB,61a89874be4f9fcdeeefec2c2f2a8eed113a96ada46b4c7dd54b7b81dc43ee09,15409,3,True,False,0,True,True
garbage_v2,/content/waste_datasets/garbage_v2/original/cardboard/cardboard_335.jpg,cardboard,cardboard,True,512,384,RGB,61bc3fa9aeffc93cd85e7cf6af5f5419f2ecf14f1844a3ec28631d09bf2eec5e,24417,3,True,False,0,True,True
garbage_v2,/content/waste_datasets/garbage_v2/original/paper/paper_531.jpg,paper,paper,True,512,384,RGB,61e4135a107681ed768c845a1c5944dff554041fce30e8ff2263be7f1f684b6b,22593,3,True,False,0,True,True
garbage_v2,/content/waste_datasets/garbage_v2/original/metal/metal_60.jpg,metal,metal,True,512,384,RGB,62112227da546062760486f15060c6943fdcb4fdc3a891b5a488ba948b5608d0,23467,3,True,False,0,True,True
garbage_v2,/content/waste_datasets/garbage_v2/original/glass/glass_1292.jpg,glass,glass,True,512,384,RGB,623e7e12344e32b096d3986926c718b5f23c44f54df1029917737b9d4288ae87,11829,3,True,False,0,True,True
garbage_v2,/content/waste_datasets/garbage_v2/original/plastic/plastic_335.jpg,plastic,plastic,True,512,384,RGB,630e0de1fe0eea7e7142e238032ec10b6fff345411bc79ebfc77bfe441ee71cd,17670,3,True,False,0,True,True
garbage_v2,/content/waste_datasets/garbage_v2/original/paper/paper_1169.jpg,paper,paper,True,512,384,RGB,6339cedb8334907f6fde6bebe2fa9796c0835be1316ff10d5f41aa72e62d4a7d,33601,3,True,False,0,True,True
garbage_v2,/content/waste_datasets/garbage_v2/original/plastic/plastic_1121.jpg,plastic,plastic,True,512,384,RGB,637404061a17a1ff0810d035f4473243b7351344915cd3d9e1c713a76401da8e,14195,3,True,False,0,True,True
garbage_v2,/content/waste_datasets/garbage_v2/original/plastic/plastic_194.jpg,plastic,plastic,True,512,384,RGB,63ac5e258be03cca86f2dd5012f4366a15c7b4dd794dba32afede551761ace5f,15221,3,True,False,0,True,True
garbage_v2,/content/waste_datasets/garbage_v2/original/trash/trash_120.jpg,trash,trash,True,512,384,RGB,63ad4e3c8a3e85adaedcc92f48fe900fd02cb9e1973b42d684fda45a3139edf2,15885,2,True,False,0,True,True
garbage_v2,/content/waste_datasets/garbage_v2/original/paper/paper_469.jpg,paper,paper,True,512,384,RGB,6406255b7c7f7a0e1a1ccce70d66401913fb23c7648f258b8b5dec5eea493481,15574,3,True,False,0,True,True
garbage_v2,/content/waste_datasets/garbage_v2/original/plastic/plastic_432.jpg,plastic,plastic,True,512,384,RGB,6455853ec978543d38b1e012685b9fc5f9fa4b3405d3c309bd9c0ccd804726f9,21098,3,True,False,0,True,True
garbage_v2,/content/waste_datasets/garbage_v2/original/paper/paper_5.jpg,paper,paper,True,512,384,RGB,645be3c6a79690af201e2d7a959038834d807fc7c69fd129aeee36093c799be3,14395,3,True,False,0,True,True
garbage_v2,/content/waste_datasets/garbage_v2/original/cardboard/cardboard_1135.jpg,cardboard,cardboard,True,512,384,RGB,64b61897f78d65c0ee7932007c80517f94435f184e68fc3f6268598ba919cd30,23964,3,True,False,0,True,True
garbage_v2,/content/waste_datasets/garbage_v2/original/metal/metal_470.jpg,metal,metal,True,512,384,RGB,6502fbfe5b86821fcd7e961779cf1abe317b78fd06686cb053a62cc777c2b71e,31025,3,True,False,0,True,True
garbage_v2,/content/waste_datasets/garbage_v2/original/metal/metal_85.jpg,metal,metal,True,512,384,RGB,653a71600ef620c2abfcfe8c1269e2b2366f9d34fcd906db8d3c2e280615206e,13712,3,True,False,0,True,True
garbage_v2,/content/waste_datasets/garbage_v2/original/plastic/plastic_405.jpg,plastic,plastic,True,512,384,RGB,655525f72b7162d1497b9b94662372c457757b55b64519d965402d8fc5008d40,16052,3,True,False,0,True,True
garbage_v2,/content/waste_datasets/garbage_v2/original/plastic/plastic_1429.jpg,plastic,plastic,True,512,384,RGB,65669691c0dfb00aeca597fd6d2ab22473e5734feb3c2fee9160920255234def,13572,3,True,False,0,True,True
garbage_v2,/content/waste_datasets/garbage_v2/original/plastic/plastic_733.jpg,plastic,plastic,True,512,384,RGB,65847ba689e296c21f23c69287e9f219e7cb2e5bccf7c999c489b7fdcbb148d6,15137,3,True,False,0,True,True
garbage_v2,/content/waste_datasets/garbage_v2/original/metal/metal_826.jpg,metal,metal,True,512,384,RGB,658bf4daf9cf82ab9b4f5794946d0be8db7c2e0cfd33f1b656bc8bc5b6878d7e,24227,3,True,False,0,True,True
garbage_v2,/content/waste_datasets/garbage_v2/original/glass/glass_271.jpg,glass,glass,True,512,384,RGB,65a159aa62e2d9d16cf6da7cab5d39fbdd39254cb1a7bb7cd566edfeaabf82fc,12578,3,True,False,0,True,True
garbage_v2,/content/waste_datasets/garbage_v2/original/trash/trash_238.jpg,trash,trash,True,512,384,RGB,65ab3dc1a6b9f079adb4d2322f8596b19972798610bf0a85fa426bd5e538a575,14126,2,True,False,0,True,True
garbage_v2,/content/waste_datasets/garbage_v2/original/cardboard/cardboard_164.jpg,cardboard,cardboard,True,512,384,RGB,65cb3041bbaf174b8d27b28b3cbfa678325e0d57f51a48742faa97f06a465895,26974,3,True,False,0,True,True
garbage_v2,/content/waste_datasets/garbage_v2/original/cardboard/cardboard_737.jpg,cardboard,cardboard,True,512,384,RGB,65fefbd73dd0f968703ba0c7319e33d8b52cfad221bca536733ceed485675d14,13726,3,True,False,0,True,True
garbage_v2,/content/waste_datasets/garbage_v2/original/paper/paper_658.jpg,paper,paper,True,512,384,RGB,660cb3a69fb9662a5d5d7b5270290e542a5dfc225e520d24cd9e85181e9be01f,22112,3,True,False,0,True,True
garbage_v2,/content/waste_datasets/garbage_v2/original/glass/glass_1093.jpg,glass,glass,True,512,384,RGB,663993b05999fd215301af80d27832c79c1798971a7ef073f57ecb579ff5453b,18872,3,True,False,0,True,True
garbage_v2,/content/waste_datasets/garbage_v2/original/cardboard/cardboard_1307.jpg,cardboard,cardboard,True,512,384,RGB,66b0eb2c973b01fcd6a0853047d52f76cdb6f97428e1c10e8ef68b6df7414b12,25031,3,True,False,0,True,True
garbage_v2,/content/waste_datasets/garbage_v2/original/paper/paper_418.jpg,paper,paper,True,512,384,RGB,66d1fbbd073c0676b85450a5d1494337e93f581e81a9ec9be3bc2a7ff5759245,18039,3,True,False,0,True,True
garbage_v2,/content/waste_datasets/garbage_v2/original/plastic/plastic_1148.jpg,plastic,plastic,True,512,384,RGB,67141e8f523c921cb5bca25ddd2e9aa3c27d7ab976c00855b22695aeafe942ca,8184,3,True,False,0,True,True
garbage_v2,/content/waste_datasets/garbage_v2/original/paper/paper_961.jpg,paper,paper,True,512,384,RGB,673bd5ccbbd97db5dcbb761aa782d16c856dc89888d8ac58974459306ff421e4,11292,3,True,False,0,True,True
garbage_v2,/content/waste_datasets/garbage_v2/original/metal/metal_365.jpg,metal,metal,True,512,384,RGB,67b3dff10752489b2cb8dcc3f8d3c183f17dad8f79ade1aef25fd5eb2d1df62b,25154,3,True,False,0,True,True
garbage_v2,/content/waste_datasets/garbage_v2/original/metal/metal_100.jpg,metal,metal,True,512,384,RGB,67bb6cea363369ce6ede15e32f664bb08393386c0950c2b4f835a6a3badc8b24,15847,3,True,False,0,True,True
garbage_v2,/content/waste_datasets/garbage_v2/original/glass/glass_1573.jpg,glass,glass,True,512,384,RGB,67cdd7981dd535045d6d8fdabecc4ef5ff63bd96bde6eeaa16aaafa779b59593,21083,3,True,False,0,True,True
garbage_v2,/content/waste_datasets/garbage_v2/original/plastic/plastic_1129.jpg,plastic,plastic,True,512,384,RGB,67d1ac306a493d7d032f66089a2f544ae6908a2a1c6343dcf798927059cd55b8,20533,3,True,False,0,True,True
garbage_v2,/content/waste_datasets/garbage_v2/original/paper/paper_976.jpg,paper,paper,True,512,384,RGB,6845842d1a4e9e12b329105ea9c5f477c783c36dfa21937596ccd55b300ef376,17810,3,True,False,0,True,True
garbage_v2,/content/waste_datasets/garbage_v2/original/paper/paper_1022.jpg,paper,paper,True,512,384,RGB,68825f8e99c794dafe3e72e0eed1b4c9f29b289672f1216ca23b182be6c0d390,28574,3,True,False,0,True,True
garbage_v2,/content/waste_datasets/garbage_v2/original/cardboard/cardboard_129.jpg,cardboard,cardboard,True,512,384,RGB,688cfe07fa8a383f41cac090792207d77aba6987538218753058d836e0772b71,18119,3,True,False,0,True,True
garbage_v2,/content/waste_datasets/garbage_v2/original/paper/paper_487.jpg,paper,paper,True,512,384,RGB,689bab0f6e722e0d6755f64773eb908cf42764d9dd7165a2081fce57064dc837,17841,3,True,False,0,True,True
garbage_v2,/content/waste_datasets/garbage_v2/original/paper/paper_834.jpg,paper,paper,True,512,384,RGB,68e1468232bcbdaea5e1617d25644f2676177c8577c29af896c2b9fdb417fed8,11378,3,True,False,0,True,True
garbage_v2,/content/waste_datasets/garbage_v2/original/plastic/plastic_1314.jpg,plastic,plastic,True,512,384,RGB,68e30089fa4660a406b72126b3749cc851a26c666e611f823c857466006963fe,12088,2,True,False,0,True,True
garbage_v2,/content/waste_datasets/garbage_v2/original/plastic/plastic_248.jpg,plastic,plastic,True,512,384,RGB,68fbcf0479ca09e2660ac723cbca1abb608c67e1f6906d97c1e9d767b05f6e83,14462,3,True,False,0,True,True
garbage_v2,/content/waste_datasets/garbage_v2/original/cardboard/cardboard_114.jpg,cardboard,cardboard,True,512,384,RGB,693c859854fcb31de06bda96dc635d92df3cad0e8204ee246bd94674dfe54c35,15496,3,True,False,0,True,True
garbage_v2,/content/waste_datasets/garbage_v2/original/plastic/plastic_202.jpg,plastic,plastic,True,512,384,RGB,694e49b212ea8b4c1f4cad6ea8758c3a5b7aae9b54bb2da120ddbad3ca146d9e,18889,3,True,False,0,True,True
garbage_v2,/content/waste_datasets/garbage_v2/original/glass/glass_1135.jpg,glass,glass,True,512,384,RGB,695123647df273f08dd4ea828f1ea8df0684cb31a3c86d4e465ed3e22c0e95cf,12797,3,True,False,0,True,True
garbage_v2,/content/waste_datasets/garbage_v2/original/glass/glass_379.jpg,glass,glass,True,512,384,RGB,6975af3bf8e19305aafbc82ce3c8a6ea484dc31f48e839adb924b8b3e828bcfa,19438,3,True,False,0,True,True
garbage_v2,/content/waste_datasets/garbage_v2/original/plastic/plastic_509.jpg,plastic,plastic,True,512,384,RGB,6976efbcb5d0632db03aa712d98a08180bfa2991f7648ec200eea0d9d683aa44,8251,3,True,False,0,True,True
garbage_v2,/content/waste_datasets/garbage_v2/original/plastic/plastic_141.jpg,plastic,plastic,True,512,384,RGB,69b2cf41bcf89812d49459a7c849277c1678fbde22cb63fd6981ee7819739f4a,11215,3,True,False,0,True,True
garbage_v2,/content/waste_datasets/garbage_v2/original/paper/paper_923.jpg,paper,paper,True,512,384,RGB,69c9f05c80d97470e575c5927f8523b0f4ffded91c0a18b53518a58c1a7b1787,14419,3,True,False,0,True,True
garbage_v2,/content/waste_datasets/garbage_v2/original/paper/paper_1004.jpg,paper,paper,True,512,384,RGB,69e873ea95582ac32e5771cdce1b17aae91c81e652e0239c075110aff0e53c01,32306,3,True,False,0,True,True
garbage_v2,/content/waste_datasets/garbage_v2/original/cardboard/cardboard_328.jpg,cardboard,cardboard,True,512,384,RGB,69ffc7f99383b36f83c97078dc696ad1c56e402f368de0e9d00f85602c5b0226,21268,3,True,False,0,True,True
garbage_v2,/content/waste_datasets/garbage_v2/original/paper/paper_509.jpg,paper,paper,True,512,384,RGB,6a24f95698f17964405eaab74c341c291a5b489487d19c2656fc815e3024bed2,35799,3,True,False,0,True,True
garbage_v2,/content/waste_datasets/garbage_v2/original/cardboard/cardboard_1297.jpg,cardboard,cardboard,True,512,384,RGB,6a3464c6a63d939cf7dfbde1b97305cbfb47dfbfb2982676dcb5896a5c137687,11101,3,True,False,0,True,True
garbage_v2,/content/waste_datasets/garbage_v2/original/cardboard/cardboard_1314.jpg,cardboard,cardboard,True,512,384,RGB,6a50dee7c1aaea0110dfe3483f88741407375757ff6bf34783ae2b241f13e98c,21754,3,True,False,0,True,True
garbage_v2,/content/waste_datasets/garbage_v2/original/cardboard/cardboard_200.jpg,cardboard,cardboard,True,512,384,RGB,6a62bee00c5bbe0670670e965aa1295eb6919c8808a08ca19202e331895b2df2,18207,3,True,False,0,True,True
garbage_v2,/content/waste_datasets/garbage_v2/original/metal/metal_415.jpg,metal,metal,True,512,384,RGB,6a7c9e196b6ae628529b03b287eef535d307fd50eecb043765fc145197450829,17054,3,True,False,0,True,True
garbage_v2,/content/waste_datasets/garbage_v2/original/cardboard/cardboard_388.jpg,cardboard,cardboard,True,512,384,RGB,6a9b724d039aefa9c1ff60ba61bb773cb30bbb79c230f133b0817627d07aee44,18918,3,True,False,0,True,True
garbage_v2,/content/waste_datasets/garbage_v2/original/paper/paper_534.jpg,paper,paper,True,512,384,RGB,6aaeb6a4d2cde578780778e601db7672976b48e31ba0de80fc927ca20ab5184d,39275,3,True,False,0,True,True
garbage_v2,/content/waste_datasets/garbage_v2/original/glass/glass_430.jpg,glass,glass,True,512,384,RGB,6ab261bea2414406f198b84340c58cf8942c247a494451077376777aefc2b020,13984,3,True,False,0,True,True
garbage_v2,/content/waste_datasets/garbage_v2/original/cardboard/cardboard_459.jpg,cardboard,cardboard,True,512,384,RGB,6af4835c742a0137982a6c33b705d0c75ffac42d5e9d11d2debc439e2c3b2a58,19240,3,True,False,0,True,True
garbage_v2,/content/waste_datasets/garbage_v2/original/plastic/plastic_1035.jpg,plastic,plastic,True,512,384,RGB,6b09eee0722c2a8e562bae5c657e1db64bad8e90040d599a26480268a125fde6,16328,3,True,False,0,True,True
garbage_v2,/content/waste_datasets/garbage_v2/original/metal/metal_869.jpg,metal,metal,True,512,384,RGB,6b283a3bafadb0b812d6032eabb77e76eacb862d3d7352b07e4ffff8eb94b623,19105,3,True,False,0,True,True
garbage_v2,/content/waste_datasets/garbage_v2/original/metal/metal_680.jpg,metal,metal,True,512,384,RGB,6b33e62797187f90563f7f0341f563b4d1dc07a64fa7007fa3a0b1cffb779bb1,13732,3,True,False,0,True,True
garbage_v2,/content/waste_datasets/garbage_v2/original/metal/metal_542.jpg,metal,metal,True,512,384,RGB,6b353b75aea6d88340649a52d1a40feb3d6022474d48ad7d38eb8c694b452b48,17349,3,True,False,0,True,True
garbage_v2,/content/waste_datasets/garbage_v2/original/plastic/plastic_1525.jpg,plastic,plastic,True,512,384,RGB,6b36be228178879d1eb090433f768589c109eeb7772b785fbf5d3c7952019211,8215,3,True,False,0,True,True
garbage_v2,/content/waste_datasets/garbage_v2/original/paper/paper_702.jpg,paper,paper,True,512,384,RGB,6b55d190dacf6e904875b30c31a8a55d8dc01713b4de1a5d7d4972649e669e2c,23966,3,True,False,0,True,True
garbage_v2,/content/waste_datasets/garbage_v2/original/plastic/plastic_558.jpg,plastic,plastic,True,512,384,RGB,6b57147f6dc729d07d2ebab6cce58a37d82c4076199af7080a560a82c9f821e2,14387,3,True,False,0,True,True
garbage_v2,/content/waste_datasets/garbage_v2/original/plastic/plastic_362.jpg,plastic,plastic,True,512,384,RGB,6b69cad1ae109b030b4a1f2dd376de3fb4d9780d78b372c462abcc0db1e37e7e,23373,3,True,False,0,True,True
garbage_v2,/content/waste_datasets/garbage_v2/original/glass/glass_1250.jpg,glass,glass,True,512,384,RGB,6b7a7d11f2fc67528af282827d789419e96cb788880f25f575a1480403bd2a81,14219,3,True,False,0,True,True
garbage_v2,/content/waste_datasets/garbage_v2/original/plastic/plastic_817.jpg,plastic,plastic,True,512,384,RGB,6baac8c58f3c8f9af351013ebb6479f31d8f055b7bc25b25c55e7a54db4c1a21,24209,3,True,False,0,True,True
garbage_v2,/content/waste_datasets/garbage_v2/original/paper/paper_1125.jpg,paper,paper,True,512,384,RGB,6bab8421617ae409f0563e664f176374989f124cd8459b291d2815d825eac48d,45030,3,True,False,0,True,True
garbage_v2,/content/waste_datasets/garbage_v2/original/cardboard/cardboard_199.jpg,cardboard,cardboard,True,512,384,RGB,6bc53f23fa43a458e30a2f3b75ddc6eda6c02d2d2557f3034291840ccce35ddd,14734,3,True,False,0,True,True
garbage_v2,/content/waste_datasets/garbage_v2/original/cardboard/cardboard_758.jpg,cardboard,cardboard,True,512,384,RGB,6becd18d976d5b709d4138adcb3dfe4030b75c939a1d08fad9c94e75a26baa81,23839,3,True,False,0,True,True
garbage_v2,/content/waste_datasets/garbage_v2/original/plastic/plastic_1174.jpg,plastic,plastic,True,512,384,RGB,6c0952547164bd6bc5bab5a971f84456c1bac30a983758cc51d5e141447f8bb6,7869,3,True,False,0,True,True
garbage_v2,/content/waste_datasets/garbage_v2/original/metal/metal_106.jpg,metal,metal,True,512,384,RGB,6c128e56de735b5e60ec045adac71ec25bb1b5e8b4b04f310e777cac41206120,13674,3,True,False,0,True,True
garbage_v2,/content/waste_datasets/garbage_v2/original/paper/paper_1031.jpg,paper,paper,True,512,384,RGB,6c15c94952ed7b3d68d37ac959b7eb79af921100649f312d6779f78c131b4600,26541,3,True,False,0,True,True
garbage_v2,/content/waste_datasets/garbage_v2/original/metal/metal_872.jpg,metal,metal,True,512,384,RGB,6c1b495727eec4a95990099ab635d290e3faa8ba2fe9074d05d9e63ab7e6f273,17414,3,True,False,0,True,True
garbage_v2,/content/waste_datasets/garbage_v2/original/plastic/plastic_537.jpg,plastic,plastic,True,512,384,RGB,6c2a19b3e15d505d6c00836d15c8c1e68c337e909289f0cdb1fa1e715bdd0e4c,15145,3,True,False,0,True,True
garbage_v2,/content/waste_datasets/garbage_v2/original/plastic/plastic_1179.jpg,plastic,plastic,True,512,384,RGB,6c3efdb40a993a64e1d2c3eab03dd634101cf8ba124d65b092537ff0116626ab,16544,3,True,False,0,True,True
garbage_v2,/content/waste_datasets/garbage_v2/original/paper/paper_989.jpg,paper,paper,True,512,384,RGB,6c5125a61e4a90bfee7de1db0104b1897ae88fa86c33027f2fe23f0fe7c3ced5,23773,3,True,False,0,True,True
garbage_v2,/content/waste_datasets/garbage_v2/original/paper/paper_558.jpg,paper,paper,True,512,384,RGB,6c716828b1c48d294ccdf484f4b8aaa197078efa5c918e60f05f760d4757b3af,24562,3,True,False,0,True,True
garbage_v2,/content/waste_datasets/garbage_v2/original/paper/paper_661.jpg,paper,paper,True,512,384,RGB,6cb1b0932891aaf84852c0b7a05adfc2d1711682af5918a26e63bbd5110b0a07,35101,3,True,False,0,True,True
garbage_v2,/content/waste_datasets/garbage_v2/original/paper/paper_979.jpg,paper,paper,True,512,384,RGB,6ce5ad817d9d57f925f0dc6b5abca5473d2cc28a62de5f681b1e61b843821b89,14919,3,True,False,0,True,True
garbage_v2,/content/waste_datasets/garbage_v2/original/cardboard/cardboard_864.jpg,cardboard,cardboard,True,512,384,RGB,6cea49417728035fce0f47ea18e26565ea26197df31f1cb31266d6b0593892e7,26919,3,True,False,0,True,True
garbage_v2,/content/waste_datasets/garbage_v2/original/cardboard/cardboard_1156.jpg,cardboard,cardboard,True,512,384,RGB,6d0a8b0300bf3bb64274dc4752b94438a4f20100e6aaffcc731d12388811bb49,19449,3,True,False,0,True,True
garbage_v2,/content/waste_datasets/garbage_v2/original/glass/glass_675.jpg,glass,glass,True,512,384,RGB,6d2b60249550673aa6cc9c073b0e7607511cb9d66150e3cc10eeda988d0b42ed,11218,3,True,False,0,True,True
garbage_v2,/content/waste_datasets/garbage_v2/original/glass/glass_1154.jpg,glass,glass,True,512,384,RGB,6d2b84f527458a009bf1e57c05ace354a0377684840dea2a4dd6986baac0215b,7208,3,True,False,0,True,True
garbage_v2,/content/waste_datasets/garbage_v2/original/cardboard/cardboard_848.jpg,cardboard,cardboard,True,512,384,RGB,6d37c5a6a8d98db663efd00ec2e1d000d3f5dd31d9701e6377d49de87c37fb73,26149,3,True,False,0,True,True
garbage_v2,/content/waste_datasets/garbage_v2/original/plastic/plastic_1594.jpg,plastic,plastic,True,512,384,RGB,6d578a80836ec004a1ac149895e8689f33edeb9b8e8ee48ed5cedf000c7b7cac,12843,3,True,False,0,True,True
garbage_v2,/content/waste_datasets/garbage_v2/original/paper/paper_858.jpg,paper,paper,True,512,384,RGB,6d76c054d32b26ea011b9cf8f3587c5a4bb0bb1369ebbd50f2876fc499867ab5,11027,3,True,False,0,True,True
garbage_v2,/content/waste_datasets/garbage_v2/original/paper/paper_163.jpg,paper,paper,True,512,384,RGB,6de94a8ae9fcd8d62d4870bfa9369bcf4a9517e50de9f12f818c903c4b054c0c,24774,3,True,False,0,True,True
garbage_v2,/content/waste_datasets/garbage_v2/original/cardboard/cardboard_1306.jpg,cardboard,cardboard,True,512,384,RGB,6df32df3445f1fd3a9d2163bce9cd36982d755abe5c635ed5548a82812e85631,20117,3,True,False,0,True,True
garbage_v2,/content/waste_datasets/garbage_v2/original/paper/paper_1016.jpg,paper,paper,True,512,384,RGB,6df55d6b601c134c742216e7f41c995b9a10af6e44026b6abe972302e1cfa253,8653,3,True,False,0,True,True
garbage_v2,/content/waste_datasets/garbage_v2/original/cardboard/cardboard_15.jpg,cardboard,cardboard,True,512,384,RGB,6e2373083ceeb539cbaa5dfd9937d4a42c7267390ba9083454ab7e254a43de3c,21529,3,True,False,0,True,True
garbage_v2,/content/waste_datasets/garbage_v2/original/cardboard/cardboard_532.jpg,cardboard,cardboard,True,512,384,RGB,6e3a26fd8d05780baf6107b104a2d077f4046fe5cda9f00aa12c8a34630dbd0e,24881,3,True,False,0,True,True
garbage_v2,/content/waste_datasets/garbage_v2/original/cardboard/cardboard_94.jpg,cardboard,cardboard,True,512,384,RGB,6e4b49547daf86f258ebc12aa2bbdd574e2d77837cfa36dbca0cfa2891520f14,17492,3,True,False,0,True,True
garbage_v2,/content/waste_datasets/garbage_v2/original/cardboard/cardboard_40.jpg,cardboard,cardboard,True,512,384,RGB,6e6f1d82b3b218ef2c6376bf266efa908814c54fd0b2a44c5c600ffff5596079,19018,3,True,False,0,True,True
garbage_v2,/content/waste_datasets/garbage_v2/original/paper/paper_349.jpg,paper,paper,True,512,384,RGB,6e6fd8cd7880cdfcffc336ed529826a32782aadc6b519f1e100ef03565d5c517,14004,3,True,False,0,True,True
garbage_v2,/content/waste_datasets/garbage_v2/original/cardboard/cardboard_904.jpg,cardboard,cardboard,True,512,384,RGB,6eb120431a68732a016783d3b66e4f390eae8d7e961ccb7eb78cdcf0a4750477,22817,3,True,False,0,True,True
garbage_v2,/content/waste_datasets/garbage_v2/original/metal/metal_725.jpg,metal,metal,True,512,384,RGB,6eb2378696940bd88fea366eeee2058c5430202561bec8128c49f1e8c225561e,15792,3,True,False,0,True,True
garbage_v2,/content/waste_datasets/garbage_v2/original/metal/metal_130.jpg,metal,metal,True,512,384,RGB,6ed31f3df9dabc2642d832ca5ff886a10106d3ad38af087ad23a8e270c7bcde7,14502,3,True,False,0,True,True
garbage_v2,/content/waste_datasets/garbage_v2/original/glass/glass_1558.jpg,glass,glass,True,512,384,RGB,6ee935357eff0892280896c41d8f0dac64c415a0194e28c2e224dd28deeb176e,14335,3,True,False,0,True,True
garbage_v2,/content/waste_datasets/garbage_v2/original/plastic/plastic_338.jpg,plastic,plastic,True,512,384,RGB,6ee988c39df74a3d4bae4662d28ef523daf7e2ca4b0c0b2fc550cb3336fd72a1,12027,3,True,False,0,True,True
garbage_v2,/content/waste_datasets/garbage_v2/original/metal/metal_184.jpg,metal,metal,True,512,384,RGB,6efc5622ce7a76fffb3785f57fa8dbdf44dfc99956c2a2909a8ee46b8cc92dec,17999,3,True,False,0,True,True
garbage_v2,/content/waste_datasets/garbage_v2/original/trash/trash_48.jpg,trash,trash,True,512,384,RGB,6f56a47e66afd9d98d8a338d4e7b2635565a315e84b3e4964be6bcd402ac88ce,10945,2,True,False,0,True,True
garbage_v2,/content/waste_datasets/garbage_v2/original/cardboard/cardboard_104.jpg,cardboard,cardboard,True,512,384,RGB,6f8befd29c103ea83a36be7e8711829d8b23ca25d494c6672053576b82c7757c,19377,3,True,False,0,True,True
garbage_v2,/content/waste_datasets/garbage_v2/original/metal/metal_72.jpg,metal,metal,True,512,384,RGB,6f9179ad6a8fe315a897c71d49199ae16597a8f4dacce768cf43578fcf4e24f4,15966,3,True,False,0,True,True
garbage_v2,/content/waste_datasets/garbage_v2/original/paper/paper_1089.jpg,paper,paper,True,512,384,RGB,6fb8e1e49cfc17b4cbab2ed579772ae8603b8972b0639763627f9be00ca39711,31440,3,True,False,0,True,True
garbage_v2,/content/waste_datasets/garbage_v2/original/paper/paper_382.jpg,paper,paper,True,512,384,RGB,6fbcc512074383d701ee0d046a7e2e93e29c29ff70e7da069c375e65844d1111,16055,3,True,False,0,True,True
garbage_v2,/content/waste_datasets/garbage_v2/original/plastic/plastic_177.jpg,plastic,plastic,True,512,384,RGB,6fc1a126cf07a445ff88c78e3f457f479d7c04d26536b71f0262756623c67176,15787,3,True,False,0,True,True
garbage_v2,/content/waste_datasets/garbage_v2/original/paper/paper_1244.jpg,paper,paper,True,512,384,RGB,6fc75011e3c5fac3ed013385945a324e4047880f0cca70ad2e47b01b17076a2d,21516,3,True,False,0,True,True
garbage_v2,/content/waste_datasets/garbage_v2/original/plastic/plastic_1172.jpg,plastic,plastic,True,512,384,RGB,6fcc879e28f160e32e2b5f8b4ee0e8ab3e57dec802cdfffd1afedf2ff98ef3fe,8104,3,True,False,0,True,True
garbage_v2,/content/waste_datasets/garbage_v2/original/paper/paper_750.jpg,paper,paper,True,512,384,RGB,6ffb73b219c5762d0a80ab7a5e02c336a000f866096c1f9b384e19e5ae32fdcf,11933,3,True,False,0,True,True
garbage_v2,/content/waste_datasets/garbage_v2/original/paper/paper_708.jpg,paper,paper,True,512,384,RGB,7033c6864102c25d3f4a68a330351f245ecd7bbc785d59e5b6829081eb1b62aa,8976,3,True,False,0,True,True
garbage_v2,/content/waste_datasets/garbage_v2/original/cardboard/cardboard_1360.jpg,cardboard,cardboard,True,512,384,RGB,705d5ab527ee3ddec7d11f20471fa197839774ba54514afbc0eb2226b9bf8916,14124,3,True,False,0,True,True
garbage_v2,/content/waste_datasets/garbage_v2/original/plastic/plastic_308.jpg,plastic,plastic,True,512,384,RGB,7066e4ba418dc5633759f9648810860845dc918332edcd49d0a505e434a6855d,16023,3,True,False,0,True,True
garbage_v2,/content/waste_datasets/garbage_v2/original/metal/metal_555.jpg,metal,metal,True,512,384,RGB,708e589ec4c83db19b13f1f1d1f0363465ef76427c8a7bfe247056d32effe56e,13589,3,True,False,0,True,True
garbage_v2,/content/waste_datasets/garbage_v2/original/metal/metal_231.jpg,metal,metal,True,512,384,RGB,70bed46cadb3dc4faaf054dd2319b748ae4fa62f0a69d6415f0ab21fd6de11e4,11956,3,True,False,0,True,True
garbage_v2,/content/waste_datasets/garbage_v2/original/paper/paper_462.jpg,paper,paper,True,512,384,RGB,70e314c239a2c9da73b825e1e9e42b84ab8ceeeeb35f8810a7acd96e37129edb,42522,3,True,False,0,True,True
garbage_v2,/content/waste_datasets/garbage_v2/original/glass/glass_1611.jpg,glass,glass,True,512,384,RGB,7120850e2324b64b353b3160df7aecb846e08de901e2ab92ad6e2fca17cc743d,13825,3,True,False,0,True,True
garbage_v2,/content/waste_datasets/garbage_v2/original/cardboard/cardboard_1332.jpg,cardboard,cardboard,True,512,384,RGB,713e15013b9c91af101f879a8f92b4d24efb4f90820907768211d6d5d920bc3a,16229,3,True,False,0,True,True
garbage_v2,/content/waste_datasets/garbage_v2/original/paper/paper_828.jpg,paper,paper,True,512,384,RGB,716014709461961df48d4fb1f89e93889a975e47f4e42e05c6f596d135d0a34c,17154,3,True,False,0,True,True
garbage_v2,/content/waste_datasets/garbage_v2/original/cardboard/cardboard_830.jpg,cardboard,cardboard,True,512,384,RGB,717ddcb392be8566739f1ea3c4a5de6f66e3a4e8405e2e54c2310c8261c57d59,14106,3,True,False,0,True,True
garbage_v2,/content/waste_datasets/garbage_v2/original/glass/glass_703.jpg,glass,glass,True,512,384,RGB,7190667dcf9367717c8197ae8defb1614bdaf2fa2ce61b6c2333b8b7322a53a6,9162,3,True,False,0,True,True
garbage_v2,/content/waste_datasets/garbage_v2/original/glass/glass_1152.jpg,glass,glass,True,512,384,RGB,719509ea0c6e99e7f6dd9607573795773242094da0f036268dca31373d209c0f,10920,3,True,False,0,True,True
garbage_v2,/content/waste_datasets/garbage_v2/original/metal/metal_463.jpg,metal,metal,True,512,384,RGB,719e22ef1d8018d34611197583c1f2d4be1bcc2c42e04c0c251867037adf9df5,9410,3,True,False,0,True,True
garbage_v2,/content/waste_datasets/garbage_v2/original/metal/metal_61.jpg,metal,metal,True,512,384,RGB,71c725ceb62d1b259f2aa56272be8bb3b99828aa683720883967928c7c8965a4,9595,3,True,False,0,True,True
garbage_v2,/content/waste_datasets/garbage_v2/original/plastic/plastic_193.jpg,plastic,plastic,True,512,384,RGB,71efb049f7a58617c6c2d53dd490e2fd194a0b22b6753fc97efe84e82f3f7d42,13608,3,True,False,0,True,True
garbage_v2,/content/waste_datasets/garbage_v2/original/plastic/plastic_657.jpg,plastic,plastic,True,512,384,RGB,721001d815684542d682a210cdc5eb7f3ee84a6b45a5a2208275f5d9bb34c5bb,11164,3,True,False,0,True,True
garbage_v2,/content/waste_datasets/garbage_v2/original/glass/glass_1131.jpg,glass,glass,True,512,384,RGB,721b398a34c5e13720e4ef04e6768e8298d738f1eec7ed94497c59a844079a87,21071,3,True,False,0,True,True
garbage_v2,/content/waste_datasets/garbage_v2/original/glass/glass_1353.jpg,glass,glass,True,512,384,RGB,726b624ca2206fa9a82d656e9b35ab893d4543850fd45df8722520f0ac37a2ed,15901,3,True,False,0,True,True
garbage_v2,/content/waste_datasets/garbage_v2/original/paper/paper_998.jpg,paper,paper,True,512,384,RGB,726f1d0caa101406528a6cc20b38d2e8644de15376801e73d6463c6db446cddb,9349,3,True,False,0,True,True
garbage_v2,/content/waste_datasets/garbage_v2/original/cardboard/cardboard_28.jpg,cardboard,cardboard,True,512,384,RGB,7273c1134c973d5bf88c0a1b1e5b38098ad224883c866e48d9d45a1f8fd32f58,15248,3,True,False,0,True,True
garbage_v2,/content/waste_datasets/garbage_v2/original/trash/trash_398.jpg,trash,trash,True,512,384,RGB,72954fafcbaaadc28fabf6eb3e0c785dbf527c9cc5de3faa6b0af2c59116f442,13571,2,True,False,0,True,True
garbage_v2,/content/waste_datasets/garbage_v2/original/glass/glass_6.jpg,glass,glass,True,512,384,RGB,72a6f345f436debbd0205b98aae1410f970e76f478625e706ee22645aec3c845,15618,3,True,False,0,True,True
garbage_v2,/content/waste_datasets/garbage_v2/original/plastic/plastic_1334.jpg,plastic,plastic,True,512,384,RGB,72abdcf185dc7df2d4679d0449f54656b550e7e80088ec8bbe94598f51638fd9,7045,3,True,False,0,True,True
garbage_v2,/content/waste_datasets/garbage_v2/original/cardboard/cardboard_314.jpg,cardboard,cardboard,True,512,384,RGB,72af894b22fdee442ea31c705eaf6b4f1e65d0f692c5c65379d1cfd2fe4db21e,21862,3,True,False,0,True,True
garbage_v2,/content/waste_datasets/garbage_v2/original/paper/paper_790.jpg,paper,paper,True,512,384,RGB,72d0fbc7794576c241cecfdacbabdac24a61ece7c9d9dd6734158cc6040a0185,25209,3,True,False,0,True,True
garbage_v2,/content/waste_datasets/garbage_v2/original/paper/paper_554.jpg,paper,paper,True,512,384,RGB,72e04d21284b07735eb8bb520a5d5b1aee0293fa0a7adacfb215319a8b11cbc5,25262,3,True,False,0,True,True
garbage_v2,/content/waste_datasets/garbage_v2/original/glass/glass_1037.jpg,glass,glass,True,512,384,RGB,72e2b14802d6f6816c7728b22bc48183c90a85df630b37506ca04b61a49f9d9c,16138,2,True,False,0,True,True
garbage_v2,/content/waste_datasets/garbage_v2/original/cardboard/cardboard_789.jpg,cardboard,cardboard,True,512,384,RGB,731d84161364895186464acd03ea91fcf8b1ce794d5c119bd0bcabcaa550fbf6,19051,3,True,False,0,True,True
garbage_v2,/content/waste_datasets/garbage_v2/original/paper/paper_444.jpg,paper,paper,True,512,384,RGB,73363a36ae033a534e62c2150c2ae4285453d880a16f2fac628aa7059589d613,9482,3,True,False,0,True,True
garbage_v2,/content/waste_datasets/garbage_v2/original/plastic/plastic_1012.jpg,plastic,plastic,True,512,384,RGB,734c7013e660553d0be8bdd872b13ab814919dec7794011be9139f5fdf124f29,16659,3,True,False,0,True,True
garbage_v2,/content/waste_datasets/garbage_v2/original/metal/metal_103.jpg,metal,metal,True,512,384,RGB,735503b328adb446f9787f872a439af4ca5bf2c33041b3728432d59d01504a6a,15702,3,True,False,0,True,True
garbage_v2,/content/waste_datasets/garbage_v2/original/metal/metal_827.jpg,metal,metal,True,512,384,RGB,738bcafc5ff2767bfcb75d27a289c86856f7de7a56dd54f7f0a5debd16711998,17190,3,True,False,0,True,True
garbage_v2,/content/waste_datasets/garbage_v2/original/glass/glass_889.jpg,glass,glass,True,512,384,RGB,73a7977ece3caaa792fa9aa9a9778b7360874385ee99584a6d29682ab07abe27,20383,2,True,False,0,True,True
garbage_v2,/content/waste_datasets/garbage_v2/original/metal/metal_166.jpg,metal,metal,True,512,384,RGB,73cba85746400ef60cfbde539c3bf6fce9375a0d6fb9519983e56af2ccd95f10,14229,3,True,False,0,True,True
garbage_v2,/content/waste_datasets/garbage_v2/original/plastic/plastic_482.jpg,plastic,plastic,True,512,384,RGB,73f8991def6deadb06c5f31a9b69dd33dcc9d041ef6fec48aa8a2ee06134b31b,10205,3,True,False,0,True,True
garbage_v2,/content/waste_datasets/garbage_v2/original/plastic/plastic_1453.jpg,plastic,plastic,True,512,384,RGB,73ffbaac6d2f854aee7874a1b7bed2c11aaf7441464ec54f22ff01e84c07f2c1,15606,3,True,False,0,True,True
garbage_v2,/content/waste_datasets/garbage_v2/original/paper/paper_136.jpg,paper,paper,True,512,384,RGB,7431fee541682c57e6e708de717d8816560fa625b3cb0b1c0ba0b97651082efd,8877,3,True,False,0,True,True
garbage_v2,/content/waste_datasets/garbage_v2/original/trash/trash_33.jpg,trash,trash,True,512,384,RGB,747bad445f6b285fb18b4246b799bdd6fc1186bd3da96e10f340e07636d87e95,16952,2,True,False,0,True,True
garbage_v2,/content/waste_datasets/garbage_v2/original/paper/paper_866.jpg,paper,paper,True,512,384,RGB,7486b77585a1d94ca09973a5434e31ab52a98bfb4c73b0a101f19169f18f35f6,39584,3,True,False,0,True,True
garbage_v2,/content/waste_datasets/garbage_v2/original/metal/metal_648.jpg,metal,metal,True,512,384,RGB,748f022de77f98b4f437853c8bfbe63c505115f1632f1c2379abc75485c743ab,13994,3,True,False,0,True,True
garbage_v2,/content/waste_datasets/garbage_v2/original/glass/glass_617.jpg,glass,glass,True,512,384,RGB,74ad083be8b07bd0445c7571e36344b5d9f1e67747f94a91fb68ed8024ce5916,17174,3,True,False,0,True,True
garbage_v2,/content/waste_datasets/garbage_v2/original/cardboard/cardboard_1139.jpg,cardboard,cardboard,True,512,384,RGB,74ae98f30f3dd02757ac78fd7a4f111f777e612d3ea85a2788c0158dca01c0e8,11528,3,True,False,0,True,True
garbage_v2,/content/waste_datasets/garbage_v2/original/paper/paper_894.jpg,paper,paper,True,512,384,RGB,74ca7d71ec4c8b9dc003f5f27b615e2af40e9ff02f9f6e0d11dde9057f8647a8,27364,3,True,False,0,True,True
garbage_v2,/content/waste_datasets/garbage_v2/original/plastic/plastic_505.jpg,plastic,plastic,True,512,384,RGB,74eed91f34db1284b8e69bd6c54dd37c97722f961493d3e7ae45725a8119033d,28327,3,True,False,0,True,True
garbage_v2,/content/waste_datasets/garbage_v2/original/metal/metal_708.jpg,metal,metal,True,512,384,RGB,75410c9177b1ff1998f6a73d394ce9c41e5008e5e4a8a854fdc1a831a71684fe,31656,3,True,False,0,True,True
garbage_v2,/content/waste_datasets/garbage_v2/original/metal/metal_326.jpg,metal,metal,True,512,384,RGB,75541c15a811597a817da2d32117b2f90c36ef7d4a4680b8b5a734daf45e53c8,17378,3,True,False,0,True,True
garbage_v2,/content/waste_datasets/garbage_v2/original/paper/paper_698.jpg,paper,paper,True,512,384,RGB,75773feaa96f67fa6fa6da14b3caef3311dc2786e50c6f69e0fe20e0927dc6de,14140,3,True,False,0,True,True
garbage_v2,/content/waste_datasets/garbage_v2/original/plastic/plastic_645.jpg,plastic,plastic,True,512,384,RGB,75beda52e2fdd625ca9ddf6bc2aaf2fcfce906172f0c3e857dc5b05fdada092e,12187,3,True,False,0,True,True
garbage_v2,/content/waste_datasets/garbage_v2/original/paper/paper_714.jpg,paper,paper,True,512,384,RGB,75bf7bb9a46b9a7555d98127c5bedd0402bedab7d13f5f10f80512f6ee34a618,9312,3,True,False,0,True,True
garbage_v2,/content/waste_datasets/garbage_v2/original/paper/paper_1330.jpg,paper,paper,True,512,384,RGB,75c318c61c1485cd0fdc118ad4d7d5acaba5e1fbde5f2424599e91984d1259da,10568,3,True,False,0,True,True
garbage_v2,/content/waste_datasets/garbage_v2/original/paper/paper_1315.jpg,paper,paper,True,512,384,RGB,75f0bbfa2b658d55e3feff9cf2c8122dd467b05ebb99491ba833088e5bad5d4d,17038,3,True,False,0,True,True
garbage_v2,/content/waste_datasets/garbage_v2/original/metal/metal_328.jpg,metal,metal,True,512,384,RGB,75f250c05742d0cc0eb981bcce2b78a5597d0fe8a46301331d187c564f283921,11460,3,True,False,0,True,True
garbage_v2,/content/waste_datasets/garbage_v2/original/plastic/plastic_1530.jpg,plastic,plastic,True,512,384,RGB,75f4d51c55138ec671dda4488d50c6742730fb5124a7acdb4bbe1655bb54f802,15578,3,True,False,0,True,True
garbage_v2,/content/waste_datasets/garbage_v2/original/paper/paper_847.jpg,paper,paper,True,512,384,RGB,761132411c4fcc4426c0684deb30fc990dfd798434b5be909d00f4212fda2cbb,16927,3,True,False,0,True,True
garbage_v2,/content/waste_datasets/garbage_v2/original/metal/metal_391.jpg,metal,metal,True,512,384,RGB,761e31a55036be18318ce7634ba174e17910e707ca5798debfd518a4fc1ee57b,18657,3,True,False,0,True,True
garbage_v2,/content/waste_datasets/garbage_v2/original/paper/paper_1262.jpg,paper,paper,True,512,384,RGB,762411e33898bcebc7d6d682246156588719e5618e03bb70cfd2e70cf91fe2da,32797,3,True,False,0,True,True
garbage_v2,/content/waste_datasets/garbage_v2/original/metal/metal_373.jpg,metal,metal,True,512,384,RGB,7642c2315d9009be45a58f9fbbd78a2e786f9b00d74f09213bbee05bdc2e5fd4,23938,3,True,False,0,True,True
garbage_v2,/content/waste_datasets/garbage_v2/original/paper/paper_782.jpg,paper,paper,True,512,384,RGB,7642d2055d44774f5b59d70985a1ee904a568dd146e0965b7e78f1f97883c2c0,8899,3,True,False,0,True,True
garbage_v2,/content/waste_datasets/garbage_v2/original/paper/paper_1277.jpg,paper,paper,True,512,384,RGB,766054e0b1acb3deced926109425a7e60b5c158f0cd81f738d18e2f586f66b73,13877,3,True,False,0,True,True
garbage_v2,/content/waste_datasets/garbage_v2/original/glass/glass_1013.jpg,glass,glass,True,512,384,RGB,766244c3fe106d582e31f8ab9a38ed37b7c41248b4bc8963a06185c4a4dffe8e,7656,3,True,False,0,True,True
garbage_v2,/content/waste_datasets/garbage_v2/original/paper/paper_1216.jpg,paper,paper,True,512,384,RGB,76aa99b1636d80f6e440043e098f5ea5fa615006e45f468f19bdca96e262b53c,36709,3,True,False,0,True,True
garbage_v2,/content/waste_datasets/garbage_v2/original/paper/paper_1102.jpg,paper,paper,True,512,384,RGB,76bda4323041b47efbf3d6586ee373ef7a68e45a0cff7964117988d92fd64797,9022,3,True,False,0,True,True
garbage_v2,/content/waste_datasets/garbage_v2/original/metal/metal_383.jpg,metal,metal,True,512,384,RGB,76bdacd674abfe0819c0a1d1a173bfc99e1642aab0338ee612e021eb06d2fea3,19860,3,True,False,0,True,True
garbage_v2,/content/waste_datasets/garbage_v2/original/trash/trash_141.jpg,trash,trash,True,512,384,RGB,76e972561544e88c60daf4f54dafb0a98f84430633b79603e26c9d39b997cea3,18863,2,True,False,0,True,True
garbage_v2,/content/waste_datasets/garbage_v2/original/plastic/plastic_85.jpg,plastic,plastic,True,512,384,RGB,76fc3fd75a739f4549b06baa1a6ca5785eada05568768d051d5683a1e73c3cfb,14529,3,True,False,0,True,True
garbage_v2,/content/waste_datasets/garbage_v2/original/metal/metal_199.jpg,metal,metal,True,512,384,RGB,770b06b68120e8ec7c5906381f0f70d6fed1b1d7ac457f60e94466b12aaa5823,25766,3,True,False,0,True,True
garbage_v2,/content/waste_datasets/garbage_v2/original/cardboard/cardboard_1132.jpg,cardboard,cardboard,True,512,384,RGB,770e0a53378932f757ebdc1422b58f53b243f303a56edda8dec68884e375881e,8496,3,True,False,0,True,True
garbage_v2,/content/waste_datasets/garbage_v2/original/cardboard/cardboard_567.jpg,cardboard,cardboard,True,512,384,RGB,774d6c72b77fafe3e1caac78568ed0a24449cdb72a96a2430ecc8c5c8377884e,16420,3,True,False,0,True,True
garbage_v2,/content/waste_datasets/garbage_v2/original/plastic/plastic_1297.jpg,plastic,plastic,True,512,384,RGB,776539e44e0e0a70b9691a97fc5803048d4e6435f2ac37c6f94054c89f65f177,14874,3,True,False,0,True,True
garbage_v2,/content/waste_datasets/garbage_v2/original/plastic/plastic_919.jpg,plastic,plastic,True,512,384,RGB,777d4e22a9174ad4988c425841699edac66165eb0f1027cadb26328f677ed61f,16818,3,True,False,0,True,True
garbage_v2,/content/waste_datasets/garbage_v2/original/metal/metal_26.jpg,metal,metal,True,512,384,RGB,778ff2ea6068a67b89c09444024b5d272ad101f4017cb069eeda5a0ec5b46556,14524,3,True,False,0,True,True
garbage_v2,/content/waste_datasets/garbage_v2/original/glass/glass_662.jpg,glass,glass,True,512,384,RGB,77b7a8178f4e782c80435a4b8680084a33f3a708efcb8663419d023044e56a27,11289,3,True,False,0,True,True
garbage_v2,/content/waste_datasets/garbage_v2/original/paper/paper_214.jpg,paper,paper,True,512,384,RGB,77ecad1966aeac9e5a879c297c801f3dca8ddcf7fe8db85365b2d7c20c7cf034,11944,3,True,False,0,True,True
garbage_v2,/content/waste_datasets/garbage_v2/original/glass/glass_973.jpg,glass,glass,True,512,384,RGB,77fe9275e27df87cf86ca51dc37504a95acef47ea6a9aa0a670587f958b463c2,23200,3,True,False,0,True,True
garbage_v2,/content/waste_datasets/garbage_v2/original/glass/glass_851.jpg,glass,glass,True,512,384,RGB,77ff31bead46e3427ce626246877bbd3a6757019e3db8929d85e18abd4c99782,9796,3,True,False,0,True,True
garbage_v2,/content/waste_datasets/garbage_v2/original/cardboard/cardboard_503.jpg,cardboard,cardboard,True,512,384,RGB,780465492648dcbdec9e5fd35752fb9541501ae94bb9d10027d37552d4d90407,21683,3,True,False,0,True,True
garbage_v2,/content/waste_datasets/garbage_v2/original/paper/paper_503.jpg,paper,paper,True,512,384,RGB,780778c2a59f32b3aa494988b04b726380a46461686e1e583f20691849ef3c9c,26370,3,True,False,0,True,True
garbage_v2,/content/waste_datasets/garbage_v2/original/glass/glass_35.jpg,glass,glass,True,512,384,RGB,7816a545b6bfa2d84a09ca273b21849998b88eb26ed7d855987fb00f619365b0,13918,3,True,False,0,True,True
garbage_v2,/content/waste_datasets/garbage_v2/original/paper/paper_1303.jpg,paper,paper,True,512,384,RGB,784ca4c5c80d8601109aba6929e84ea7bc0a8a84d210702ca73e0a9144db634d,16481,3,True,False,0,True,True
garbage_v2,/content/waste_datasets/garbage_v2/original/plastic/plastic_1467.jpg,plastic,plastic,True,512,384,RGB,786b48370cb3db55afd5a8b31ccda8f4593869106f1475e990444d426fc6e10c,8189,3,True,False,0,True,True
garbage_v2,/content/waste_datasets/garbage_v2/original/paper/paper_542.jpg,paper,paper,True,512,384,RGB,78992143e1a96f32070e8cce67d11216b57cdbfe9fcb9bef2599428726607fc0,36792,3,True,False,0,True,True
garbage_v2,/content/waste_datasets/garbage_v2/original/glass/glass_119.jpg,glass,glass,True,512,384,RGB,78a43c5d8fc5c7fda039b052885c29c2d2488467e86327ad14a06a8c24f34fab,13044,3,True,False,0,True,True
garbage_v2,/content/waste_datasets/garbage_v2/original/plastic/plastic_1019.jpg,plastic,plastic,True,512,384,RGB,78c3fc7dc09f3f083ffe752df9e02bd4a0fb6540dd56bf02d4c3718df6ed4165,21146,3,True,False,0,True,True
garbage_v2,/content/waste_datasets/garbage_v2/original/paper/paper_1293.jpg,paper,paper,True,512,384,RGB,794241228f86af7bda80b97900b7d99dafc89ddb0f32cd523684936f66db81f5,27630,3,True,False,0,True,True
garbage_v2,/content/waste_datasets/garbage_v2/original/cardboard/cardboard_1192.jpg,cardboard,cardboard,True,512,384,RGB,7967131a88d275148711ed1bd7f6940ce41e7af6aa57a50f43e91c8e430be3cc,17752,3,True,False,0,True,True
garbage_v2,/content/waste_datasets/garbage_v2/original/cardboard/cardboard_1372.jpg,cardboard,cardboard,True,512,384,RGB,796cbb824c2665e4a3c1c4ab1dfbf3e2b3bd9db6b4b95cd6a604c9392fdda609,24535,3,True,False,0,True,True
garbage_v2,/content/waste_datasets/garbage_v2/original/paper/paper_629.jpg,paper,paper,True,512,384,RGB,79896519040b595512846383486889bd27125faa45c43debebb385170ebebc26,18146,3,True,False,0,True,True
garbage_v2,/content/waste_datasets/garbage_v2/original/cardboard/cardboard_629.jpg,cardboard,cardboard,True,512,384,RGB,79b166ce55a07d1694d143cfabc6e07dd817c4541c85b079d80ac0819b29fbfd,13217,3,True,False,0,True,True
garbage_v2,/content/waste_datasets/garbage_v2/original/plastic/plastic_746.jpg,plastic,plastic,True,512,384,RGB,79d94d7d79b70d35391826f17d4f46f49e47bd576edf06e05d14cd847f32c58a,10332,3,True,False,0,True,True
garbage_v2,/content/waste_datasets/garbage_v2/original/metal/metal_777.jpg,metal,metal,True,512,384,RGB,7a1d9f2b32b18b73e591427b5ec4669e21ac23f01db9f71eaf65cc4b4655fcd7,9778,3,True,False,0,True,True
garbage_v2,/content/waste_datasets/garbage_v2/original/paper/paper_815.jpg,paper,paper,True,512,384,RGB,7a4bc026bd4687a14b8bfc863e0a95bcb411acdafcbf5224302b6b71bc1fefae,33633,3,True,False,0,True,True
garbage_v2,/content/waste_datasets/garbage_v2/original/plastic/plastic_618.jpg,plastic,plastic,True,512,384,RGB,7a5d6bfb40b0be7e090cea22e45dd8a66be3e2e47d92e1ff2b68e819a9338e68,10018,3,True,False,0,True,True
garbage_v2,/content/waste_datasets/garbage_v2/original/plastic/plastic_1414.jpg,plastic,plastic,True,512,384,RGB,7a6dfb86c6b5d8c45e298989408e85cc3c4c3c872fecdd086ea87a41629d1764,9885,3,True,False,0,True,True
garbage_v2,/content/waste_datasets/garbage_v2/original/cardboard/cardboard_1228.jpg,cardboard,cardboard,True,512,384,RGB,7a97a90ad526f5298c13ad8e43f92189838fddf1d525537e8bb4b9bc76d510b6,16766,3,True,False,0,True,True
garbage_v2,/content/waste_datasets/garbage_v2/original/paper/paper_201.jpg,paper,paper,True,512,384,RGB,7ae78b5a06265194f67c6be02e1d7ff0349548aa362c50c8ac96c278f11f5fb3,30495,3,True,False,0,True,True
garbage_v2,/content/waste_datasets/garbage_v2/original/glass/glass_1508.jpg,glass,glass,True,512,384,RGB,7b0b2410231626f2ae574750c944ac9770caa8c3492a4ea50fcf7571762686a9,16340,3,True,False,0,True,True
garbage_v2,/content/waste_datasets/garbage_v2/original/metal/metal_793.jpg,metal,metal,True,512,384,RGB,7b16ff62309f115160a8e172c0a088048e1e01c3867c49cd0ea002bed3ad1956,31872,3,True,False,0,True,True
garbage_v2,/content/waste_datasets/garbage_v2/original/glass/glass_859.jpg,glass,glass,True,512,384,RGB,7b3048aa393beb091ccb4c4a431dbfe515eb0a036f8ee1c742c910ae5bc0740b,9282,3,True,False,0,True,True
garbage_v2,/content/waste_datasets/garbage_v2/original/cardboard/cardboard_1340.jpg,cardboard,cardboard,True,512,384,RGB,7b5daf5075ffb94cc6f4e408e780ba39c65c62c4741102d793a098d745fe41c4,14682,3,True,False,0,True,True
garbage_v2,/content/waste_datasets/garbage_v2/original/paper/paper_1078.jpg,paper,paper,True,512,384,RGB,7b5f712e8ea0c176a923ce52bea635ae2c61cb2061a3214599414c7b84b28557,8646,3,True,False,0,True,True
garbage_v2,/content/waste_datasets/garbage_v2/original/metal/metal_375.jpg,metal,metal,True,512,384,RGB,7b606f6da90d4d55bb60d32b98bc49a9d4e633327b90bcae6f157965cf751405,18698,3,True,False,0,True,True
garbage_v2,/content/waste_datasets/garbage_v2/original/metal/metal_841.jpg,metal,metal,True,512,384,RGB,7b62e4dddd44aa7a9838c09d5e3590af565da114c8ad3f9b6c0869fbc9bfacf5,12764,3,True,False,0,True,True
garbage_v2,/content/waste_datasets/garbage_v2/original/cardboard/cardboard_649.jpg,cardboard,cardboard,True,512,384,RGB,7b87232d430de1f8e8b17559075f03b73ee2eb550d6c61544281d57657740034,19816,3,True,False,0,True,True
garbage_v2,/content/waste_datasets/garbage_v2/original/metal/metal_885.jpg,metal,metal,True,512,384,RGB,7ba65e32f1182cc7dd453846174af33890867c9885e4d63fa10d00effd983209,15426,3,True,False,0,True,True
garbage_v2,/content/waste_datasets/garbage_v2/original/plastic/plastic_835.jpg,plastic,plastic,True,512,384,RGB,7be5d6ed8c3910e9d59de6f6ef91d18c4f1c2a731409e368ff639debc32ac857,17366,3,True,False,0,True,True
garbage_v2,/content/waste_datasets/garbage_v2/original/plastic/plastic_454.jpg,plastic,plastic,True,512,384,RGB,7c52ee325e51d0ba1753f86433a256f86cd6efed044ef6777a1bde1ef40cf13b,16337,3,True,False,0,True,True
garbage_v2,/content/waste_datasets/garbage_v2/original/glass/glass_693.jpg,glass,glass,True,512,384,RGB,7c5d74fc1d111def2783fa121c6246d01be3beeb571c26cca4410fb2e4012bf4,15427,3,True,False,0,True,True
garbage_v2,/content/waste_datasets/garbage_v2/original/cardboard/cardboard_302.jpg,cardboard,cardboard,True,512,384,RGB,7c74d1ef9a2e93b9cda080c26d33235e3a94864e3fb5bc00e098ab5afe87ca4a,12108,3,True,False,0,True,True
garbage_v2,/content/waste_datasets/garbage_v2/original/metal/metal_401.jpg,metal,metal,True,512,384,RGB,7ca0341822ae42c3cbe89d17a4336c3bfa2f50bce8fa6cb559dd0b767098d4db,16144,3,True,False,0,True,True
garbage_v2,/content/waste_datasets/garbage_v2/original/metal/metal_251.jpg,metal,metal,True,512,384,RGB,7ccd1514dcac218ee885080e5e7aa11eedecc4eb3f36cb0173b0765b92902977,21469,3,True,False,0,True,True
garbage_v2,/content/waste_datasets/garbage_v2/original/paper/paper_833.jpg,paper,paper,True,512,384,RGB,7ce10404d28098b8eab607fbf26f05d71a602ed9691f67a112ab07e86f111b8c,12063,3,True,False,0,True,True
garbage_v2,/content/waste_datasets/garbage_v2/original/paper/paper_999.jpg,paper,paper,True,512,384,RGB,7d19f0d696ecbfb6e53877c9d0fe4e84405fb22a05bdf72bbf2db286533d4282,21471,3,True,False,0,True,True
garbage_v2,/content/waste_datasets/garbage_v2/original/paper/paper_64.jpg,paper,paper,True,512,384,RGB,7d248992b164c7d3536b3c8b1d0062157e92b2851ccb876ed2da497b745c78fc,9546,3,True,False,0,True,True
garbage_v2,/content/waste_datasets/garbage_v2/original/glass/glass_665.jpg,glass,glass,True,512,384,RGB,7d3842706c35ca750a320481e9f293b1ebc664e07038050ca56d3e38c84105cb,8121,3,True,False,0,True,True
garbage_v2,/content/waste_datasets/garbage_v2/original/cardboard/cardboard_410.jpg,cardboard,cardboard,True,512,384,RGB,7d3ccb8eb0125ed7afa1f558d227b1c7849cd075dc9dbf10752c7021bdaf9dc7,21123,3,True,False,0,True,True
garbage_v2,/content/waste_datasets/garbage_v2/original/glass/glass_1102.jpg,glass,glass,True,512,384,RGB,7d3d2d3c8c53a451bb5916a58a4942c0a008075e0d13ee9da54e362aa8b78598,11232,3,True,False,0,True,True
garbage_v2,/content/waste_datasets/garbage_v2/original/glass/glass_1360.jpg,glass,glass,True,512,384,RGB,7d4ffe90d81fae7e7c22969e4cacc16bab4ad752eac84d48d36ae0d79b0db2f6,9873,3,True,False,0,True,True
garbage_v2,/content/waste_datasets/garbage_v2/original/cardboard/cardboard_1258.jpg,cardboard,cardboard,True,512,384,RGB,7d70edc60cfb2c34a6c9d636200d39f61b0c5d7ed4a69b30b1f99cc4dfda1984,17856,3,True,False,0,True,True
garbage_v2,/content/waste_datasets/garbage_v2/original/cardboard/cardboard_846.jpg,cardboard,cardboard,True,512,384,RGB,7dac1be538d66c303f6c767c4ceec8a065e6404aa606b6df3fc7b554e4fb5f5b,18896,3,True,False,0,True,True
garbage_v2,/content/waste_datasets/garbage_v2/original/plastic/plastic_442.jpg,plastic,plastic,True,512,384,RGB,7dc8ec4eef571b4482371569df63a0f8f7ed8f22e38b99eb4a2043ab55d93615,7858,3,True,False,0,True,True
garbage_v2,/content/waste_datasets/garbage_v2/original/paper/paper_353.jpg,paper,paper,True,512,384,RGB,7deca712ee1eb68294f1558bec2bc1d34c96d079686d8bb35783e88e2cd3d583,12905,3,True,False,0,True,True
garbage_v2,/content/waste_datasets/garbage_v2/original/plastic/plastic_801.jpg,plastic,plastic,True,512,384,RGB,7dffa9f9fd24ed3cbb6a5b3df597867bc92c15021a88d892abe845e291129d88,26192,3,True,False,0,True,True
garbage_v2,/content/waste_datasets/garbage_v2/original/cardboard/cardboard_1289.jpg,cardboard,cardboard,True,512,384,RGB,7e3f9b753d038ef4fb3cbc0fa67d2cf4bf16058e83fc3251e1c5a51ca6b08a86,17224,3,True,False,0,True,True
garbage_v2,/content/waste_datasets/garbage_v2/original/plastic/plastic_556.jpg,plastic,plastic,True,512,384,RGB,7e619fbd55c4a04a748d52ab82f2464967e0cc2b424f4e36d5f54c6e9bcd5be7,10283,3,True,False,0,True,True
garbage_v2,/content/waste_datasets/garbage_v2/original/plastic/plastic_815.jpg,plastic,plastic,True,512,384,RGB,7e6eefeb3e84ec480aa1a40b923e48105fc5208e04423e47652b4a41b584dcf5,18094,3,True,False,0,True,True
garbage_v2,/content/waste_datasets/garbage_v2/original/plastic/plastic_1198.jpg,plastic,plastic,True,512,384,RGB,7e8d8ca65e56e0eb598928c026907bd54109ac5533a6b8ce3771664c4212ea28,12632,3,True,False,0,True,True
garbage_v2,/content/waste_datasets/garbage_v2/original/glass/glass_368.jpg,glass,glass,True,512,384,RGB,7eb308d3a1169c1cdfbb10c9a9facda01204aba733795f1051225c4932866b1f,10377,3,True,False,0,True,True
garbage_v2,/content/waste_datasets/garbage_v2/original/paper/paper_701.jpg,paper,paper,True,512,384,RGB,7ec43fc936a809ca74cb55daabd0097236017cb4f205de16befb96dda33e779c,34590,3,True,False,0,True,True
garbage_v2,/content/waste_datasets/garbage_v2/original/cardboard/cardboard_682.jpg,cardboard,cardboard,True,512,384,RGB,7ec50537bb0c191c59eb2187ac99ea2f143bf915a61755249487e268ff0daeae,15085,3,True,False,0,True,True
garbage_v2,/content/waste_datasets/garbage_v2/original/metal/metal_676.jpg,metal,metal,True,512,384,RGB,7eced799ed72a68fc87e04274a1ea016fe888eac6d944f601d9c4cc7623eba9e,14182,3,True,False,0,True,True
garbage_v2,/content/waste_datasets/garbage_v2/original/cardboard/cardboard_648.jpg,cardboard,cardboard,True,512,384,RGB,7ee288c8ffaf785aa8ca468ed3688ffd0524b26bcf3409692ac74e6fa92e1cdd,12261,3,True,False,0,True,True
garbage_v2,/content/waste_datasets/garbage_v2/original/plastic/plastic_114.jpg,plastic,plastic,True,512,384,RGB,7ef599e5edf2b0c5ba84992507aa5a90250faf7c1fa9cbc93c0c42601a0e0c24,31970,3,True,False,0,True,True
garbage_v2,/content/waste_datasets/garbage_v2/original/metal/metal_81.jpg,metal,metal,True,512,384,RGB,7f174868aec04cf615763c51c00d3cb4004c67da204d40238656b79d4cd8ad4e,25326,3,True,False,0,True,True
garbage_v2,/content/waste_datasets/garbage_v2/original/paper/paper_1208.jpg,paper,paper,True,512,384,RGB,7f345d8a55b4621fbbc8b3ccb541e98de637d28454282dfb512d1dea0fde3f17,26365,3,True,False,0,True,True
garbage_v2,/content/waste_datasets/garbage_v2/original/plastic/plastic_282.jpg,plastic,plastic,True,512,384,RGB,7f4eb255c95899e33a37895fff70b99314c037995de0a6c2a4d53c4e14226889,6342,3,True,False,0,True,True
garbage_v2,/content/waste_datasets/garbage_v2/original/plastic/plastic_1117.jpg,plastic,plastic,True,512,384,RGB,7f728b9e10baef5d4ff0661f2c51939ec71f8b03a792ecc092720dbc30e4d4c8,12718,3,True,False,0,True,True
garbage_v2,/content/waste_datasets/garbage_v2/original/paper/paper_501.jpg,paper,paper,True,512,384,RGB,7f90584427c4c9a2fe2fd7ef285d99c2836de4a04736a77de05b8d51c3c63aed,41194,3,True,False,0,True,True
garbage_v2,/content/waste_datasets/garbage_v2/original/metal/metal_886.jpg,metal,metal,True,512,384,RGB,7fc46680580b2c3d7750b9ea1b0504b70db5ad4e6acb0e874eade1032356f513,13162,3,True,False,0,True,True
garbage_v2,/content/waste_datasets/garbage_v2/original/cardboard/cardboard_341.jpg,cardboard,cardboard,True,512,384,RGB,7fc8374271509d01e96b9bf0408b5c96f767be1b74fa64861dd0b993fdac60d0,8827,3,True,False,0,True,True
garbage_v2,/content/waste_datasets/garbage_v2/original/paper/paper_643.jpg,paper,paper,True,512,384,RGB,7fdb4554d77ec39d4585018167349eb455e9a5358b4000afd7b3817b356b7071,14492,3,True,False,0,True,True
garbage_v2,/content/waste_datasets/garbage_v2/original/cardboard/cardboard_1296.jpg,cardboard,cardboard,True,512,384,RGB,7ff7a2d63bd81ccb00072311bdae1811e05be2407165ab3dd57d81d41a28ccd4,17712,3,True,False,0,True,True
garbage_v2,/content/waste_datasets/garbage_v2/original/paper/paper_468.jpg,paper,paper,True,512,384,RGB,805325e683b5b94a070bad3d6d1ce98c8038993a557b39f3ae0f10ecbaf0bdf1,12147,3,True,False,0,True,True
garbage_v2,/content/waste_datasets/garbage_v2/original/metal/metal_349.jpg,metal,metal,True,512,384,RGB,8068751cd8ae7208f9f7af575fa1406cf8aeb5af232882baf091dd99544c2b5b,21888,3,True,False,0,True,True
garbage_v2,/content/waste_datasets/garbage_v2/original/plastic/plastic_995.jpg,plastic,plastic,True,512,384,RGB,808a490dc41a1f9d3ddde4e354c894d76e346402f6da7809fb4ba02622ffe823,12951,3,True,False,0,True,True
garbage_v2,/content/waste_datasets/garbage_v2/original/metal/metal_235.jpg,metal,metal,True,512,384,RGB,80a4427fa8828b37c2bcb969e941956a50ebd2f7578975dd2842b68d11f8741e,12307,3,True,False,0,True,True
garbage_v2,/content/waste_datasets/garbage_v2/original/plastic/plastic_333.jpg,plastic,plastic,True,512,384,RGB,80c1dadce4be8f73ce9cc0f2cc8deded5d9c7781304e1d61fa2db9b50f7ce985,9262,3,True,False,0,True,True
garbage_v2,/content/waste_datasets/garbage_v2/original/cardboard/cardboard_1402.jpg,cardboard,cardboard,True,512,384,RGB,80d7fbff6aef0cc81e65044a3dbcec2adeadca5c29f7500092b0b40f986483bc,13571,3,True,False,0,True,True
garbage_v2,/content/waste_datasets/garbage_v2/original/paper/paper_1292.jpg,paper,paper,True,512,384,RGB,80e88596040e1d7a8e65f71d7a0f76ea7b682a617344ca4cb6c13b3cc3094000,17203,3,True,False,0,True,True
garbage_v2,/content/waste_datasets/garbage_v2/original/paper/paper_675.jpg,paper,paper,True,512,384,RGB,8105f3558247510a47d62661718f3fb447299f8bbe8a52eafeb79dbfe05d0526,17469,3,True,False,0,True,True
garbage_v2,/content/waste_datasets/garbage_v2/original/metal/metal_82.jpg,metal,metal,True,512,384,RGB,8166cb0d443207d381591d3fdc0777a84c282f0e3eb4e1489dff71e11bd1aa4a,10863,3,True,False,0,True,True
garbage_v2,/content/waste_datasets/garbage_v2/original/cardboard/cardboard_776.jpg,cardboard,cardboard,True,512,384,RGB,8170427a6cfad81f832c9492b919dbc4400c808fbd5d077a00ff40dffedf2d87,19113,3,True,False,0,True,True
garbage_v2,/content/waste_datasets/garbage_v2/original/plastic/plastic_90.jpg,plastic,plastic,True,512,384,RGB,817235dd5f4c5ee053684622951ea0f221763095e458f28a5b2727801389a278,8292,3,True,False,0,True,True
garbage_v2,/content/waste_datasets/garbage_v2/original/plastic/plastic_931.jpg,plastic,plastic,True,512,384,RGB,819a168f2adf861ecff0176d9474882af0f4018f1e20541fe652665427eb3cc3,11149,3,True,False,0,True,True
garbage_v2,/content/waste_datasets/garbage_v2/original/cardboard/cardboard_500.jpg,cardboard,cardboard,True,512,384,RGB,82a332a37e0b03c24482b8478781ed1467ee7843bf807cab5165242d823d98f8,19525,3,True,False,0,True,True
garbage_v2,/content/waste_datasets/garbage_v2/original/plastic/plastic_948.jpg,plastic,plastic,True,512,384,RGB,82c007f3b58bb183d0cf048b00308c7e9dc0a0be49213ee7db178e541223beea,22944,3,True,False,0,True,True
garbage_v2,/content/waste_datasets/garbage_v2/original/glass/glass_657.jpg,glass,glass,True,512,384,RGB,82caaea4ff69677e27ee0147b95ed7b220f465a1ad543dfd2e7ed88e41c3354f,20290,3,True,False,0,True,True
garbage_v2,/content/waste_datasets/garbage_v2/original/metal/metal_227.jpg,metal,metal,True,512,384,RGB,82fe752309b526ff9836471a58693a35087317d19a23d401bc56931857e9f5f7,16370,3,True,False,0,True,True
garbage_v2,/content/waste_datasets/garbage_v2/original/paper/paper_513.jpg,paper,paper,True,512,384,RGB,8303e24006a890886c240fdebafd2367bb155876400f431869ce3ed485978c92,16960,3,True,False,0,True,True
garbage_v2,/content/waste_datasets/garbage_v2/original/metal/metal_601.jpg,metal,metal,True,512,384,RGB,8304dca3c312d10eca697d60bcbbac74858971d966019a7807c6ff22d95c1256,11691,3,True,False,0,True,True
garbage_v2,/content/waste_datasets/garbage_v2/original/paper/paper_435.jpg,paper,paper,True,512,384,RGB,83240e4486abf863306a7f9d9c8636d4c0f2d9d0a0cd006ac7b98c9f500609d5,19234,3,True,False,0,True,True
garbage_v2,/content/waste_datasets/garbage_v2/original/cardboard/cardboard_436.jpg,cardboard,cardboard,True,512,384,RGB,836403b50cf91c009d42c3e64ef132a4799c2808a43ce155549e4dc57cdfe446,14457,3,True,False,0,True,True
garbage_v2,/content/waste_datasets/garbage_v2/original/cardboard/cardboard_705.jpg,cardboard,cardboard,True,512,384,RGB,836a0b77bcf24950f06b5c69dfe84079f208f12dfcd2aa9b1970b81f3f78e4e2,23340,3,True,False,0,True,True
garbage_v2,/content/waste_datasets/garbage_v2/original/paper/paper_520.jpg,paper,paper,True,512,384,RGB,8389eea3660c3bfcf6dac97bb4a4c0f39d2d1157a6c3d2769cf6f3bf3dd0e8f9,34186,3,True,False,0,True,True
garbage_v2,/content/waste_datasets/garbage_v2/original/glass/glass_1625.jpg,glass,glass,True,512,384,RGB,83cdedb5bd0cdafa92fc5dc81430bdc3a00b508d32008abde5d408dc024c4a62,10536,3,True,False,0,True,True
garbage_v2,/content/waste_datasets/garbage_v2/original/paper/paper_497.jpg,paper,paper,True,512,384,RGB,84394af3da0036e7514be37e2b90f78860e1835bfd4beef8ea2f797dabc7dec7,21742,3,True,False,0,True,True
garbage_v2,/content/waste_datasets/garbage_v2/original/paper/paper_1136.jpg,paper,paper,True,512,384,RGB,846cd3a2d5456ebcd00a66353cdd8f4bac1055eb0910a87a9e7b9493aa780492,11908,3,True,False,0,True,True
garbage_v2,/content/waste_datasets/garbage_v2/original/glass/glass_373.jpg,glass,glass,True,512,384,RGB,8474654cccd1963de561e8269fec2ea7904ea46fccc274cb91a7cec993897cfa,8642,3,True,False,0,True,True
garbage_v2,/content/waste_datasets/garbage_v2/original/paper/paper_694.jpg,paper,paper,True,512,384,RGB,8474feb827c0e0e31c261bcb535898b1b22546039ecb54daeabe6cdbef723f8b,18098,3,True,False,0,True,True
garbage_v2,/content/waste_datasets/garbage_v2/original/metal/metal_377.jpg,metal,metal,True,512,384,RGB,848b01fb761ed29fd1bad130b3b526fea747c5338c953900fa117eec154de1f0,19791,3,True,False,0,True,True
garbage_v2,/content/waste_datasets/garbage_v2/original/metal/metal_876.jpg,metal,metal,True,512,384,RGB,849031109bca9ca152522d22922047701690fe65679a0d648f55f71a0813da0d,27002,3,True,False,0,True,True
garbage_v2,/content/waste_datasets/garbage_v2/original/metal/metal_571.jpg,metal,metal,True,512,384,RGB,84ce722eda5b8d808390eae7dd1806ecac46b741e723d5be605a795aeb29874a,15088,3,True,False,0,True,True
garbage_v2,/content/waste_datasets/garbage_v2/original/paper/paper_115.jpg,paper,paper,True,512,384,RGB,84cf838bb39699b0ddf461657b8e0bc469d2a82ca923882a22edaf9ffe058b3c,9961,3,True,False,0,True,True
garbage_v2,/content/waste_datasets/garbage_v2/original/metal/metal_502.jpg,metal,metal,True,512,384,RGB,84f300c14209af81e9f613fc977561c55ab90c661f689fb1e782e752b080685f,21926,3,True,False,0,True,True
garbage_v2,/content/waste_datasets/garbage_v2/original/paper/paper_429.jpg,paper,paper,True,512,384,RGB,84f3c2cda395f5ceb202f4289bc1aad7354db5351d3a136d1afcb50aa4f403a7,10023,3,True,False,0,True,True
garbage_v2,/content/waste_datasets/garbage_v2/original/glass/glass_481.jpg,glass,glass,True,512,384,RGB,850961fc34788d29d82bb1b76396672915b8e5c5e5a1ca33b562c8b9d45bd812,8450,3,True,False,0,True,True
garbage_v2,/content/waste_datasets/garbage_v2/original/paper/paper_1149.jpg,paper,paper,True,512,384,RGB,854126a082919ebe0f9f127d58cf32ff0161c02fb836a33ce620aea08146f712,21548,3,True,False,0,True,True
garbage_v2,/content/waste_datasets/garbage_v2/original/plastic/plastic_386.jpg,plastic,plastic,True,512,384,RGB,856aa849534ac1859b5a85bf76b7ca02a18e608d2258841cf2215dabff8c4629,8254,3,True,False,0,True,True
garbage_v2,/content/waste_datasets/garbage_v2/original/glass/glass_1173.jpg,glass,glass,True,512,384,RGB,8596099c171405979a7b9f7ac2320b4aa9280e87b79f9474efc33697ed699e6b,12141,3,True,False,0,True,True
garbage_v2,/content/waste_datasets/garbage_v2/original/paper/paper_342.jpg,paper,paper,True,512,384,RGB,85aaff6366c591fd1293f0b1a6a78bdbe010c2f78418bb3269fde864a968153a,10835,3,True,False,0,True,True
garbage_v2,/content/waste_datasets/garbage_v2/original/glass/glass_868.jpg,glass,glass,True,512,384,RGB,85ac6ccd301a01da12c0b2238d3a1a565604bf1a7ea839b2cd084d98bd7ef6a7,10459,3,True,False,0,True,True
garbage_v2,/content/waste_datasets/garbage_v2/original/paper/paper_371.jpg,paper,paper,True,512,384,RGB,85afe3c81506544f2e5961185dcdbd6adae491710db4eca3ab9280669a2cb0a8,14097,3,True,False,0,True,True
garbage_v2,/content/waste_datasets/garbage_v2/original/metal/metal_305.jpg,metal,metal,True,512,384,RGB,85b595fd5f02d95b201370a1ae5e105ff7626c5462cb781e1c876cd04b0ae671,13841,3,True,False,0,True,True
garbage_v2,/content/waste_datasets/garbage_v2/original/cardboard/cardboard_1323.jpg,cardboard,cardboard,True,512,384,RGB,85ca420c5c55e66da50252c1bd17de82408fb0909ef3eeb49573dd57f34c53ac,10523,3,True,False,0,True,True
garbage_v2,/content/waste_datasets/garbage_v2/original/paper/paper_406.jpg,paper,paper,True,512,384,RGB,85d26779ad4fbb4d8b146f7ac09e177d36b105f1a4271013ad59d97e1c1ead72,6962,3,True,False,0,True,True
garbage_v2,/content/waste_datasets/garbage_v2/original/plastic/plastic_1119.jpg,plastic,plastic,True,512,384,RGB,85f8f176fd9b9abd4fc5291679deaecb6e09d45192b4a9832f8188c28a2f635b,10042,3,True,False,0,True,True
garbage_v2,/content/waste_datasets/garbage_v2/original/plastic/plastic_22.jpg,plastic,plastic,True,512,384,RGB,861ba3d17ff24a8bd51210f991d34b019b73cbaeb0fa059655c4ef1da2c7c6d8,12081,3,True,False,0,True,True
garbage_v2,/content/waste_datasets/garbage_v2/original/plastic/plastic_345.jpg,plastic,plastic,True,512,384,RGB,862a45ce202043c3f295f63bba732b6ca4515fe0601010ad73d971333c9dc69e,7171,3,True,False,0,True,True
garbage_v2,/content/waste_datasets/garbage_v2/original/plastic/plastic_842.jpg,plastic,plastic,True,512,384,RGB,86404f9ce0592b4dbc0c53ea0354c85114bf9e0fc640719b31400273ed929db8,11110,3,True,False,0,True,True
garbage_v2,/content/waste_datasets/garbage_v2/original/paper/paper_420.jpg,paper,paper,True,512,384,RGB,864d3e080dbbfd68bae03035dbf482a1cb2879f9236982a2b0103bb4f122a33b,17038,3,True,False,0,True,True
garbage_v2,/content/waste_datasets/garbage_v2/original/plastic/plastic_557.jpg,plastic,plastic,True,512,384,RGB,8674e04ee46792c5cc1c5148b070495a749f189d0495f18d9f8b29df428decdc,16753,3,True,False,0,True,True
garbage_v2,/content/waste_datasets/garbage_v2/original/paper/paper_26.jpg,paper,paper,True,512,384,RGB,868bba7189276887f4f84a656cdfcd0f0934cb0a0308e8eba7806f37e7317e66,14228,3,True,False,0,True,True
garbage_v2,/content/waste_datasets/garbage_v2/original/cardboard/cardboard_839.jpg,cardboard,cardboard,True,512,384,RGB,868c4afe5202cd867753d6ff2422894c43d74d64b907db1d57fe33fd93f7307d,24385,3,True,False,0,True,True
garbage_v2,/content/waste_datasets/garbage_v2/original/metal/metal_531.jpg,metal,metal,True,512,384,RGB,86a37aa48d59b282eacbc926500172c55c7836b4ad45517423c23cc99f7058c4,30472,3,True,False,0,True,True
garbage_v2,/content/waste_datasets/garbage_v2/original/plastic/plastic_1050.jpg,plastic,plastic,True,512,384,RGB,86c49ad6ad1213ca8e78308201430378e8fb87b3ffe624993773e6828bf7e30a,6218,3,True,False,0,True,True
garbage_v2,/content/waste_datasets/garbage_v2/original/paper/paper_939.jpg,paper,paper,True,512,384,RGB,86f7de44fce23c740e02b4d8c8028e682acaf1e4496d99eab51bac58ddbce809,28834,3,True,False,0,True,True
garbage_v2,/content/waste_datasets/garbage_v2/original/cardboard/cardboard_720.jpg,cardboard,cardboard,True,512,384,RGB,86fffdf4a0ef8b31d297adaaf32ab1e681a5104365b857411aacf8e053050b88,24876,3,True,False,0,True,True
garbage_v2,/content/waste_datasets/garbage_v2/original/metal/metal_357.jpg,metal,metal,True,512,384,RGB,871b620dcae2c9bb012162c756a53e00d7c288a9b5014c67f7f7bf0f8da82bd2,19198,3,True,False,0,True,True
garbage_v2,/content/waste_datasets/garbage_v2/original/paper/paper_232.jpg,paper,paper,True,512,384,RGB,873e89cca019d57e876d5c3167ee27469bf12bc234bc8e438410e06d48613991,9352,3,True,False,0,True,True
garbage_v2,/content/waste_datasets/garbage_v2/original/cardboard/cardboard_124.jpg,cardboard,cardboard,True,512,384,RGB,8746597e062e9897fd53526a66c5ac35c2aefca4ca2c5e6cf3f928b87362e55d,16816,3,True,False,0,True,True
garbage_v2,/content/waste_datasets/garbage_v2/original/plastic/plastic_133.jpg,plastic,plastic,True,512,384,RGB,87635df246f224b72acac9ec299736d164f175a0e9bbe569a0991ddf7a638e6c,18243,3,True,False,0,True,True
garbage_v2,/content/waste_datasets/garbage_v2/original/glass/glass_433.jpg,glass,glass,True,512,384,RGB,877205a8df9d0d5fea3ccde83297097d3760f6653e36dae7e37b4621e9ff92bc,12261,3,True,False,0,True,True
garbage_v2,/content/waste_datasets/garbage_v2/original/paper/paper_632.jpg,paper,paper,True,512,384,RGB,87726b7e105dd96147e3ab39ef80d972effbfeee83b6f5c1b18e01faffd0338e,24680,3,True,False,0,True,True
garbage_v2,/content/waste_datasets/garbage_v2/original/trash/trash_287.jpg,trash,trash,True,512,384,RGB,878ededaa72ce87581c64fb73535d6c8a00a1d97215c02fd09066870de222322,16462,2,True,False,0,True,True
garbage_v2,/content/waste_datasets/garbage_v2/original/metal/metal_127.jpg,metal,metal,True,512,384,RGB,87a4626c3af3efaafdac46dd7fc4258cd432d32e2de4c620c2d4e39f28999b2b,17554,3,True,False,0,True,True
garbage_v2,/content/waste_datasets/garbage_v2/original/plastic/plastic_521.jpg,plastic,plastic,True,512,384,RGB,87b7c1963f3edaf573ca0b650117b57f082754cf03e96e9b5f32c89bb0d4baf3,22379,3,True,False,0,True,True
garbage_v2,/content/waste_datasets/garbage_v2/original/metal/metal_137.jpg,metal,metal,True,512,384,RGB,87f5acddffe00ac6e78e94849697d31afd80a5aac3c7061615db57eb822825d0,13578,3,True,False,0,True,True
garbage_v2,/content/waste_datasets/garbage_v2/original/cardboard/cardboard_998.jpg,cardboard,cardboard,True,512,384,RGB,881027a86eaf5e514e18af4e0738603b416d60c4099c55d448f618737ff448da,19714,3,True,False,0,True,True
garbage_v2,/content/waste_datasets/garbage_v2/original/metal/metal_247.jpg,metal,metal,True,512,384,RGB,881525ed0d214be04ffa9c3cf08bf6a457ba4a7a1f3c40c39de285c188859a5f,11671,3,True,False,0,True,True
garbage_v2,/content/waste_datasets/garbage_v2/original/cardboard/cardboard_187.jpg,cardboard,cardboard,True,512,384,RGB,883026ba5e84644c7e0041773091765f10dc8689fe68f556e0f174fad1cd41c2,15237,3,True,False,0,True,True
garbage_v2,/content/waste_datasets/garbage_v2/original/paper/paper_827.jpg,paper,paper,True,512,384,RGB,884de574a74b6f1e6ebbee93cb83879d72e656b6a9316a88400f7c6e03d75044,48604,3,True,False,0,True,True
garbage_v2,/content/waste_datasets/garbage_v2/original/glass/glass_1178.jpg,glass,glass,True,512,384,RGB,88c4a19af26f2b4bfd8781acca88f80062fd3c2f31c69efb2f5ad15a446c9a9c,12586,3,True,False,0,True,True
garbage_v2,/content/waste_datasets/garbage_v2/original/glass/glass_1305.jpg,glass,glass,True,512,384,RGB,89004d864142144b6940c47e078186016e3cda35cc057bc1536312b9a36d785e,20148,3,True,False,0,True,True
garbage_v2,/content/waste_datasets/garbage_v2/original/plastic/plastic_1347.jpg,plastic,plastic,True,512,384,RGB,892ed231f4d541b31c3f49bc5765a8c93647ddf5a317034742f83d46cb940ad7,17663,3,True,False,0,True,True
garbage_v2,/content/waste_datasets/garbage_v2/original/paper/paper_1259.jpg,paper,paper,True,512,384,RGB,8939c24c9c7ac7297166bb8e151108df099893d1a5c479b906665d45a7292f51,11889,3,True,False,0,True,True
garbage_v2,/content/waste_datasets/garbage_v2/original/glass/glass_769.jpg,glass,glass,True,512,384,RGB,8944742907e30a66bbde894569f973104a876f4b46be5772e4a6eb9f03d73122,13625,3,True,False,0,True,True
garbage_v2,/content/waste_datasets/garbage_v2/original/plastic/plastic_427.jpg,plastic,plastic,True,512,384,RGB,894adaed8f5888ccec198d9084553d1b1218e0f05bed3a5e8aa6918f0faece36,17324,3,True,False,0,True,True
garbage_v2,/content/waste_datasets/garbage_v2/original/plastic/plastic_111.jpg,plastic,plastic,True,512,384,RGB,89639ec1d3248a9846e4bc2b943826fdc0e26200bda8196bd0b5d81fbb9cac0d,9826,3,True,False,0,True,True
garbage_v2,/content/waste_datasets/garbage_v2/original/plastic/plastic_1370.jpg,plastic,plastic,True,512,384,RGB,89727a52b4a17ae1508d41186ed38d03df84d0cf3b4ba2813cea9507d55e36e5,14628,3,True,False,0,True,True
garbage_v2,/content/waste_datasets/garbage_v2/original/metal/metal_17.jpg,metal,metal,True,512,384,RGB,89973ff7d5c5d42652431b11bf86c73c7dab04fcf49f7742d6f54d65984445be,7606,3,True,False,0,True,True
garbage_v2,/content/waste_datasets/garbage_v2/original/paper/paper_590.jpg,paper,paper,True,512,384,RGB,89c34d6081d6253eec9ff5d4b81d5e406de7b5ddd6ec4563eb55cc986181fa5c,35413,3,True,False,0,True,True
garbage_v2,/content/waste_datasets/garbage_v2/original/paper/paper_1198.jpg,paper,paper,True,512,384,RGB,8a20c1abf8ba3aab3d9ee69629057437bbc9e86000e468acf74da37d5310fc2a,29172,3,True,False,0,True,True
garbage_v2,/content/waste_datasets/garbage_v2/original/plastic/plastic_450.jpg,plastic,plastic,True,512,384,RGB,8a6621ccf8739d86b2b724bbd4034d0e0d6cb6bc769b60619c995785200489ec,12344,3,True,False,0,True,True
garbage_v2,/content/waste_datasets/garbage_v2/original/metal/metal_895.jpg,metal,metal,True,512,384,RGB,8a6c01737989c3abcc5380fb964442823bcc7e7d2145146f9f2600cbf332b1de,18518,3,True,False,0,True,True
garbage_v2,/content/waste_datasets/garbage_v2/original/metal/metal_505.jpg,metal,metal,True,512,384,RGB,8a7ac3f8a04ad5b16580dfbeb8b02dc38ca17d02fa280b796840b7ad22cb6e52,41735,3,True,False,0,True,True
garbage_v2,/content/waste_datasets/garbage_v2/original/plastic/plastic_570.jpg,plastic,plastic,True,512,384,RGB,8a7feb499061a9fb97f270c5fd7958813561d76d75e286ba21035091c76573de,14287,2,True,False,0,True,True
garbage_v2,/content/waste_datasets/garbage_v2/original/cardboard/cardboard_841.jpg,cardboard,cardboard,True,512,384,RGB,8aa23475abf49b4b68b3f3b1c9d6baeabe834d4e90b37a63cecbecaf07776c36,21759,3,True,False,0,True,True
garbage_v2,/content/waste_datasets/garbage_v2/original/cardboard/cardboard_1313.jpg,cardboard,cardboard,True,512,384,RGB,8ab818052aa60477936b59feaba1ad62c9a4c1afaa8c6643fdfb43b6d94ec4e0,16164,3,True,False,0,True,True
garbage_v2,/content/waste_datasets/garbage_v2/original/plastic/plastic_682.jpg,plastic,plastic,True,512,384,RGB,8adfd45c91e59217eb86fbf17b7cc91ea7e3c5e72c9ff5c32d59d97b43766991,12285,3,True,False,0,True,True
garbage_v2,/content/waste_datasets/garbage_v2/original/metal/metal_862.jpg,metal,metal,True,512,384,RGB,8ae03f7749fc396d487244ed1cad32954c5d579fcd2620b609ac8f7f578bad14,17840,3,True,False,0,True,True
garbage_v2,/content/waste_datasets/garbage_v2/original/paper/paper_896.jpg,paper,paper,True,512,384,RGB,8afd191f79f0d13ea26a83af9f4bd4f94a38abd161c1f2a400c564520daae03c,42245,3,True,False,0,True,True
garbage_v2,/content/waste_datasets/garbage_v2/original/cardboard/cardboard_1300.jpg,cardboard,cardboard,True,512,384,RGB,8b0231fdc23671c896a016a56fb0b549c2add9e85771dcb647e18af23e1c6223,22568,3,True,False,0,True,True
garbage_v2,/content/waste_datasets/garbage_v2/original/plastic/plastic_1340.jpg,plastic,plastic,True,512,384,RGB,8b3af4c5f1c1533d5534ac5fcb1577ba1eb84fef699a3a82028606b4043caab7,15481,3,True,False,0,True,True
garbage_v2,/content/waste_datasets/garbage_v2/original/metal/metal_169.jpg,metal,metal,True,512,384,RGB,8b589d4d3c385ba8ff4f25b2b450ecf651ba437d2ebce67aa9b5eb4e71724c29,7058,3,True,False,0,True,True
garbage_v2,/content/waste_datasets/garbage_v2/original/paper/paper_851.jpg,paper,paper,True,512,384,RGB,8b80857da6f4f7f267f7583921b41c8f337c63572f44c366357925a30dce94dc,11037,3,True,False,0,True,True
garbage_v2,/content/waste_datasets/garbage_v2/original/glass/glass_1403.jpg,glass,glass,True,512,384,RGB,8b8bcf3b00f54432b3a5ef9e259b39f80ff28c99307be805bf578e2a036bfc88,11018,3,True,False,0,True,True
garbage_v2,/content/waste_datasets/garbage_v2/original/glass/glass_1708.jpg,glass,glass,True,512,384,RGB,8ba68772a1b797c4ac15ad1623cf2bfabed9ac801962358039c7a9873d3afbfe,8946,3,True,False,0,True,True
garbage_v2,/content/waste_datasets/garbage_v2/original/paper/paper_848.jpg,paper,paper,True,512,384,RGB,8ba7484ab655c91f2a6786c03ffdc7b9f0c1a10c343ec2355a92f355a42ad251,10182,3,True,False,0,True,True
garbage_v2,/content/waste_datasets/garbage_v2/original/cardboard/cardboard_429.jpg,cardboard,cardboard,True,512,384,RGB,8bc75c6725f0e9588ba990ed5e5f1bca9da5259eb8e31be0d11ba35afb18412e,7797,3,True,False,0,True,True
garbage_v2,/content/waste_datasets/garbage_v2/original/paper/paper_615.jpg,paper,paper,True,512,384,RGB,8bcd2587bab0e7a5db16c85ab5cf9128feb66e014abaca8dfa4de307bc431706,15612,3,True,False,0,True,True
garbage_v2,/content/waste_datasets/garbage_v2/original/cardboard/cardboard_478.jpg,cardboard,cardboard,True,512,384,RGB,8bd1aabedd29051527b25eaa4f3163b6c4b06af66d14da23412a8916f6c28591,19438,3,True,False,0,True,True
garbage_v2,/content/waste_datasets/garbage_v2/original/cardboard/cardboard_792.jpg,cardboard,cardboard,True,512,384,RGB,8bdd9137310a29365d06b152fc545355154bd24b457fea0398e41bd045b1ebf7,14320,3,True,False,0,True,True
garbage_v2,/content/waste_datasets/garbage_v2/original/cardboard/cardboard_1339.jpg,cardboard,cardboard,True,512,384,RGB,8beb0f6c0462c17405722a71a08bb18fba20e964cf12adb1a63020968782564f,22184,3,True,False,0,True,True
garbage_v2,/content/waste_datasets/garbage_v2/original/glass/glass_552.jpg,glass,glass,True,512,384,RGB,8bf2937d21fe919fd3e32f72b60e93d1068ef5f88c122280b2097d0b69d91332,7908,3,True,False,0,True,True
garbage_v2,/content/waste_datasets/garbage_v2/original/trash/trash_142.jpg,trash,trash,True,512,384,RGB,8c10c016558a7ba0735f0a23b5e68ba5681b4440fb875405609e1e4250c3d0d5,8517,2,True,False,0,True,True
garbage_v2,/content/waste_datasets/garbage_v2/original/plastic/plastic_350.jpg,plastic,plastic,True,512,384,RGB,8c314191a4963a276888030e5aec28d77cf8c0f4a0e964deef0ade385cec3838,13706,3,True,False,0,True,True
garbage_v2,/content/waste_datasets/garbage_v2/original/paper/paper_990.jpg,paper,paper,True,512,384,RGB,8c56a967409863f218b0f289b22a5accc91f99f4b21100cbdf01eaaca54c6a2b,14636,3,True,False,0,True,True
garbage_v2,/content/waste_datasets/garbage_v2/original/cardboard/cardboard_651.jpg,cardboard,cardboard,True,512,384,RGB,8c5fc72fb93efeb74d912c8ead8dfde62894aabd5aa5ceb67cb261d7efa13e09,17225,3,True,False,0,True,True
garbage_v2,/content/waste_datasets/garbage_v2/original/metal/metal_805.jpg,metal,metal,True,512,384,RGB,8c631b399474092ee2527e13fa431b2d8bf2f814956735b34f92bd7845651977,17194,3,True,False,0,True,True
garbage_v2,/content/waste_datasets/garbage_v2/original/glass/glass_841.jpg,glass,glass,True,512,384,RGB,8c70f3fd481062a5eb948b2b8db31b2289eb02fba8f7135dd22fb49655208f70,20951,3,True,False,0,True,True
garbage_v2,/content/waste_datasets/garbage_v2/original/metal/metal_918.jpg,metal,metal,True,512,384,RGB,8c9a254781650fffc9ff2f95d7db6cd73ca81de60a099e58d9bc06b8670a1989,15262,3,True,False,0,True,True
garbage_v2,/content/waste_datasets/garbage_v2/original/paper/paper_1257.jpg,paper,paper,True,512,384,RGB,8ca08dad62783cf2514e949b92800e7dd56eb8955b833103eebbb342c2483633,17991,3,True,False,0,True,True
garbage_v2,/content/waste_datasets/garbage_v2/original/metal/metal_610.jpg,metal,metal,True,512,384,RGB,8cbe5acdfab8791a3286a60fde299d9a22fc4fcfb489cd69acf9458da69bd849,17387,3,True,False,0,True,True
garbage_v2,/content/waste_datasets/garbage_v2/original/plastic/plastic_278.jpg,plastic,plastic,True,512,384,RGB,8cc18cc0c6709b6a34594dd1b6b44118ee52d5a5ac38fd2eb8a14b4235bcf5f2,9536,3,True,False,0,True,True
garbage_v2,/content/waste_datasets/garbage_v2/original/cardboard/cardboard_1232.jpg,cardboard,cardboard,True,512,384,RGB,8ceb045c85ac2941ef70218acd1b0dc00024f84651973e0cc842cf992f03a49f,20176,3,True,False,0,True,True
garbage_v2,/content/waste_datasets/garbage_v2/original/metal/metal_611.jpg,metal,metal,True,512,384,RGB,8cf0c25a3722935900dd455ed58d8d42915c01710c542cada4d2d877240709d6,8188,3,True,False,0,True,True
garbage_v2,/content/waste_datasets/garbage_v2/original/plastic/plastic_347.jpg,plastic,plastic,True,512,384,RGB,8cfc88156e367be7e00baebc32cc97607794f2fb94892aff8beb28878c4d93c1,12311,3,True,False,0,True,True
garbage_v2,/content/waste_datasets/garbage_v2/original/cardboard/cardboard_679.jpg,cardboard,cardboard,True,512,384,RGB,8d072e685d5097dcdf845c3a22e7464934634f9c359d33520812426acaa74790,21861,3,True,False,0,True,True
garbage_v2,/content/waste_datasets/garbage_v2/original/cardboard/cardboard_452.jpg,cardboard,cardboard,True,512,384,RGB,8d78685afa2d683c03a94711f9d0f6292e4deed5abdcd0ba7b3f5582fe601d6a,15986,3,True,False,0,True,True
garbage_v2,/content/waste_datasets/garbage_v2/original/plastic/plastic_224.jpg,plastic,plastic,True,512,384,RGB,8da02dffba1358a9ef9130ee86d4f02f8db163976d022abac541b82b60524ea3,13080,3,True,False,0,True,True
garbage_v2,/content/waste_datasets/garbage_v2/original/paper/paper_1235.jpg,paper,paper,True,512,384,RGB,8da85fb451b03b9baceb31a430b1ded5309af208d50cd7e0aff57b6d49330896,37798,3,True,False,0,True,True
garbage_v2,/content/waste_datasets/garbage_v2/original/metal/metal_724.jpg,metal,metal,True,512,384,RGB,8dba589d0f805b89f4a63ea6be21705c686b5f72d99faed21f7dd89b173207c0,20451,3,True,False,0,True,True
garbage_v2,/content/waste_datasets/garbage_v2/original/plastic/plastic_264.jpg,plastic,plastic,True,512,384,RGB,8dbb1979032fb913540fbe907be48bf3559b594bcb5101e69ba6f6ac1e29baea,16507,3,True,False,0,True,True
garbage_v2,/content/waste_datasets/garbage_v2/original/paper/paper_157.jpg,paper,paper,True,512,384,RGB,8dc98412e1d8da9bde248aeb5850a3acd758579063f3518b5f60fbf03dc85eb2,27838,3,True,False,0,True,True
garbage_v2,/content/waste_datasets/garbage_v2/original/glass/glass_1462.jpg,glass,glass,True,512,384,RGB,8dce43c70c1455f7da0aa562231e7c6be49569b0fa034059e8a9c7627b3efb0b,17472,3,True,False,0,True,True
garbage_v2,/content/waste_datasets/garbage_v2/original/metal/metal_147.jpg,metal,metal,True,512,384,RGB,8dd6f0654f96f64f90e22f54e3b1587814cb3eab5aa650debde6060e1838ac02,14707,3,True,False,0,True,True
garbage_v2,/content/waste_datasets/garbage_v2/original/glass/glass_489.jpg,glass,glass,True,512,384,RGB,8e16a010920314f0cf8ecb5089552a26c431d2e90bddc55b6d287bbabd890fcc,13770,3,True,False,0,True,True
garbage_v2,/content/waste_datasets/garbage_v2/original/glass/glass_638.jpg,glass,glass,True,512,384,RGB,8e19f208abb0e92bf7a9ea90879496a3cf774abf4ccb1400dd8a5002d818b84b,14104,3,True,False,0,True,True
garbage_v2,/content/waste_datasets/garbage_v2/original/cardboard/cardboard_659.jpg,cardboard,cardboard,True,512,384,RGB,8eadae8cdf1cb45d4755b05571d5400ef4d2daf6297d4d6a55eca9e4fc01b802,15880,3,True,False,0,True,True
garbage_v2,/content/waste_datasets/garbage_v2/original/metal/metal_185.jpg,metal,metal,True,512,384,RGB,8ed72e0c27c92095fc99d0af7c7a32f5378138f2031df9aa11ba9ea843c1b8b5,17965,3,True,False,0,True,True
garbage_v2,/content/waste_datasets/garbage_v2/original/paper/paper_1092.jpg,paper,paper,True,512,384,RGB,8ed79d770dd19ae7516c711f60008d6fa2df835fa94f3541832d8a2767fbfb12,31680,3,True,False,0,True,True
garbage_v2,/content/waste_datasets/garbage_v2/original/paper/paper_507.jpg,paper,paper,True,512,384,RGB,8edeffd3d9dc0aefbb6d0669237476864f1abeb0b82aefa5c55d23a52fddc8e3,13568,3,True,False,0,True,True
garbage_v2,/content/waste_datasets/garbage_v2/original/plastic/plastic_259.jpg,plastic,plastic,True,512,384,RGB,8f05ce513eb42effe218cd00c0a552d1f610e53e40a44804335dadbf3ef2c0a9,20127,3,True,False,0,True,True
garbage_v2,/content/waste_datasets/garbage_v2/original/cardboard/cardboard_14.jpg,cardboard,cardboard,True,512,384,RGB,8f06853006f83cd1b7a6b2561ee61fbb3a4bcc287e7e26884131a0d91e9dacca,19281,3,True,False,0,True,True
garbage_v2,/content/waste_datasets/garbage_v2/original/glass/glass_1576.jpg,glass,glass,True,512,384,RGB,8f539caaba93c61e0b5b788f14f9bb03fab8c5a7911e191a4210c0bb64db4db1,19973,3,True,False,0,True,True
garbage_v2,/content/waste_datasets/garbage_v2/original/cardboard/cardboard_881.jpg,cardboard,cardboard,True,512,384,RGB,8f61c28b7a3cafa66e3c9a2ff6c818c288a8f31f21ad69f85135b04447060b04,21690,3,True,False,0,True,True
garbage_v2,/content/waste_datasets/garbage_v2/original/glass/glass_212.jpg,glass,glass,True,512,384,RGB,8f68e5162d9ffc13d14b8c7063ebd9bf07dde10a99a02a2275cd9a98902c3d3f,14252,3,True,False,0,True,True
garbage_v2,/content/waste_datasets/garbage_v2/original/paper/paper_490.jpg,paper,paper,True,512,384,RGB,8f7c78a2b3b24d2c20998f41ab7454011829fcc96970bf5aae106c7d66538d3a,32978,3,True,False,0,True,True
garbage_v2,/content/waste_datasets/garbage_v2/original/glass/glass_849.jpg,glass,glass,True,512,384,RGB,8fae57e5b4d3ac7065ed383cc15fd361dd85d049281160973fee7be13d793b53,8991,3,True,False,0,True,True
garbage_v2,/content/waste_datasets/garbage_v2/original/plastic/plastic_1006.jpg,plastic,plastic,True,512,384,RGB,8fbf45b1666f41f5d19903edd5822de96bd449309f12fe668891c2538f08d961,13080,3,True,False,0,True,True
garbage_v2,/content/waste_datasets/garbage_v2/original/plastic/plastic_924.jpg,plastic,plastic,True,512,384,RGB,8fc12b3278e610b3cfe16f95fc65e9cbe1eed14012a6483df6f94ca2fd4fe47b,13738,3,True,False,0,True,True
garbage_v2,/content/waste_datasets/garbage_v2/original/plastic/plastic_1432.jpg,plastic,plastic,True,512,384,RGB,8fc6634d40c03c2bbf645c53885117de9ba8d99982f90819512a7281f203515f,11584,3,True,False,0,True,True
garbage_v2,/content/waste_datasets/garbage_v2/original/metal/metal_260.jpg,metal,metal,True,512,384,RGB,8fd19560626992c39fdd8218f990c884a86971006b76827259f19416a6bef828,18373,3,True,False,0,True,True
garbage_v2,/content/waste_datasets/garbage_v2/original/plastic/plastic_1188.jpg,plastic,plastic,True,512,384,RGB,8fe2a6c5b6d485d7f040d58be8704e9988f7da90378dc0a06ef3093002b15c20,16185,3,True,False,0,True,True
garbage_v2,/content/waste_datasets/garbage_v2/original/plastic/plastic_668.jpg,plastic,plastic,True,512,384,RGB,8ff7330e4e431765516fe7dfb63f4d8a3ca7415f60409b0fad832502a8aa1de7,23094,3,True,False,0,True,True
garbage_v2,/content/waste_datasets/garbage_v2/original/cardboard/cardboard_1177.jpg,cardboard,cardboard,True,512,384,RGB,904d117504cb0f5bd28dc898fdf13c5a66273c103a97390ed84434151797dca2,23807,3,True,False,0,True,True
garbage_v2,/content/waste_datasets/garbage_v2/original/paper/paper_426.jpg,paper,paper,True,512,384,RGB,905dcbbbc2870f060b986fb8784756d6c1f93c3f4c2414bfb2c1e64df9ee8249,24441,3,True,False,0,True,True
garbage_v2,/content/waste_datasets/garbage_v2/original/metal/metal_30.jpg,metal,metal,True,512,384,RGB,9093a60e9ba7039fe941769c6f73e5a64a4d3904ec3ffb56c51d77ae45eef14f,21743,3,True,False,0,True,True
garbage_v2,/content/waste_datasets/garbage_v2/original/glass/glass_699.jpg,glass,glass,True,512,384,RGB,90c0931c3cf6c7ed6ccbbf8d1bc81b248876b19a9a84f5aa9dcd56809abe8af3,12197,3,True,False,0,True,True
garbage_v2,/content/waste_datasets/garbage_v2/original/cardboard/cardboard_665.jpg,cardboard,cardboard,True,512,384,RGB,90cc4f1fa51b32bb82637b946ef03a11152ac9c6a4348f4dc3eb5b2eec7f203f,33629,3,True,False,0,True,True
garbage_v2,/content/waste_datasets/garbage_v2/original/plastic/plastic_1376.jpg,plastic,plastic,True,512,384,RGB,90dee1473fe6eef923e1311438bff2a867777f7641ee6c524dd26fa8bad0b9c2,9470,3,True,False,0,True,True
garbage_v2,/content/waste_datasets/garbage_v2/original/metal/metal_917.jpg,metal,metal,True,512,384,RGB,90df0d9174b239a2af75328dd80fd3b6dfc96471b59566e5181307ffc86e7f5f,18715,3,True,False,0,True,True
garbage_v2,/content/waste_datasets/garbage_v2/original/metal/metal_890.jpg,metal,metal,True,512,384,RGB,90eba51676932b482a1052128e3eb86fd318c988f5acf7c81eb959012c53ffc3,16083,3,True,False,0,True,True
garbage_v2,/content/waste_datasets/garbage_v2/original/plastic/plastic_849.jpg,plastic,plastic,True,512,384,RGB,90f72638e98c7d98446b1ddc98c0826e55d7b87714b9395e39d36141da2a2e4a,13737,3,True,False,0,True,True
garbage_v2,/content/waste_datasets/garbage_v2/original/paper/paper_451.jpg,paper,paper,True,512,384,RGB,90f778e6251c1b6a876a0fd17a958ca8e8d95b68cfb42102864e352594be9025,35587,3,True,False,0,True,True
garbage_v2,/content/waste_datasets/garbage_v2/original/glass/glass_609.jpg,glass,glass,True,512,384,RGB,912f44e409ee71466346bf1ef6afd2075648943be2930a0884fc00ce1d21e9f8,11835,3,True,False,0,True,True
garbage_v2,/content/waste_datasets/garbage_v2/original/trash/trash_276.jpg,trash,trash,True,512,384,RGB,91569f5d8ad69becd2f2b00717dc145ac32da62ef45f5388a6a672cfd029823e,14423,2,True,False,0,True,True
garbage_v2,/content/waste_datasets/garbage_v2/original/glass/glass_461.jpg,glass,glass,True,512,384,RGB,915d181548f0f3c7b6749b271fd0d73c7726157b54442cae32ed35953d26558a,12299,3,True,False,0,True,True
garbage_v2,/content/waste_datasets/garbage_v2/original/trash/trash_40.jpg,trash,trash,True,512,384,RGB,917e956c1df7d71729b71069800b1c9b0b5c45f4be29901c4437781244db9a58,14767,2,True,False,0,True,True
garbage_v2,/content/waste_datasets/garbage_v2/original/paper/paper_849.jpg,paper,paper,True,512,384,RGB,9199dfbfabac264bfd326826faf2fdae8c7128fd854465e4e539d7f8536ceb9e,28423,3,True,False,0,True,True
garbage_v2,/content/waste_datasets/garbage_v2/original/plastic/plastic_1311.jpg,plastic,plastic,True,512,384,RGB,91d77a33f85b448aae6b334b477010f5e181c01615c6d41329432e13945381dd,25509,3,True,False,0,True,True
garbage_v2,/content/waste_datasets/garbage_v2/original/paper/paper_802.jpg,paper,paper,True,512,384,RGB,91e6532f252b8d858aa86a96f92783e599d94cae276a249794a045622803e11e,18795,3,True,False,0,True,True
garbage_v2,/content/waste_datasets/garbage_v2/original/paper/paper_293.jpg,paper,paper,True,512,384,RGB,92024c5e902fb012f4d98d522ab7670494fafe78a3feec0d84d03413e626e259,25283,3,True,False,0,True,True
garbage_v2,/content/waste_datasets/garbage_v2/original/paper/paper_905.jpg,paper,paper,True,512,384,RGB,921ddd2bb02e7200f0e3260b8a3e639246335b997283dc3790c306a1715a1cb5,30106,3,True,False,0,True,True
garbage_v2,/content/waste_datasets/garbage_v2/original/cardboard/cardboard_1085.jpg,cardboard,cardboard,True,512,384,RGB,922a4eebb8634424a2b96f8d649cb97ef38f98bd08148f973c010edcb8c31de6,17360,3,True,False,0,True,True
garbage_v2,/content/waste_datasets/garbage_v2/original/plastic/plastic_28.jpg,plastic,plastic,True,512,384,RGB,9276e09c44fbf0dd5bf7f405de6efd7edfe61099f7de9019879d2eaba07f47a6,6494,3,True,False,0,True,True
garbage_v2,/content/waste_datasets/garbage_v2/original/paper/paper_494.jpg,paper,paper,True,512,384,RGB,9298d575be19f5359a2dededcd924bcc6dcf3dd5dbbf155b44a04d4e2b2e3fe4,28545,3,True,False,0,True,True
garbage_v2,/content/waste_datasets/garbage_v2/original/glass/glass_347.jpg,glass,glass,True,512,384,RGB,92a2b98e4813f70881cab3a2ef2eb2721b789c86f1a2618ec71f8554ec09317c,13660,3,True,False,0,True,True
garbage_v2,/content/waste_datasets/garbage_v2/original/glass/glass_1373.jpg,glass,glass,True,512,384,RGB,92a9ab9dcd2bea53ccc6926bc4d1509e0eba74f124342b9190e3c92fa68de1b5,10922,3,True,False,0,True,True
garbage_v2,/content/waste_datasets/garbage_v2/original/paper/paper_1286.jpg,paper,paper,True,512,384,RGB,92ab66cb5bd68b2bc3093c9f85c01cec2ee94384304179b81147c3ac396ffc7b,32820,3,True,False,0,True,True
garbage_v2,/content/waste_datasets/garbage_v2/original/glass/glass_37.jpg,glass,glass,True,512,384,RGB,92d3ac044c9ace82a0e0087a84b5682591bbdef9faad78b5c08e46012e433a3c,14631,3,True,False,0,True,True
garbage_v2,/content/waste_datasets/garbage_v2/original/paper/paper_691.jpg,paper,paper,True,512,384,RGB,92dfebef7df018d745ce136ac4160c4e64763ab19df66066a5c4322c44951467,35736,3,True,False,0,True,True
garbage_v2,/content/waste_datasets/garbage_v2/original/glass/glass_1234.jpg,glass,glass,True,512,384,RGB,92f556a2399516e96f5adfa879c524769fc9efeebc66960c0572e956b2ecc1da,17359,3,True,False,0,True,True
garbage_v2,/content/waste_datasets/garbage_v2/original/plastic/plastic_805.jpg,plastic,plastic,True,512,384,RGB,92fcf5269f1c4952f567dd3d34279842fdc7d85c4f9e117b76c40cfb3e6d470b,11091,3,True,False,0,True,True
garbage_v2,/content/waste_datasets/garbage_v2/original/paper/paper_867.jpg,paper,paper,True,512,384,RGB,9343acf12f8934a4dd9f57cd8b88df51e6193db607c109fe55776aad66b19941,20763,3,True,False,0,True,True
garbage_v2,/content/waste_datasets/garbage_v2/original/glass/glass_1268.jpg,glass,glass,True,512,384,RGB,93593c57dd926131e3c2a1a2354936f9c898de04dc1c4d5b62b783908137bb8d,14520,3,True,False,0,True,True
garbage_v2,/content/waste_datasets/garbage_v2/original/paper/paper_810.jpg,paper,paper,True,512,384,RGB,9365a055f79a8a5645a9f8cffce3d3f509f46f0c232d8c9d5aa829adf10a5664,31385,3,True,False,0,True,True
garbage_v2,/content/waste_datasets/garbage_v2/original/paper/paper_817.jpg,paper,paper,True,512,384,RGB,93809aca561a45191a8b3e9d29885755a364a51efea2cd3f19a7fa9266e64f7b,14139,3,True,False,0,True,True
garbage_v2,/content/waste_datasets/garbage_v2/original/metal/metal_526.jpg,metal,metal,True,512,384,RGB,9384852d8b01d1059b7d39a3f10f448467d60bb03aea8967839264f049eab30a,15919,3,True,False,0,True,True
garbage_v2,/content/waste_datasets/garbage_v2/original/glass/glass_122.jpg,glass,glass,True,512,384,RGB,93cd4b08545039186e95e8785c324e5b62f2d3a14d5139113e59e7d7ba04e549,18626,3,True,False,0,True,True
garbage_v2,/content/waste_datasets/garbage_v2/original/paper/paper_743.jpg,paper,paper,True,512,384,RGB,940457439d824688cf889c55782469cf05509809e99e515fc42888ba5dac8d89,8480,3,True,False,0,True,True
garbage_v2,/content/waste_datasets/garbage_v2/original/paper/paper_1010.jpg,paper,paper,True,512,384,RGB,943456df0f128c36d5cb2ec83d2d4587b1183dd5ea5ef40532986e1f905cd212,39326,3,True,False,0,True,True
garbage_v2,/content/waste_datasets/garbage_v2/original/glass/glass_1643.jpg,glass,glass,True,512,384,RGB,94414919083006bdaa55d3fa5c1cf98324b0c3a87436c6d25c27e34ef9ffaaa6,27966,3,True,False,0,True,True
garbage_v2,/content/waste_datasets/garbage_v2/original/paper/paper_1.jpg,paper,paper,True,512,384,RGB,944939b365cc992a557100c9b9010d40716ccd9f98dd1448b5c6135300c42c52,11498,3,True,False,0,True,True
garbage_v2,/content/waste_datasets/garbage_v2/original/cardboard/cardboard_1329.jpg,cardboard,cardboard,True,512,384,RGB,946cd8879f7fee0903565ffc3800ebda7ca33ac087561ca0bf1612714bcd4d5c,11950,3,True,False,0,True,True
garbage_v2,/content/waste_datasets/garbage_v2/original/metal/metal_154.jpg,metal,metal,True,512,384,RGB,947288224d612f8c7dced73d0ac17ab9608caa6627ef8d5da5628fce3a7a3579,21433,3,True,False,0,True,True
garbage_v2,/content/waste_datasets/garbage_v2/original/trash/trash_370.jpg,trash,trash,True,512,384,RGB,948b1a1e823db469dde660fb69c2f217ca58256ddd565361cfc8e9eca24bb0e5,19110,2,True,False,0,True,True
garbage_v2,/content/waste_datasets/garbage_v2/original/glass/glass_926.jpg,glass,glass,True,512,384,RGB,948be65f6a7cecb4a98d4921008ebec73852a0126ecc38f25608830e2175395a,14317,3,True,False,0,True,True
garbage_v2,/content/waste_datasets/garbage_v2/original/paper/paper_445.jpg,paper,paper,True,512,384,RGB,94ba3358c23a90b1cb1938887814d6c417a0a65414328e7766fc9ca2bf3e86c5,32743,3,True,False,0,True,True
garbage_v2,/content/waste_datasets/garbage_v2/original/paper/paper_831.jpg,paper,paper,True,512,384,RGB,94d1ee6fee5568abe21084c5229d6dc747feb060842340bdf437e7f163ec7815,22329,3,True,False,0,True,True
garbage_v2,/content/waste_datasets/garbage_v2/original/plastic/plastic_147.jpg,plastic,plastic,True,512,384,RGB,94e4eba94173cce4e19c4356549d317d6d4f9d79c144436c7f26ade6b490270d,15361,3,True,False,0,True,True
garbage_v2,/content/waste_datasets/garbage_v2/original/plastic/plastic_99.jpg,plastic,plastic,True,512,384,RGB,94ef473a8dde0a7eec8f1e2c6d9301da37a04757f8a000ce8a662e3565f25755,18522,3,True,False,0,True,True
garbage_v2,/content/waste_datasets/garbage_v2/original/glass/glass_1432.jpg,glass,glass,True,512,384,RGB,9524b4582bf56f1ef08cb70530d04b2b65ce3a29f20169d28fd6bbbdbe96b352,11033,2,True,False,0,True,True
garbage_v2,/content/waste_datasets/garbage_v2/original/cardboard/cardboard_1033.jpg,cardboard,cardboard,True,512,384,RGB,9537b0fd18ac7a43bd2f9cbfdbfd28d1e2460b4dd9d2bbc634745477f917c8ca,15247,3,True,False,0,True,True
garbage_v2,/content/waste_datasets/garbage_v2/original/paper/paper_721.jpg,paper,paper,True,512,384,RGB,953e192ee58b10e3a695e1177c54874412835745b9dcbd14e1bf985adf427803,12289,3,True,False,0,True,True
garbage_v2,/content/waste_datasets/garbage_v2/original/paper/paper_1233.jpg,paper,paper,True,512,384,RGB,95538159877b7076fde78f55fb9c9ee4e688e8a51b440ac01ca55d62f034837e,10802,3,True,False,0,True,True
garbage_v2,/content/waste_datasets/garbage_v2/original/paper/paper_1209.jpg,paper,paper,True,512,384,RGB,957182c48f6ddd0c4370f8b35536b8b5de151aebd75ef9dcb969d694442b2496,24481,3,True,False,0,True,True
garbage_v2,/content/waste_datasets/garbage_v2/original/cardboard/cardboard_1145.jpg,cardboard,cardboard,True,512,384,RGB,9573fd98a5aca2ab9a4c5b9ebcdfa4dcf9719b216c2025ee4305c4df611c885f,17333,3,True,False,0,True,True
garbage_v2,/content/waste_datasets/garbage_v2/original/glass/glass_1153.jpg,glass,glass,True,512,384,RGB,95851206148705a6ba4b7df6f0b8d094e47b8053930fc5da8a5fdd46876c2b24,19421,3,True,False,0,True,True
garbage_v2,/content/waste_datasets/garbage_v2/original/metal/metal_840.jpg,metal,metal,True,512,384,RGB,9590b871a82a5514e73f9dcf7b7faf7e8ff3b56435ece9cf864e7a4c4a55f966,16568,3,True,False,0,True,True
garbage_v2,/content/waste_datasets/garbage_v2/original/metal/metal_302.jpg,metal,metal,True,512,384,RGB,95a15b8ac8970606441b478ddf6083e6d891573a05d7e68b0b923d9aa9200722,18989,3,True,False,0,True,True
garbage_v2,/content/waste_datasets/garbage_v2/original/glass/glass_927.jpg,glass,glass,True,512,384,RGB,95aa11423ed0a6976f81b0e23bbbffe32fcbd8451ce634f758b161b05d56a644,12161,2,True,False,0,True,True
garbage_v2,/content/waste_datasets/garbage_v2/original/plastic/plastic_462.jpg,plastic,plastic,True,512,384,RGB,95ee1f7a19e5987f0be3e7dd0781f374ecbd7a10666deda14a6fba1c63850c51,12957,3,True,False,0,True,True
garbage_v2,/content/waste_datasets/garbage_v2/original/paper/paper_798.jpg,paper,paper,True,512,384,RGB,9610c40fea5131a2b5ab4f7c50d61639b12e2e7a673fd277d3b54a9747720bf6,10108,3,True,False,0,True,True
garbage_v2,/content/waste_datasets/garbage_v2/original/glass/glass_1065.jpg,glass,glass,True,512,384,RGB,962485f5ab898217bf3882afce48e67129dc2ee635456a1f2560894fb9362a8d,6735,3,True,False,0,True,True
garbage_v2,/content/waste_datasets/garbage_v2/original/plastic/plastic_396.jpg,plastic,plastic,True,512,384,RGB,962e67cb1d4a3c65cbf713af1ae58897c60f8d0117c7ee36ac04a567da6cf8f3,12154,3,True,False,0,True,True
garbage_v2,/content/waste_datasets/garbage_v2/original/paper/paper_728.jpg,paper,paper,True,512,384,RGB,964885f139cdf990d72377660e59192edeeddb213f1fa07353adec3262bf2f62,11678,3,True,False,0,True,True
garbage_v2,/content/waste_datasets/garbage_v2/original/paper/paper_100.jpg,paper,paper,True,512,384,RGB,96e4321c9db53697e4e736774dc1ec8e38a356ae174254999496a75860213852,12382,3,True,False,0,True,True
garbage_v2,/content/waste_datasets/garbage_v2/original/metal/metal_825.jpg,metal,metal,True,512,384,RGB,9709b271c3549c820f6a85a9371fc47f6502fa9975c76d15f9ea1e6c37a11cda,10688,3,True,False,0,True,True
garbage_v2,/content/waste_datasets/garbage_v2/original/cardboard/cardboard_515.jpg,cardboard,cardboard,True,512,384,RGB,9720c0ba08fcdf017ceb7b92191f3f6ba6cd05c8cc27b79accc183dfcd8f686d,9825,3,True,False,0,True,True
garbage_v2,/content/waste_datasets/garbage_v2/original/cardboard/cardboard_301.jpg,cardboard,cardboard,True,512,384,RGB,974baa1b30858fed49ed4a15e0c108bf2b0b24c0aea6a6a1ac86dc6bb7fbc563,25483,3,True,False,0,True,True
garbage_v2,/content/waste_datasets/garbage_v2/original/metal/metal_698.jpg,metal,metal,True,512,384,RGB,975b7d5db3e97c57f0191768a3a6b3f20bd0f7ab4868cc5a1909fada8c02252e,10156,3,True,False,0,True,True
garbage_v2,/content/waste_datasets/garbage_v2/original/plastic/plastic_428.jpg,plastic,plastic,True,512,384,RGB,97b9567d28f5583726ae3a988323c96d44206fbe76fa778ea09faaf8790246fd,12920,3,True,False,0,True,True
garbage_v2,/content/waste_datasets/garbage_v2/original/glass/glass_588.jpg,glass,glass,True,512,384,RGB,97baf9536e750d14c54b0096d370e28b4eea6fa1b272315547e4a18c2989e077,11713,3,True,False,0,True,True
garbage_v2,/content/waste_datasets/garbage_v2/original/paper/paper_1033.jpg,paper,paper,True,512,384,RGB,97cd5afbed0a12646203faf02ee292f53ea517306d2953c1de86a77208d6bd01,25527,3,True,False,0,True,True
garbage_v2,/content/waste_datasets/garbage_v2/original/paper/paper_949.jpg,paper,paper,True,512,384,RGB,97e55747804aaba3e7ab3326ff259e90515b80afd4dfe406e118fef50402d104,19492,3,True,False,0,True,True
garbage_v2,/content/waste_datasets/garbage_v2/original/metal/metal_257.jpg,metal,metal,True,512,384,RGB,97ef3f279313dfaf8931e25f699b9afbb193dcd5aa5329a4676b678a4dcab090,13377,3,True,False,0,True,True
garbage_v2,/content/waste_datasets/garbage_v2/original/metal/metal_848.jpg,metal,metal,True,512,384,RGB,9800b5cc2d5b37161c86e3f1878f21f8119c3f0fe4d82b097ba5113777dde502,24738,3,True,False,0,True,True
garbage_v2,/content/waste_datasets/garbage_v2/original/metal/metal_385.jpg,metal,metal,True,512,384,RGB,9813406c220078597003594411307c003455d981edb81aa299d5b993b268685e,8304,3,True,False,0,True,True
garbage_v2,/content/waste_datasets/garbage_v2/original/cardboard/cardboard_1378.jpg,cardboard,cardboard,True,512,384,RGB,982207d4815396370f8b1db6bcf2aa9fe1c10daf873ef31e0a94e712e21df398,23673,3,True,False,0,True,True
garbage_v2,/content/waste_datasets/garbage_v2/original/glass/glass_135.jpg,glass,glass,True,512,384,RGB,98877759ead414a4d505eaac1e37ae0a503fe30e9d104b6c66298baf5143ce7e,14955,3,True,False,0,True,True
garbage_v2,/content/waste_datasets/garbage_v2/original/plastic/plastic_98.jpg,plastic,plastic,True,512,384,RGB,98b134058e7bb87f09fdfdee20471a8c528ce0c41c0aa32f0f71f38c327112ae,21302,3,True,False,0,True,True
garbage_v2,/content/waste_datasets/garbage_v2/original/metal/metal_659.jpg,metal,metal,True,512,384,RGB,98bc09cb0c3492a8f5f1952f2cff644fc4858a7e1842f537a89625b95581ca7c,11882,3,True,False,0,True,True
garbage_v2,/content/waste_datasets/garbage_v2/original/cardboard/cardboard_872.jpg,cardboard,cardboard,True,512,384,RGB,98d4483687580535d6e1621c6a11d69caadca915dae1ff3b7bdd5ac231d2d46f,25669,3,True,False,0,True,True
garbage_v2,/content/waste_datasets/garbage_v2/original/plastic/plastic_206.jpg,plastic,plastic,True,512,384,RGB,9905ac528c1d56a26daad93005656a8cf6a3da6194e690b92cf4c926930b584b,13879,3,True,False,0,True,True
garbage_v2,/content/waste_datasets/garbage_v2/original/cardboard/cardboard_5.jpg,cardboard,cardboard,True,512,384,RGB,9923220494b8e731421962ea59dd0eb4ff4ba9e0339c85c2fa4c91e61f2634fc,8912,3,True,False,0,True,True
garbage_v2,/content/waste_datasets/garbage_v2/original/glass/glass_1699.jpg,glass,glass,True,512,384,RGB,993b631986ade472a92ab48c766d0cd1bdf56a4cf9652165350ed2496a310fb1,14953,3,True,False,0,True,True
garbage_v2,/content/waste_datasets/garbage_v2/original/paper/paper_1013.jpg,paper,paper,True,512,384,RGB,993d5f73ac457e4b6200dc35c3934bde626cc9e29a396cc6ad4b275b135886b7,21132,3,True,False,0,True,True
garbage_v2,/content/waste_datasets/garbage_v2/original/cardboard/cardboard_912.jpg,cardboard,cardboard,True,512,384,RGB,995196b4035e706dea1737e2c445c9e0964014a94fcc2871b91b4a66aa3b7c71,11948,3,True,False,0,True,True
garbage_v2,/content/waste_datasets/garbage_v2/original/paper/paper_258.jpg,paper,paper,True,512,384,RGB,99630d53913d646b55b1b1f227789b1ff166d337df1cf12aa87ec70cb0b12ffd,44334,3,True,False,0,True,True
garbage_v2,/content/waste_datasets/garbage_v2/original/paper/paper_1093.jpg,paper,paper,True,512,384,RGB,9987b83d3f0ca6d8bf0ada4d64d1d648f05311d4506151d3adde4f86cee68dd9,13027,3,True,False,0,True,True
garbage_v2,/content/waste_datasets/garbage_v2/original/glass/glass_918.jpg,glass,glass,True,512,384,RGB,99af1828b937c04489eb19decb17b10b72c49ab87040e181bad34e727cfa30a5,10839,3,True,False,0,True,True
garbage_v2,/content/waste_datasets/garbage_v2/original/paper/paper_446.jpg,paper,paper,True,512,384,RGB,99b2e9cf63612ab39d5664972d6f51457c32eff0e049e9279446031f78fd1bcd,46561,3,True,False,0,True,True
garbage_v2,/content/waste_datasets/garbage_v2/original/cardboard/cardboard_1147.jpg,cardboard,cardboard,True,512,384,RGB,99bcaeaf983807a7517bd9c795c9176189806c05194163201cf64aace1531143,25560,3,True,False,0,True,True
garbage_v2,/content/waste_datasets/garbage_v2/original/metal/metal_414.jpg,metal,metal,True,512,384,RGB,9a00f9043f6bad61a2fa920d71e28a974844e1b93d6ba3671a25d1dfcc33d0d5,13840,3,True,False,0,True,True
garbage_v2,/content/waste_datasets/garbage_v2/original/metal/metal_742.jpg,metal,metal,True,512,384,RGB,9a053040fe4659333e538c775708c29f342e5c9adb630d80ba1228eeed0c1957,18025,3,True,False,0,True,True
garbage_v2,/content/waste_datasets/garbage_v2/original/glass/glass_1707.jpg,glass,glass,True,512,384,RGB,9a0f65e4e801f9bd63b366b0c03a91e9dc703ce44113ccbd88962cf50f14ad0c,9635,3,True,False,0,True,True
garbage_v2,/content/waste_datasets/garbage_v2/original/glass/glass_1148.jpg,glass,glass,True,512,384,RGB,9a1aa316817747df30bff8ef23267ec5bd7d9af091f9cf18e41717dc84740f25,19065,3,True,False,0,True,True
garbage_v2,/content/waste_datasets/garbage_v2/original/paper/paper_869.jpg,paper,paper,True,512,384,RGB,9a36ff9b1300515f7b8bb0073553bbc4a2f57cef9fa723bfb152a311b05282c0,31699,3,True,False,0,True,True
garbage_v2,/content/waste_datasets/garbage_v2/original/glass/glass_1362.jpg,glass,glass,True,512,384,RGB,9a3e8228a3b16603fbe919f1df0b36104ba555a0ad385a7e87eaa7b23538c90c,13548,3,True,False,0,True,True
garbage_v2,/content/waste_datasets/garbage_v2/original/cardboard/cardboard_812.jpg,cardboard,cardboard,True,512,384,RGB,9a52a19f10f0188a54c09716c926c29bed255f32c18d068b47795b442a1336de,30705,3,True,False,0,True,True
garbage_v2,/content/waste_datasets/garbage_v2/original/cardboard/cardboard_44.jpg,cardboard,cardboard,True,512,384,RGB,9a5ca9e612f1a627a4cc86dc025aed499e9c7219bf184684058c021b3ecd7971,14095,3,True,False,0,True,True
garbage_v2,/content/waste_datasets/garbage_v2/original/cardboard/cardboard_166.jpg,cardboard,cardboard,True,512,384,RGB,9a6bbee24d5b0385868e0939833e6b9bda7792a169d0cf3cadb66a6fee9429c7,18160,3,True,False,0,True,True
garbage_v2,/content/waste_datasets/garbage_v2/original/glass/glass_701.jpg,glass,glass,True,512,384,RGB,9a9da045e6cfcab09cea51164c28a3006549d5d9a532725c0535d2e440c88758,15900,3,True,False,0,True,True
garbage_v2,/content/waste_datasets/garbage_v2/original/cardboard/cardboard_538.jpg,cardboard,cardboard,True,512,384,RGB,9aa6cf0e9a86de7a3ce785cda8dcedf23539392a690e37d504afd0504596bf95,14698,3,True,False,0,True,True
garbage_v2,/content/waste_datasets/garbage_v2/original/trash/trash_139.jpg,trash,trash,True,512,384,RGB,9aceaf820bc9c4625d3929a0c3f6154639124448ec52385c14f0015a974a1fc1,10355,2,True,False,0,True,True
garbage_v2,/content/waste_datasets/garbage_v2/original/paper/paper_744.jpg,paper,paper,True,512,384,RGB,9ae5e85e7a9cb655510f9f48d4a53a84faa3d51d045524e030a23a75ca1e577f,26246,3,True,False,0,True,True
garbage_v2,/content/waste_datasets/garbage_v2/original/plastic/plastic_1552.jpg,plastic,plastic,True,512,384,RGB,9b14d5eac0254df0500b1800cc7b48d26232d4a79c4eb8f51461e3da9e5fb1f6,14029,3,True,False,0,True,True
garbage_v2,/content/waste_datasets/garbage_v2/original/plastic/plastic_977.jpg,plastic,plastic,True,512,384,RGB,9b1ff3737dd984d1b81ecae4ef290f894cee197eac3b1e586200ec186a20ead4,10817,3,True,False,0,True,True
garbage_v2,/content/waste_datasets/garbage_v2/original/plastic/plastic_1113.jpg,plastic,plastic,True,512,384,RGB,9b24c96bed046e3c870b0086621726803d6d3127b8011d08c75ac7a9340873af,23845,3,True,False,0,True,True
garbage_v2,/content/waste_datasets/garbage_v2/original/paper/paper_693.jpg,paper,paper,True,512,384,RGB,9b2570a97cfc9116771125b56e5412518d4611f03e18b4b035e51d4729198906,19822,3,True,False,0,True,True
garbage_v2,/content/waste_datasets/garbage_v2/original/paper/paper_932.jpg,paper,paper,True,512,384,RGB,9b327708b8a47e6f0783d881b149fe6ce45fbef5edc8a7f581d5a73b5e816f1d,15409,3,True,False,0,True,True
garbage_v2,/content/waste_datasets/garbage_v2/original/paper/paper_77.jpg,paper,paper,True,512,384,RGB,9b3712221fce93d0c76e53c277a93b49036a9e61566a1f023ba5148cc0cee970,23299,3,True,False,0,True,True
garbage_v2,/content/waste_datasets/garbage_v2/original/plastic/plastic_317.jpg,plastic,plastic,True,512,384,RGB,9b7b14d2025b1827110fd60d02a54b605e6b0e18da547c35dc240f9b324fa698,9539,3,True,False,0,True,True
garbage_v2,/content/waste_datasets/garbage_v2/original/metal/metal_207.jpg,metal,metal,True,512,384,RGB,9b90ca957763cc688295ce4d2ac488b588f1c16384ebe4bf62c12373b0203968,10458,3,True,False,0,True,True
garbage_v2,/content/waste_datasets/garbage_v2/original/glass/glass_1137.jpg,glass,glass,True,512,384,RGB,9ba1d9fbfdfef35081ee696c2bb72e4668de135060f1c144d6748d46f73d8f8c,12809,2,True,False,0,True,True
garbage_v2,/content/waste_datasets/garbage_v2/original/glass/glass_1453.jpg,glass,glass,True,512,384,RGB,9ba5acfecee46bd977ce2ff7cb52b3be768fc3f487d17a2b3c7c5486a8dcbcb6,8788,3,True,False,0,True,True
garbage_v2,/content/waste_datasets/garbage_v2/original/cardboard/cardboard_494.jpg,cardboard,cardboard,True,512,384,RGB,9ba6b8511bc5667d6dc5f313e103e1ce76c4e20bb0fd7e1129dfa90fe05a98c2,22109,3,True,False,0,True,True
garbage_v2,/content/waste_datasets/garbage_v2/original/cardboard/cardboard_947.jpg,cardboard,cardboard,True,512,384,RGB,9bb88f6c16fd5944403a0e9da568e1908301422d5908b2b4af99cf50db12c504,8383,3,True,False,0,True,True
garbage_v2,/content/waste_datasets/garbage_v2/original/glass/glass_89.jpg,glass,glass,True,512,384,RGB,9be6caa848a980f2eaff70803bebbe73118b0fc967682b839f0785c1e9f7a98c,12660,3,True,False,0,True,True
garbage_v2,/content/waste_datasets/garbage_v2/original/plastic/plastic_647.jpg,plastic,plastic,True,512,384,RGB,9bec7462014a741d2e75faf29ca2b43e55f9781cf7432dc0d03b1103db9e4f0e,16769,3,True,False,0,True,True
garbage_v2,/content/waste_datasets/garbage_v2/original/metal/metal_569.jpg,metal,metal,True,512,384,RGB,9bf8fe2ab0d75150945b673367536e5908ff7dd4c06344cca36b6f6ad5de62e4,20194,3,True,False,0,True,True
garbage_v2,/content/waste_datasets/garbage_v2/original/plastic/plastic_1226.jpg,plastic,plastic,True,512,384,RGB,9c02154ed8b1a372dc29f2defba0da9949afecce1d8d5c4914872506596ca73f,15547,3,True,False,0,True,True
garbage_v2,/content/waste_datasets/garbage_v2/original/metal/metal_475.jpg,metal,metal,True,512,384,RGB,9c2415a47e9b1c1744ab393a6d065820384ea47a23c0a625fa52d8e98ce6a13f,21674,3,True,False,0,True,True
garbage_v2,/content/waste_datasets/garbage_v2/original/plastic/plastic_1208.jpg,plastic,plastic,True,512,384,RGB,9c49ed51f926d46ed4328411d99cbee9440a16f34314fd834dbd41439573852b,16278,3,True,False,0,True,True
garbage_v2,/content/waste_datasets/garbage_v2/original/paper/paper_943.jpg,paper,paper,True,512,384,RGB,9c732e082cfbaaf64cbe6d7bce0e3c7925b77d4db841cb07c9c4f1575fb430db,12688,3,True,False,0,True,True
garbage_v2,/content/waste_datasets/garbage_v2/original/paper/paper_522.jpg,paper,paper,True,512,384,RGB,9cb0f0a8b09d20626752b88d2f1d30e13ff4012b2052639b07350d04f28d023c,26132,3,True,False,0,True,True
garbage_v2,/content/waste_datasets/garbage_v2/original/paper/paper_277.jpg,paper,paper,True,512,384,RGB,9ce06b4214115851c2a0b489cf5506521eaddc4827f4557e9ac7bc1a6a7213b3,18772,3,True,False,0,True,True
garbage_v2,/content/waste_datasets/garbage_v2/original/plastic/plastic_64.jpg,plastic,plastic,True,512,384,RGB,9ce5bf6a6e1486c1c6c09a9adedbbfb9abcf0c026a7fed1fbf7d7a0008b54696,13364,3,True,False,0,True,True
garbage_v2,/content/waste_datasets/garbage_v2/original/plastic/plastic_1073.jpg,plastic,plastic,True,512,384,RGB,9ce823c13128cdde96b3fea06608b3ce5c0991ccd45a5ac832e2464360169b1a,11703,3,True,False,0,True,True
garbage_v2,/content/waste_datasets/garbage_v2/original/metal/metal_745.jpg,metal,metal,True,512,384,RGB,9ce88a7d6ea6e779a0dfcb6a05f52074f023dda19b268626cb56725360411219,12788,3,True,False,0,True,True
garbage_v2,/content/waste_datasets/garbage_v2/original/cardboard/cardboard_252.jpg,cardboard,cardboard,True,512,384,RGB,9cf5da54b456fc68cdaa5ed5ef415bcba50a4a95e220b01aaf9bd1dc05f8ce2b,20266,3,True,False,0,True,True
garbage_v2,/content/waste_datasets/garbage_v2/original/glass/glass_1712.jpg,glass,glass,True,512,384,RGB,9d015edae42ccb821521d675ccd03a12820cb15feb1d7697ca932773fb7999db,7518,3,True,False,0,True,True
garbage_v2,/content/waste_datasets/garbage_v2/original/plastic/plastic_1182.jpg,plastic,plastic,True,512,384,RGB,9d23bfff7520b2fb001c5db9591cd851cf52bfa68147c3fa3bc004da3e58ff05,11508,3,True,False,0,True,True
garbage_v2,/content/waste_datasets/garbage_v2/original/plastic/plastic_1128.jpg,plastic,plastic,True,512,384,RGB,9d2cdabd68f4df9e76b989ff882f2fd0895a1b1d3633f01e479c52dc94db1161,14897,3,True,False,0,True,True
garbage_v2,/content/waste_datasets/garbage_v2/original/plastic/plastic_622.jpg,plastic,plastic,True,512,384,RGB,9d42a746c0d30e6cc21cd40c35189cdffa651035f95ec552dadfba5cfef83fc4,7180,3,True,False,0,True,True
garbage_v2,/content/waste_datasets/garbage_v2/original/cardboard/cardboard_780.jpg,cardboard,cardboard,True,512,384,RGB,9d466f391a744bf0cad368e76c5d4d02e18634f8037a014a84a927546365c7e2,23528,3,True,False,0,True,True
garbage_v2,/content/waste_datasets/garbage_v2/original/glass/glass_1709.jpg,glass,glass,True,512,384,RGB,9d56e6e03f7f995df99576e22433fc6733efdaf0d27e3e85e7c74c6b5c14d38c,15077,3,True,False,0,True,True
garbage_v2,/content/waste_datasets/garbage_v2/original/metal/metal_356.jpg,metal,metal,True,512,384,RGB,9d5ba9b26916a1ed4f9af47ad26de14b48606f38749bd803f3f30f011fceba24,21707,3,True,False,0,True,True
garbage_v2,/content/waste_datasets/garbage_v2/original/cardboard/cardboard_1203.jpg,cardboard,cardboard,True,512,384,RGB,9d5dbc110b3bc4ec6a14dc2ea591aeb9997d91df54c3e069ec665bd07694dc8b,25332,3,True,False,0,True,True
garbage_v2,/content/waste_datasets/garbage_v2/original/metal/metal_152.jpg,metal,metal,True,512,384,RGB,9d745e44783c743b14c5092387139553a94e671bb557dd35e1a4771da8a6bfea,17222,3,True,False,0,True,True
garbage_v2,/content/waste_datasets/garbage_v2/original/cardboard/cardboard_906.jpg,cardboard,cardboard,True,512,384,RGB,9d751726e7b3a86c8c27e03984a3d10caf63df1e1479e5cc31bfb7b620b59273,19844,3,True,False,0,True,True
garbage_v2,/content/waste_datasets/garbage_v2/original/paper/paper_663.jpg,paper,paper,True,512,384,RGB,9d81bbee8153eb7c1fde03195578c7ece4f1316a4836c77d45a479a58ed3a38d,31315,3,True,False,0,True,True
garbage_v2,/content/waste_datasets/garbage_v2/original/plastic/plastic_1544.jpg,plastic,plastic,True,512,384,RGB,9d98b9fdaeb4f7ab6877330e345e4e40be5f8086a558eb20480f75f2faeb6a41,19333,3,True,False,0,True,True
garbage_v2,/content/waste_datasets/garbage_v2/original/plastic/plastic_1040.jpg,plastic,plastic,True,512,384,RGB,9dc18c5008b827fe714659b0240a6ce2984d9a55d8eb5b5c7073b438347a649f,14185,3,True,False,0,True,True
garbage_v2,/content/waste_datasets/garbage_v2/original/paper/paper_1305.jpg,paper,paper,True,512,384,RGB,9e16529ebf88a28bbfe4665efddb5c7dfd684d1b43c19a970f93515f0883a78a,32759,3,True,False,0,True,True
garbage_v2,/content/waste_datasets/garbage_v2/original/glass/glass_1242.jpg,glass,glass,True,512,384,RGB,9e2b82a7d9e1b266764a7735b9f8d6b10530d15063ccd9180a9b5a91fc8d1d9b,17126,3,True,False,0,True,True
garbage_v2,/content/waste_datasets/garbage_v2/original/paper/paper_424.jpg,paper,paper,True,512,384,RGB,9e39fe347feca5439bdc81b9d343a22daa7cc6cc607e278b29f0394ed5064452,44610,3,True,False,0,True,True
garbage_v2,/content/waste_datasets/garbage_v2/original/plastic/plastic_591.jpg,plastic,plastic,True,512,384,RGB,9e523b6842bd07836250aa9c95f467936b1e7eadbe9d10b3e59a92c2dc0040af,24090,3,True,False,0,True,True
garbage_v2,/content/waste_datasets/garbage_v2/original/plastic/plastic_1133.jpg,plastic,plastic,True,512,384,RGB,9e65c52e21e2ab0d53c5d02032a6b8c7d2bc1176a92727850e56ac55ad8048e6,8415,3,True,False,0,True,True
garbage_v2,/content/waste_datasets/garbage_v2/original/plastic/plastic_53.jpg,plastic,plastic,True,512,384,RGB,9e666abeff19f37ba945ce8c6cd5496a2043747257d8d0d2cc245205f57aae0d,14976,3,True,False,0,True,True
garbage_v2,/content/waste_datasets/garbage_v2/original/metal/metal_614.jpg,metal,metal,True,512,384,RGB,9e7ef3d5d3a675800e44eddd06a21ef8ea4e3396ede10baa7537e8cefdd2a38b,20337,3,True,False,0,True,True
garbage_v2,/content/waste_datasets/garbage_v2/original/metal/metal_37.jpg,metal,metal,True,512,384,RGB,9e86dfeb376749dd7fd5a66e86e5b86c5128cce01db8d68372fb43ec0f57f3af,11286,3,True,False,0,True,True
garbage_v2,/content/waste_datasets/garbage_v2/original/paper/paper_113.jpg,paper,paper,True,512,384,RGB,9ea0f96f09095465b74d7da993c75241375ed5ec578acdbb05655dc4c1cb6337,26994,3,True,False,0,True,True
garbage_v2,/content/waste_datasets/garbage_v2/original/cardboard/cardboard_1181.jpg,cardboard,cardboard,True,512,384,RGB,9eca298b852c5d86700d995a32ed4b4b0ec29498b090649fb0ca3749658e66dc,26115,3,True,False,0,True,True
garbage_v2,/content/waste_datasets/garbage_v2/original/cardboard/cardboard_173.jpg,cardboard,cardboard,True,512,384,RGB,9ee00b4d9ea88e330ec53523c2dea1b780385dd28690b76f1ae871138802bc3c,24511,3,True,False,0,True,True
garbage_v2,/content/waste_datasets/garbage_v2/original/glass/glass_359.jpg,glass,glass,True,512,384,RGB,9ef426243a23b174c0b1ac85f08ed3673d16e95898428694359827ebc126d46d,10139,3,True,False,0,True,True
garbage_v2,/content/waste_datasets/garbage_v2/original/paper/paper_1155.jpg,paper,paper,True,512,384,RGB,9ef7e1b92b57b8fb474aed635751be556b237785efa353aa35e12c46f588dcce,26011,3,True,False,0,True,True
garbage_v2,/content/waste_datasets/garbage_v2/original/plastic/plastic_1422.jpg,plastic,plastic,True,512,384,RGB,9f5b2e26171e2568ea3c809705cfa00732550ae24e0d06c58680e401bef3474e,9969,3,True,False,0,True,True
garbage_v2,/content/waste_datasets/garbage_v2/original/metal/metal_482.jpg,metal,metal,True,512,384,RGB,9f8888050b7043d757bc860110edb1d1e20e0805ec25a0c3541caa02fd9a04c9,19291,3,True,False,0,True,True
garbage_v2,/content/waste_datasets/garbage_v2/original/metal/metal_334.jpg,metal,metal,True,512,384,RGB,9f8b9020a7ba90096d37faa78315310e4a4caf3683b806671de45a8f66577ba2,17783,3,True,False,0,True,True
garbage_v2,/content/waste_datasets/garbage_v2/original/metal/metal_834.jpg,metal,metal,True,512,384,RGB,9fac16ae09af013cdd4273f8b81b811ccaffe3b1f064482e6001c366a757fe08,25866,3,True,False,0,True,True
garbage_v2,/content/waste_datasets/garbage_v2/original/metal/metal_554.jpg,metal,metal,True,512,384,RGB,9fb323f699cbbb04f70d1221c95296031fb5b077bcf5ca16334afd6b7d87447f,9578,3,True,False,0,True,True
garbage_v2,/content/waste_datasets/garbage_v2/original/paper/paper_902.jpg,paper,paper,True,512,384,RGB,9fc10044741a1949b010452c25d81120e3ab548613b0830c16d60ce7bac7420f,14862,3,True,False,0,True,True
garbage_v2,/content/waste_datasets/garbage_v2/original/plastic/plastic_1178.jpg,plastic,plastic,True,512,384,RGB,9fc537c06129c55815ffad37149a24f8c7c5e914f270ef40a44838f65d7f7da9,14723,3,True,False,0,True,True
garbage_v2,/content/waste_datasets/garbage_v2/original/cardboard/cardboard_1377.jpg,cardboard,cardboard,True,512,384,RGB,9ffa79ab146150ebf71455264c24b666a5d524301d55a2cba766d2fa71b8c476,25417,3,True,False,0,True,True
garbage_v2,/content/waste_datasets/garbage_v2/original/paper/paper_622.jpg,paper,paper,True,512,384,RGB,a0428f646ccc0fc0a6d28482a116c670220944065a5972032e57174e6e8e0afd,12573,3,True,False,0,True,True
garbage_v2,/content/waste_datasets/garbage_v2/original/glass/glass_1633.jpg,glass,glass,True,512,384,RGB,a06eefb006aa3c59fe25c95d68f7316b07c979b36ecd9197f7f79a4becffd8eb,10853,3,True,False,0,True,True
garbage_v2,/content/waste_datasets/garbage_v2/original/paper/paper_131.jpg,paper,paper,True,512,384,RGB,a0901ed3c87d98ff008cea7838bb9e3b04a8eee228ac3789a5dc460a78451668,10826,3,True,False,0,True,True
garbage_v2,/content/waste_datasets/garbage_v2/original/plastic/plastic_346.jpg,plastic,plastic,True,512,384,RGB,a091e7139deabb255c353df965a0711759ddfd479cd2d691d67a30e14779742c,17764,3,True,False,0,True,True
garbage_v2,/content/waste_datasets/garbage_v2/original/plastic/plastic_920.jpg,plastic,plastic,True,512,384,RGB,a093b5e32fcc49641c4990cea1505286e2f9a2fc54526bf100ab2eb6a6728dfa,12276,3,True,False,0,True,True
garbage_v2,/content/waste_datasets/garbage_v2/original/glass/glass_1099.jpg,glass,glass,True,512,384,RGB,a0a84c28c84b5f160b64b9412093e8e4b267b4bc15408bb93549d5079af4a47d,11475,3,True,False,0,True,True
garbage_v2,/content/waste_datasets/garbage_v2/original/glass/glass_628.jpg,glass,glass,True,512,384,RGB,a118c8ef6673a789e1ea95e1e0257124a73b649210dedf43d56249868aff2984,15764,3,True,False,0,True,True
garbage_v2,/content/waste_datasets/garbage_v2/original/glass/glass_1435.jpg,glass,glass,True,512,384,RGB,a11e9d23a7b72cf45327529a371f06efdd1cb423d7df11178219d1721a85434b,7128,3,True,False,0,True,True
garbage_v2,/content/waste_datasets/garbage_v2/original/glass/glass_1130.jpg,glass,glass,True,512,384,RGB,a146d28afbb1fc9b2a5f151841a9ef8f8d275d188e8f39a5adb799e252366a94,10821,3,True,False,0,True,True
garbage_v2,/content/waste_datasets/garbage_v2/original/metal/metal_54.jpg,metal,metal,True,512,384,RGB,a1842aa872d2dd179e670cdb8ca587b1b4c3f821b413046ea59dde5a369a49e4,17392,3,True,False,0,True,True
garbage_v2,/content/waste_datasets/garbage_v2/original/paper/paper_35.jpg,paper,paper,True,512,384,RGB,a1902e606b1818142c42c697547a9b3aa353ea0ee46ea01aa9e91ddf628e9d45,12538,3,True,False,0,True,True
garbage_v2,/content/waste_datasets/garbage_v2/original/paper/paper_372.jpg,paper,paper,True,512,384,RGB,a1bfda9fb1a15786e5446dbbb59f669d996f96a881fb29ceaf811928b0cd724d,10214,3,True,False,0,True,True
garbage_v2,/content/waste_datasets/garbage_v2/original/cardboard/cardboard_493.jpg,cardboard,cardboard,True,512,384,RGB,a1eba714981782a0b9e1543fa7fe9ae42deedc294d1c9d8f8d494fcd95b1ebfe,13648,3,True,False,0,True,True
garbage_v2,/content/waste_datasets/garbage_v2/original/paper/paper_668.jpg,paper,paper,True,512,384,RGB,a2089aadf06bc94fab7eac9ba166ad423eedd3a5e7fc2f5a337e5082eda9c6bf,13698,3,True,False,0,True,True
garbage_v2,/content/waste_datasets/garbage_v2/original/paper/paper_1066.jpg,paper,paper,True,512,384,RGB,a21129d3f691b233235260d9c0de2f0f55f87f29d8f12a8a7e68690787a42e9a,20241,3,True,False,0,True,True
garbage_v2,/content/waste_datasets/garbage_v2/original/paper/paper_92.jpg,paper,paper,True,512,384,RGB,a244d24c0985d2cdcfde901d92279433871c00a9c6748efad3548106b1c94d24,14470,3,True,False,0,True,True
garbage_v2,/content/waste_datasets/garbage_v2/original/metal/metal_643.jpg,metal,metal,True,512,384,RGB,a268392fcb1c09478a6197f68de2a48de7156463ec032f172eefcaf33a48f66d,16970,3,True,False,0,True,True
garbage_v2,/content/waste_datasets/garbage_v2/original/plastic/plastic_298.jpg,plastic,plastic,True,512,384,RGB,a26e462649edc9bef4fea36cda86c8e8433219c03ac428a97243467c7dfddb82,13466,3,True,False,0,True,True
garbage_v2,/content/waste_datasets/garbage_v2/original/paper/paper_971.jpg,paper,paper,True,512,384,RGB,a29f26705f053e3cbcb729c05e56f63543a3aa37dffa5b125419ed357d6dade3,31696,3,True,False,0,True,True
garbage_v2,/content/waste_datasets/garbage_v2/original/plastic/plastic_156.jpg,plastic,plastic,True,512,384,RGB,a2fad759fa0b1f15b8854474212ea194fa30325e2083aa58048b2fd06717f8a9,17619,3,True,False,0,True,True
garbage_v2,/content/waste_datasets/garbage_v2/original/metal/metal_194.jpg,metal,metal,True,512,384,RGB,a30654d04e0c1b003cf22d8c2301cc8e69247387ce1951f91d5ae823921424d0,13620,3,True,False,0,True,True
garbage_v2,/content/waste_datasets/garbage_v2/original/cardboard/cardboard_1157.jpg,cardboard,cardboard,True,512,384,RGB,a338a6634227b5c862884d6370e44a2df0263fe442e5d12cde76cfdd3a2f6957,12714,3,True,False,0,True,True
garbage_v2,/content/waste_datasets/garbage_v2/original/metal/metal_701.jpg,metal,metal,True,512,384,RGB,a35b3d08ada679342504b59e4fd634e0d5c556e84b4688149dd39f4a8acf3162,21423,3,True,False,0,True,True
garbage_v2,/content/waste_datasets/garbage_v2/original/metal/metal_293.jpg,metal,metal,True,512,384,RGB,a37c6e33d5e00f633006e206c499d610f0782da676e5c9c7a157d27423f5cbb0,19569,3,True,False,0,True,True
garbage_v2,/content/waste_datasets/garbage_v2/original/plastic/plastic_613.jpg,plastic,plastic,True,512,384,RGB,a3858f8eeb36befa8c708c87e52bdb7bc9bdd20b73a4375fe6a856ca23ce6262,15496,3,True,False,0,True,True
garbage_v2,/content/waste_datasets/garbage_v2/original/plastic/plastic_50.jpg,plastic,plastic,True,512,384,RGB,a3c1692d2a4591cccb1257cdb4a5ce72095d22328d65cc8e0b1fae27c81cece5,7359,3,True,False,0,True,True
garbage_v2,/content/waste_datasets/garbage_v2/original/plastic/plastic_75.jpg,plastic,plastic,True,512,384,RGB,a42de206a88426c033ab5c2482a5ac7ec3e81ce1695fb8b7e4f08739f1f9f313,13131,3,True,False,0,True,True
garbage_v2,/content/waste_datasets/garbage_v2/original/plastic/plastic_903.jpg,plastic,plastic,True,512,384,RGB,a44cdb0309c5b2fd8ba2e7a1168b08b05cb4b8cbebda4a4e7a25e749afe93a99,15996,3,True,False,0,True,True
garbage_v2,/content/waste_datasets/garbage_v2/original/trash/trash_327.jpg,trash,trash,True,512,384,RGB,a44ebcbac28e8a5e75cd7ddbc458d484535b11c3d5a30838e14b48d09991e554,9523,2,True,False,0,True,True
garbage_v2,/content/waste_datasets/garbage_v2/original/paper/paper_1314.jpg,paper,paper,True,512,384,RGB,a46ab9bf4e4533eee5976f7504e05aaea1cf61fcbbbf385c8c304df2524b3f85,9527,3,True,False,0,True,True
garbage_v2,/content/waste_datasets/garbage_v2/original/plastic/plastic_117.jpg,plastic,plastic,True,512,384,RGB,a472388faa1bd0fbcdf90086317b0ca67ca6516aebeb2289d816003b36de9a8f,12041,3,True,False,0,True,True
garbage_v2,/content/waste_datasets/garbage_v2/original/metal/metal_355.jpg,metal,metal,True,512,384,RGB,a4a363db41aaf2fb6d23b30eb4aca248c076e8a6014cbbf4abe887093b4917f1,14905,3,True,False,0,True,True
garbage_v2,/content/waste_datasets/garbage_v2/original/metal/metal_27.jpg,metal,metal,True,512,384,RGB,a4d7df36d807f540e62fb91552e0a1926a8154c30c80fbf4207d4c1b845c4e6d,18891,3,True,False,0,True,True
garbage_v2,/content/waste_datasets/garbage_v2/original/metal/metal_248.jpg,metal,metal,True,512,384,RGB,a4dd81260ccf5dab859602e0a7cbde61503e0eff94f24a358005f4a80bce009f,19962,3,True,False,0,True,True
garbage_v2,/content/waste_datasets/garbage_v2/original/plastic/plastic_1096.jpg,plastic,plastic,True,512,384,RGB,a4f4316eec3ad18387d1142d3f1c71a92824c2f1f385d777ba4fca1a2a1de2e9,19003,3,True,False,0,True,True
garbage_v2,/content/waste_datasets/garbage_v2/original/plastic/plastic_1164.jpg,plastic,plastic,True,512,384,RGB,a4f6e17f8c565e8a319d01d67287cef90f4ff74b2c476f4492f52343e21d8137,10283,3,True,False,0,True,True
garbage_v2,/content/waste_datasets/garbage_v2/original/paper/paper_630.jpg,paper,paper,True,512,384,RGB,a5225d6c8997c630596ddd25720da37a47c61b991327a67707b99db4273b8651,43191,3,True,False,0,True,True
garbage_v2,/content/waste_datasets/garbage_v2/original/plastic/plastic_472.jpg,plastic,plastic,True,512,384,RGB,a548ff8e8a9b11e8751947c4507560c1722bddc86731b8e3bd05ddeb12fe4ad3,31443,3,True,False,0,True,True
garbage_v2,/content/waste_datasets/garbage_v2/original/metal/metal_493.jpg,metal,metal,True,512,384,RGB,a54fafd95ea51e34a588db8bc3c5df94d24070b023d9a108e733a4f4b1fa3401,25263,3,True,False,0,True,True
garbage_v2,/content/waste_datasets/garbage_v2/original/paper/paper_374.jpg,paper,paper,True,512,384,RGB,a570dce45bcc0a5fd458c816ba2e86d23ca96db1dee28dbb93529fe86fe3c95d,15923,3,True,False,0,True,True
garbage_v2,/content/waste_datasets/garbage_v2/original/metal/metal_907.jpg,metal,metal,True,512,384,RGB,a5837271a1ad74b66d6bb9ff679491efd25a4edc497ddbc8474f2f1e90ad8237,22172,3,True,False,0,True,True
garbage_v2,/content/waste_datasets/garbage_v2/original/paper/paper_464.jpg,paper,paper,True,512,384,RGB,a594f043637e0224639690b483b8201d2c4e62b664d69a441690fa90c1588642,17310,3,True,False,0,True,True
garbage_v2,/content/waste_datasets/garbage_v2/original/plastic/plastic_659.jpg,plastic,plastic,True,512,384,RGB,a5bcb37d1c6739e03fb16ef5f2b73c732cd3a5ce8d15ccd96891f0870a90f917,16582,3,True,False,0,True,True
garbage_v2,/content/waste_datasets/garbage_v2/original/paper/paper_31.jpg,paper,paper,True,512,384,RGB,a5dd71b4a11fb595b8e5e6e660d5efea4a8ab792365147305b1e9ad0445ddfd6,43454,3,True,False,0,True,True
garbage_v2,/content/waste_datasets/garbage_v2/original/metal/metal_173.jpg,metal,metal,True,512,384,RGB,a614934e492c15e458ff950a50133af5ff2d73f2b53d7a49598b8e0519cdb23f,18527,3,True,False,0,True,True
garbage_v2,/content/waste_datasets/garbage_v2/original/glass/glass_707.jpg,glass,glass,True,512,384,RGB,a628149c45066502561a77573c71accbafc87018e1128282c2b8f4f5c464cf38,8700,3,True,False,0,True,True
garbage_v2,/content/waste_datasets/garbage_v2/original/metal/metal_548.jpg,metal,metal,True,512,384,RGB,a6444061a818dade7b0182dbeafad3c4856b0d1f88ff45c17b909b7cb910e327,9441,3,True,False,0,True,True
garbage_v2,/content/waste_datasets/garbage_v2/original/paper/paper_813.jpg,paper,paper,True,512,384,RGB,a662ba456e386945b85e1a6e6f36406e509fabd4ce75345fa3b765ec2815ca81,20039,3,True,False,0,True,True
garbage_v2,/content/waste_datasets/garbage_v2/original/paper/paper_680.jpg,paper,paper,True,512,384,RGB,a665df39b1e0ce2e3526531e26f9967a91ef4d98eff7058b8947b2c45d106b8d,14102,3,True,False,0,True,True
garbage_v2,/content/waste_datasets/garbage_v2/original/metal/metal_343.jpg,metal,metal,True,512,384,RGB,a6912d622b544a06d59817d8c956f9c3d03142fbfbb4161a56708fe95cb5e9c8,16972,3,True,False,0,True,True
garbage_v2,/content/waste_datasets/garbage_v2/original/plastic/plastic_936.jpg,plastic,plastic,True,512,384,RGB,a6aacb0d7b62bb26619618f2a15c88260dee68801abf72987c22e21f7cb87a85,13894,3,True,False,0,True,True
garbage_v2,/content/waste_datasets/garbage_v2/original/cardboard/cardboard_130.jpg,cardboard,cardboard,True,512,384,RGB,a6b0a3670259dd8027b06e87ae292e8eca1c87634d785e8949a42c7d19709f04,12535,3,True,False,0,True,True
garbage_v2,/content/waste_datasets/garbage_v2/original/cardboard/cardboard_921.jpg,cardboard,cardboard,True,512,384,RGB,a6b2370bb703f31cbf1e79ab9ef3e7f716a4579493b058a61fca85e37ae7157e,15835,3,True,False,0,True,True
garbage_v2,/content/waste_datasets/garbage_v2/original/plastic/plastic_1007.jpg,plastic,plastic,True,512,384,RGB,a6b5c0650a6b5b6f2117fa074bc95b7766eebdf6fe27f177dcd9554458e58516,10717,3,True,False,0,True,True
garbage_v2,/content/waste_datasets/garbage_v2/original/paper/paper_1280.jpg,paper,paper,True,512,384,RGB,a6b659138d8904930078cbcf24bf0793e5778b58614238b823a764b05f199e0f,35774,3,True,False,0,True,True
garbage_v2,/content/waste_datasets/garbage_v2/original/cardboard/cardboard_1146.jpg,cardboard,cardboard,True,512,384,RGB,a6d3fd0f1fe12e064594e598ea1ebf4bf2357d3aeb657aff74302b129f003664,12895,3,True,False,0,True,True
garbage_v2,/content/waste_datasets/garbage_v2/original/paper/paper_1176.jpg,paper,paper,True,512,384,RGB,a6fa00996e9716a707d8d2fcf7479706b0b23d76a095b9d55f7679d01cb39c3b,29813,3,True,False,0,True,True
garbage_v2,/content/waste_datasets/garbage_v2/original/plastic/plastic_134.jpg,plastic,plastic,True,512,384,RGB,a757686547b448c242c69d29e0d275202d88c38f90da022f0b9be25e86b87542,11506,3,True,False,0,True,True
garbage_v2,/content/waste_datasets/garbage_v2/original/glass/glass_213.jpg,glass,glass,True,512,384,RGB,a7b12b1cdc0e41d0d77c7e4dbfe941926307b047b5bbe60c2aef87676f50252d,24004,3,True,False,0,True,True
garbage_v2,/content/waste_datasets/garbage_v2/original/metal/metal_795.jpg,metal,metal,True,512,384,RGB,a7df0104bb93ac924ae1117df3ba3efde224cba388a060dc7846977e69bf5241,14796,3,True,False,0,True,True
garbage_v2,/content/waste_datasets/garbage_v2/original/paper/paper_772.jpg,paper,paper,True,512,384,RGB,a7ecdf4d6267cf7b4893e57e62b6b7b802810d6e93f6228a88e2415beabaa6b5,56565,3,True,False,0,True,True
garbage_v2,/content/waste_datasets/garbage_v2/original/metal/metal_374.jpg,metal,metal,True,512,384,RGB,a7f6e7ee0b6dfda49116da17608ae5d3f05a936111eef0266b6e51c702ec8132,19407,3,True,False,0,True,True
garbage_v2,/content/waste_datasets/garbage_v2/original/paper/paper_286.jpg,paper,paper,True,512,384,RGB,a848ab76a8047f94b61924a16727d9df39a7439c65bfe1d26e9a066e70cbcc6b,23972,3,True,False,0,True,True
garbage_v2,/content/waste_datasets/garbage_v2/original/plastic/plastic_978.jpg,plastic,plastic,True,512,384,RGB,a84ac2040a83ac6ddd90622dbd63a0109896421b5819d2f5c8aee72efa8d5f35,17742,3,True,False,0,True,True
garbage_v2,/content/waste_datasets/garbage_v2/original/cardboard/cardboard_510.jpg,cardboard,cardboard,True,512,384,RGB,a89c0cebb6f211b3da34d56832082e6bf3a1d03d0abb8d7b043a937e37eccbe1,16889,3,True,False,0,True,True
garbage_v2,/content/waste_datasets/garbage_v2/original/plastic/plastic_297.jpg,plastic,plastic,True,512,384,RGB,a8aafb65c4580c1f9f63280dab07f94791a7469edb7452d6fbbcb3b0ae0f7be6,7796,3,True,False,0,True,True
garbage_v2,/content/waste_datasets/garbage_v2/original/metal/metal_756.jpg,metal,metal,True,512,384,RGB,a8b26c9d5dd89b4c3f22424dc73dcca70b437d000121d4b1e69983fa214d1467,7209,3,True,False,0,True,True
garbage_v2,/content/waste_datasets/garbage_v2/original/metal/metal_9.jpg,metal,metal,True,512,384,RGB,a8c75d9475f6d0dd16a6f68c800d37d8910e74f23240d0510e47532239027714,9264,3,True,False,0,True,True
garbage_v2,/content/waste_datasets/garbage_v2/original/glass/glass_1477.jpg,glass,glass,True,512,384,RGB,a8f78387c605a6fb821a5eafa75cad13a1e52d1c61d55f38a399972cc8805ade,10661,3,True,False,0,True,True
garbage_v2,/content/waste_datasets/garbage_v2/original/plastic/plastic_380.jpg,plastic,plastic,True,512,384,RGB,a9000094b5f3fd0ad35c9126cad270a62011c3135f6e55bcc68f19e9356946fc,19593,3,True,False,0,True,True
garbage_v2,/content/waste_datasets/garbage_v2/original/cardboard/cardboard_384.jpg,cardboard,cardboard,True,512,384,RGB,a90c9f2ee92075b333d024f9a63148b59fa4ea79c7bdfc4eb8e80c4bda89b9ad,21856,3,True,False,0,True,True
garbage_v2,/content/waste_datasets/garbage_v2/original/plastic/plastic_1097.jpg,plastic,plastic,True,512,384,RGB,a9542ee2eebdc4ce1cdc23b1e7561766a2000e352804f7c38e98067e23e4137b,17761,2,True,False,0,True,True
garbage_v2,/content/waste_datasets/garbage_v2/original/plastic/plastic_1296.jpg,plastic,plastic,True,512,384,RGB,a958771cab8ecb665a768a1b9e1605f289f4beab74938d1255ac3e04fe77cf14,23065,3,True,False,0,True,True
garbage_v2,/content/waste_datasets/garbage_v2/original/glass/glass_1381.jpg,glass,glass,True,512,384,RGB,a9651b6a9339df4f29eab974ef39b088c3aee497cac561c64a411b01d98c7d16,12800,3,True,False,0,True,True
garbage_v2,/content/waste_datasets/garbage_v2/original/trash/trash_30.jpg,trash,trash,True,512,384,RGB,a99bba1b57f9e8c1a94f4b65242bc59e6fccafffa28b6f819348ad8e750a8260,12758,2,True,False,0,True,True
garbage_v2,/content/waste_datasets/garbage_v2/original/glass/glass_1279.jpg,glass,glass,True,512,384,RGB,a9abae3cfbf6bde6fd8b546e4c2ec4ecb2b0916c04345a568f2596e08641cd54,10383,3,True,False,0,True,True
garbage_v2,/content/waste_datasets/garbage_v2/original/cardboard/cardboard_932.jpg,cardboard,cardboard,True,512,384,RGB,a9cf8d4031615579cb9a8a1432bda79d3a88c839ce70f996a4b0cdbce2a34da8,20169,3,True,False,0,True,True
garbage_v2,/content/waste_datasets/garbage_v2/original/paper/paper_1240.jpg,paper,paper,True,512,384,RGB,a9f5691e645a1d36673c7b390557f391c7ea4ddda2a12ed6932974fd205327ea,9489,3,True,False,0,True,True
garbage_v2,/content/waste_datasets/garbage_v2/original/metal/metal_716.jpg,metal,metal,True,512,384,RGB,aa2689a72942dac4d570b77925a5ad0dcb71ac18b83404396da3356a2f30d02f,17261,3,True,False,0,True,True
garbage_v2,/content/waste_datasets/garbage_v2/original/paper/paper_15.jpg,paper,paper,True,512,384,RGB,aaa74f86e55a07aa644fba3d3693d525099444d717e0ad735aad08f354320ddc,11788,3,True,False,0,True,True
garbage_v2,/content/waste_datasets/garbage_v2/original/plastic/plastic_514.jpg,plastic,plastic,True,512,384,RGB,aab36d5a8153cdf5533467fffdb0fa843ed0db87f46bbd19f0f634eb2fde11fc,15943,3,True,False,0,True,True
garbage_v2,/content/waste_datasets/garbage_v2/original/paper/paper_1334.jpg,paper,paper,True,512,384,RGB,aab642022b02980535cf7d9688324b1458f4f5e14e3f70cad1e2b276788fa186,12002,3,True,False,0,True,True
garbage_v2,/content/waste_datasets/garbage_v2/original/paper/paper_564.jpg,paper,paper,True,512,384,RGB,aac615f56e68623e06dede09bb4a555a78f3e57fd0a91c7a290ec04f6d240863,29764,3,True,False,0,True,True
garbage_v2,/content/waste_datasets/garbage_v2/original/paper/paper_1098.jpg,paper,paper,True,512,384,RGB,aac6c82882e77dd83779c02adb71dfac25c28b4e9a67e17c0914d0fa913bc12e,39850,3,True,False,0,True,True
garbage_v2,/content/waste_datasets/garbage_v2/original/paper/paper_1294.jpg,paper,paper,True,512,384,RGB,aad615f569f964529ee967722731f5323ae02f10f7cd21ce1214b4e7fd87152f,24771,3,True,False,0,True,True
garbage_v2,/content/waste_datasets/garbage_v2/original/plastic/plastic_72.jpg,plastic,plastic,True,512,384,RGB,aae0d683f6e9b3272b7945a1f4f095e65919df7056d7d6756d174a407a68fc19,10679,3,True,False,0,True,True
garbage_v2,/content/waste_datasets/garbage_v2/original/paper/paper_596.jpg,paper,paper,True,512,384,RGB,aae61ce624c9648ed92d509eec4d36d0caf7825f064ca460533e0bbe8d3cbe3c,23278,3,True,False,0,True,True
garbage_v2,/content/waste_datasets/garbage_v2/original/glass/glass_136.jpg,glass,glass,True,512,384,RGB,aaf5e70abc0b9ccd6eb85d220bdd97a64b7f8e91391ded59a8ba1828d73c5cd8,12682,3,True,False,0,True,True
garbage_v2,/content/waste_datasets/garbage_v2/original/paper/paper_438.jpg,paper,paper,True,512,384,RGB,ab55e286ea628b5c911dd454fd37b0e64222900e7e27df41417f378d3c62299f,12548,3,True,False,0,True,True
garbage_v2,/content/waste_datasets/garbage_v2/original/paper/paper_863.jpg,paper,paper,True,512,384,RGB,ab61a29f1b2d8316d13160a649f2d0682854f9b3be842f657536b6b52f134ed9,26090,3,True,False,0,True,True
garbage_v2,/content/waste_datasets/garbage_v2/original/metal/metal_877.jpg,metal,metal,True,512,384,RGB,ab6e62249c7a90795afe3420b50ea141a8d8fd7bc1ea162d7d6660978feee123,15953,3,True,False,0,True,True
garbage_v2,/content/waste_datasets/garbage_v2/original/paper/paper_351.jpg,paper,paper,True,512,384,RGB,ab9bddabf300d8da615bb2d652ef81c4cf198102db42a47d66b09a3d0ddd6561,18866,3,True,False,0,True,True
garbage_v2,/content/waste_datasets/garbage_v2/original/metal/metal_89.jpg,metal,metal,True,512,384,RGB,aba527ea42a5cae52993339b9fdeb8bfec8b191a471aae2731f91c56716bde0c,19080,3,True,False,0,True,True
garbage_v2,/content/waste_datasets/garbage_v2/original/cardboard/cardboard_551.jpg,cardboard,cardboard,True,512,384,RGB,abb69d945dbc094ff1bc3106dea049b049db52d5f2c840bedccbce030b4e5271,18424,3,True,False,0,True,True
garbage_v2,/content/waste_datasets/garbage_v2/original/glass/glass_567.jpg,glass,glass,True,512,384,RGB,abba391aed4dc16b98cd8d760275783319672368d9cc928167be3c821ce16d8c,12436,3,True,False,0,True,True
garbage_v2,/content/waste_datasets/garbage_v2/original/trash/trash_397.jpg,trash,trash,True,512,384,RGB,abebda9f7ef7b14f4a33b164566a4aa09f23cf0e7605f019fad2f2fa9c1574ae,7924,2,True,False,0,True,True
garbage_v2,/content/waste_datasets/garbage_v2/original/plastic/plastic_666.jpg,plastic,plastic,True,512,384,RGB,abf29f030ad600d7ad368fb31dc35a060dca16c1f19f6b610e7908a48d905e29,22147,3,True,False,0,True,True
garbage_v2,/content/waste_datasets/garbage_v2/original/paper/paper_217.jpg,paper,paper,True,512,384,RGB,ac0ebc670aa84fce46d894b448bd0e09e0245ca227630ffc32690c99f5f6841d,19940,3,True,False,0,True,True
garbage_v2,/content/waste_datasets/garbage_v2/original/plastic/plastic_1435.jpg,plastic,plastic,True,512,384,RGB,ac16c747706a759a7010c88466769ecd70a9d0348f6e80e68d58b567e4fdf1c6,7786,3,True,False,0,True,True
garbage_v2,/content/waste_datasets/garbage_v2/original/paper/paper_421.jpg,paper,paper,True,512,384,RGB,ac28c3d7ef747cb7f08388de9a74ca711f53b2cf7d2ba9348e7775a16734bdb3,35192,3,True,False,0,True,True
garbage_v2,/content/waste_datasets/garbage_v2/original/glass/glass_1602.jpg,glass,glass,True,512,384,RGB,ac75f12b8c64c81a4780b0740b163f0129d7f736f32d87dfdad5c309cfc19cf5,15356,3,True,False,0,True,True
garbage_v2,/content/waste_datasets/garbage_v2/original/trash/trash_314.jpg,trash,trash,True,512,384,RGB,ac83ba14bc298d01d9c94aa7c4f45f5d423c790606f1a7f66826fac156276b8f,9687,2,True,False,0,True,True
garbage_v2,/content/waste_datasets/garbage_v2/original/cardboard/cardboard_465.jpg,cardboard,cardboard,True,512,384,RGB,acb9a6c78aa943b8a65dbdd1a86494a863639240370bdf43450bf9de07ee6624,8700,3,True,False,0,True,True
garbage_v2,/content/waste_datasets/garbage_v2/original/paper/paper_158.jpg,paper,paper,True,512,384,RGB,acd37b751c0377de7642ef50be32bb147ebf30938e81a185d37b824b52a4033e,16309,3,True,False,0,True,True
garbage_v2,/content/waste_datasets/garbage_v2/original/paper/paper_1202.jpg,paper,paper,True,512,384,RGB,ad20da3d35c1d67dff131edbb2c6c06c0d17280243994a6354402626eaa2ae07,19646,3,True,False,0,True,True
garbage_v2,/content/waste_datasets/garbage_v2/original/plastic/plastic_1154.jpg,plastic,plastic,True,512,384,RGB,ad299921a80a27a58d01757bd887dd9c255ecf55ff18ef6fc4d97e03aceee118,7447,3,True,False,0,True,True
garbage_v2,/content/waste_datasets/garbage_v2/original/paper/paper_686.jpg,paper,paper,True,512,384,RGB,ad46e70091c6eb11b49e3f288de4ea4a8ef2e6d8fef7c5944b96a358486c1cf8,11654,3,True,False,0,True,True
garbage_v2,/content/waste_datasets/garbage_v2/original/cardboard/cardboard_744.jpg,cardboard,cardboard,True,512,384,RGB,ad5db05d8cd20a051b84b0354659e462dfd9709febbc88c9d2d1acac5ff7b3f6,26389,3,True,False,0,True,True
garbage_v2,/content/waste_datasets/garbage_v2/original/paper/paper_338.jpg,paper,paper,True,512,384,RGB,ad73f6f573594005df19893af48a002c721a9478e8c14a68e9f39503e28edd04,12582,3,True,False,0,True,True
garbage_v2,/content/waste_datasets/garbage_v2/original/paper/paper_388.jpg,paper,paper,True,512,384,RGB,ad799541adfdb4d15a5975a2479d567e0f333c97f42bd3922a6e96c5b9230949,29040,3,True,False,0,True,True
garbage_v2,/content/waste_datasets/garbage_v2/original/cardboard/cardboard_675.jpg,cardboard,cardboard,True,512,384,RGB,ad9125050e6d448ce7acc3db28b7a0ff3b8c05438276d1752608fe83e09e174e,22453,3,True,False,0,True,True
garbage_v2,/content/waste_datasets/garbage_v2/original/paper/paper_1118.jpg,paper,paper,True,512,384,RGB,ada930715b7283772c19ddea06bbb12e936db535682644e692a6c360af4d2ce4,41946,3,True,False,0,True,True
garbage_v2,/content/waste_datasets/garbage_v2/original/paper/paper_1200.jpg,paper,paper,True,512,384,RGB,adca32db9071efb83f74dc67072f3177ffcf098ddc8785c6ccb37ae226ceb287,23388,3,True,False,0,True,True
garbage_v2,/content/waste_datasets/garbage_v2/original/trash/trash_219.jpg,trash,trash,True,512,384,RGB,adfba9de5e4ecbb51152f547d344d17c84be35ae1d2d215d6e41ccd9151ba88c,13009,2,True,False,0,True,True
garbage_v2,/content/waste_datasets/garbage_v2/original/glass/glass_84.jpg,glass,glass,True,512,384,RGB,ae648a635864eaf0812810784f4e5dcf292933ca6ee1afb86724d3e565d5b7ea,18734,3,True,False,0,True,True
garbage_v2,/content/waste_datasets/garbage_v2/original/metal/metal_151.jpg,metal,metal,True,512,384,RGB,ae829074a4a12f101a795f4c6e52158a6495da176ee511cd31f987fc05cea71f,13358,3,True,False,0,True,True
garbage_v2,/content/waste_datasets/garbage_v2/original/plastic/plastic_807.jpg,plastic,plastic,True,512,384,RGB,aebc35a0a781aaac200e8407a93a7ba9a532ed6a9f2198d47241471cc69f5e8c,7194,3,True,False,0,True,True
garbage_v2,/content/waste_datasets/garbage_v2/original/metal/metal_913.jpg,metal,metal,True,512,384,RGB,aec06e44653c156cf4559b430a06c74ffc65a20f4ce75e38e5c4c737c8390b4e,10808,3,True,False,0,True,True
garbage_v2,/content/waste_datasets/garbage_v2/original/paper/paper_1130.jpg,paper,paper,True,512,384,RGB,aed809992a5c71fc33b077e410c9ecb630033b28295682aaa15d08f5f08f2b63,13179,3,True,False,0,True,True
garbage_v2,/content/waste_datasets/garbage_v2/original/cardboard/cardboard_1041.jpg,cardboard,cardboard,True,512,384,RGB,aeef14b55de1b144084e8c760d2353476589ab96310af05ab3efc395eabf2fb4,19498,3,True,False,0,True,True
garbage_v2,/content/waste_datasets/garbage_v2/original/glass/glass_397.jpg,glass,glass,True,512,384,RGB,af01c6d84a461d5e396f6eefabcbfb628cd3e07ed8d2fded241a7924976695ec,11916,3,True,False,0,True,True
garbage_v2,/content/waste_datasets/garbage_v2/original/glass/glass_1605.jpg,glass,glass,True,512,384,RGB,af12f267b156bead9d63532af706e069814b4fedba2fac77cfc411770cd31153,16540,3,True,False,0,True,True
garbage_v2,/content/waste_datasets/garbage_v2/original/metal/metal_778.jpg,metal,metal,True,512,384,RGB,af194e858fb023503cee852e9448174ed81ddfd6144a0d3b5d82ccf35bdbcae4,15758,3,True,False,0,True,True
garbage_v2,/content/waste_datasets/garbage_v2/original/paper/paper_1080.jpg,paper,paper,True,512,384,RGB,af21e4fb3a8668ccf5a3426f676a05e78eeeb6314ff9c2cc2cde19e1354b8eba,40129,3,True,False,0,True,True
garbage_v2,/content/waste_datasets/garbage_v2/original/metal/metal_496.jpg,metal,metal,True,512,384,RGB,af49fd0677db625844199f24ff7ca542e5a2fbbb174839d57ae3ac034fcb28b7,11483,3,True,False,0,True,True
garbage_v2,/content/waste_datasets/garbage_v2/original/cardboard/cardboard_191.jpg,cardboard,cardboard,True,512,384,RGB,af69f4ef54e473917c663ac4ec761bbc8b054733f5eea6978d8a1a1446848d15,13675,3,True,False,0,True,True
garbage_v2,/content/waste_datasets/garbage_v2/original/glass/glass_275.jpg,glass,glass,True,512,384,RGB,af9a4dd92be8a8bbe9123c51acd35a11b01dc18f6703bb0ccfe0f5d735748014,9337,3,True,False,0,True,True
garbage_v2,/content/waste_datasets/garbage_v2/original/plastic/plastic_1339.jpg,plastic,plastic,True,512,384,RGB,afa02cdb3ad470cf5bb1a5ee4d6297d3b0228ee7e2e48fc5973370f91dddcb46,10318,3,True,False,0,True,True
garbage_v2,/content/waste_datasets/garbage_v2/original/cardboard/cardboard_8.jpg,cardboard,cardboard,True,512,384,RGB,afa0b403935cd2ae6e7eeea6403cf0c49720b0104aa6eda122189631c5995e6f,19491,3,True,False,0,True,True
garbage_v2,/content/waste_datasets/garbage_v2/original/plastic/plastic_1386.jpg,plastic,plastic,True,512,384,RGB,aff2c03bafe7c1efcb645ad0b57114df478f5f04aaeae15d16354e414f2445eb,8029,3,True,False,0,True,True
garbage_v2,/content/waste_datasets/garbage_v2/original/paper/paper_645.jpg,paper,paper,True,512,384,RGB,afffd4d9451b375e6907fc1d9b6a4ea4cdb04f9d10694321249aa8c4e0e5fcb5,25717,3,True,False,0,True,True
garbage_v2,/content/waste_datasets/garbage_v2/original/paper/paper_551.jpg,paper,paper,True,512,384,RGB,b02455643fd5c498f1e8502bf3772bebd72eb4df2a98ca3c77ba0d36a3df1fab,21363,3,True,False,0,True,True
garbage_v2,/content/waste_datasets/garbage_v2/original/metal/metal_341.jpg,metal,metal,True,512,384,RGB,b0546d9b6adcb589de61b9ac2340bde30dbcfb2bed0e099d5caaa682c859398c,22647,3,True,False,0,True,True
garbage_v2,/content/waste_datasets/garbage_v2/original/cardboard/cardboard_1212.jpg,cardboard,cardboard,True,512,384,RGB,b07444b5c289f4c8562828a1c3f397d0d3f2fa4a99324273ed9b3f58a1871d3c,16097,3,True,False,0,True,True
garbage_v2,/content/waste_datasets/garbage_v2/original/glass/glass_91.jpg,glass,glass,True,512,384,RGB,b090b5f2c9ab3782bcc0ec877e810f19ea109dc7f69609f9e6aca742aa631410,12589,3,True,False,0,True,True
garbage_v2,/content/waste_datasets/garbage_v2/original/paper/paper_1081.jpg,paper,paper,True,512,384,RGB,b09477db1fff5f30de4df1e23e2d951a850ebbfd6353bf14b6e20be2b96ee106,10467,3,True,False,0,True,True
garbage_v2,/content/waste_datasets/garbage_v2/original/glass/glass_862.jpg,glass,glass,True,512,384,RGB,b0b252804483f0bc2a6ad95936a16c95961c28558dd5733d3f930d8d26036c6b,20102,3,True,False,0,True,True
garbage_v2,/content/waste_datasets/garbage_v2/original/plastic/plastic_460.jpg,plastic,plastic,True,512,384,RGB,b0dbf76688a902b77194dc78f8fb422ae6372bae747a9c6df479c930ce58c13a,7445,3,True,False,0,True,True
garbage_v2,/content/waste_datasets/garbage_v2/original/cardboard/cardboard_357.jpg,cardboard,cardboard,True,512,384,RGB,b109571aaa56f308851fd848e61484c62477c0082e9420d2a6966e0c96dbffb1,15390,3,True,False,0,True,True
garbage_v2,/content/waste_datasets/garbage_v2/original/metal/metal_225.jpg,metal,metal,True,512,384,RGB,b1129a325bac824818c54397630ee81a7e7128535c8b47f621381ab89e41fd76,13496,3,True,False,0,True,True
garbage_v2,/content/waste_datasets/garbage_v2/original/metal/metal_894.jpg,metal,metal,True,512,384,RGB,b135bd2ebbcaccd4f1e134372bf85e177d3f42afa5415758a9e4c615c57d8607,18884,3,True,False,0,True,True
garbage_v2,/content/waste_datasets/garbage_v2/original/paper/paper_190.jpg,paper,paper,True,512,384,RGB,b138992a593c8edd743db9d00f837e6297afff3796314d1429069fbb51bafc87,11757,3,True,False,0,True,True
garbage_v2,/content/waste_datasets/garbage_v2/original/plastic/plastic_1490.jpg,plastic,plastic,True,512,384,RGB,b1480abb8251b9e4f1227ad91b41d089ba58e3ed312be800958a27f57789751a,15035,3,True,False,0,True,True
garbage_v2,/content/waste_datasets/garbage_v2/original/metal/metal_921.jpg,metal,metal,True,512,384,RGB,b152ec937b301f5eb955c08b2fab4ada9ea7d84a2f238294b211c30a62d1c342,23407,3,True,False,0,True,True
garbage_v2,/content/waste_datasets/garbage_v2/original/plastic/plastic_582.jpg,plastic,plastic,True,512,384,RGB,b1799161a0dd174a06a9db28aa24d4f16deab2323fefdab2ced227ebe0349024,13065,3,True,False,0,True,True
garbage_v2,/content/waste_datasets/garbage_v2/original/paper/paper_356.jpg,paper,paper,True,512,384,RGB,b186bdf63509f0e177ad7b9412666a8422b0c968b00e0e7f28e46ef493e4c8b7,8632,3,True,False,0,True,True
garbage_v2,/content/waste_datasets/garbage_v2/original/paper/paper_59.jpg,paper,paper,True,512,384,RGB,b1873815e7343f96ce71943ba13d0de9acdffcb3daaf61d6a5293ea91e580ca7,14819,3,True,False,0,True,True
garbage_v2,/content/waste_datasets/garbage_v2/original/glass/glass_1136.jpg,glass,glass,True,512,384,RGB,b196fbf78445391dea3d9099d39697f9ecdefa76f8ee911e16e324c792b8534d,11041,3,True,False,0,True,True
garbage_v2,/content/waste_datasets/garbage_v2/original/plastic/plastic_1144.jpg,plastic,plastic,True,512,384,RGB,b199b2ad9a3bc7a28ba3c55662a0e4c4695984c5c6aa795826733c9ecb093479,10165,3,True,False,0,True,True
garbage_v2,/content/waste_datasets/garbage_v2/original/paper/paper_1279.jpg,paper,paper,True,512,384,RGB,b19db665c34279d49210e88485e501283f84c58ed270003e4ee4fb7b0e7e44ea,42462,3,True,False,0,True,True
garbage_v2,/content/waste_datasets/garbage_v2/original/glass/glass_1143.jpg,glass,glass,True,512,384,RGB,b1a2793b62f7ecca9de42562d84da7490151d79bf94bd6ffffb661aac184b44e,11624,3,True,False,0,True,True
garbage_v2,/content/waste_datasets/garbage_v2/original/metal/metal_177.jpg,metal,metal,True,512,384,RGB,b1bc4ced340dbca3ee419e140cadc68991ae80a903fa6a326c8fa0d93caf4d3c,20818,3,True,False,0,True,True
garbage_v2,/content/waste_datasets/garbage_v2/original/glass/glass_1382.jpg,glass,glass,True,512,384,RGB,b1e25090da37ca1424b754d5a7b8fa467295b88c9648bf0d184e166514ef7360,7330,3,True,False,0,True,True
garbage_v2,/content/waste_datasets/garbage_v2/original/paper/paper_16.jpg,paper,paper,True,512,384,RGB,b1ec5fa3d15a58a0da6346ce8c2854eaac0cc764ceefc8d1d19e14c0c538236b,42554,3,True,False,0,True,True
garbage_v2,/content/waste_datasets/garbage_v2/original/plastic/plastic_66.jpg,plastic,plastic,True,512,384,RGB,b210e88fda29ae9f02d7497eb3f7dd9d7dbc22e0acbc93226a020f17930b34a9,18078,3,True,False,0,True,True
garbage_v2,/content/waste_datasets/garbage_v2/original/metal/metal_784.jpg,metal,metal,True,512,384,RGB,b219affc816aeb248e919ea67c178b09a785290c46bdc84153e55bfec5f78209,10976,3,True,False,0,True,True
garbage_v2,/content/waste_datasets/garbage_v2/original/plastic/plastic_611.jpg,plastic,plastic,True,512,384,RGB,b21a383cdc95334871f941e2fab170ad41e57e62caa29d1bbd022b669ef424c7,16920,3,True,False,0,True,True
garbage_v2,/content/waste_datasets/garbage_v2/original/plastic/plastic_1342.jpg,plastic,plastic,True,512,384,RGB,b21d41aaed31fa3ba75330f2181288de824cc71bbda01b29b3a35e0c5875ca24,15573,3,True,False,0,True,True
garbage_v2,/content/waste_datasets/garbage_v2/original/cardboard/cardboard_608.jpg,cardboard,cardboard,True,512,384,RGB,b225fefcc1067d4c489a0cc77e91adde71aa89d32472680b2d54498a36c70188,12126,3,True,False,0,True,True
garbage_v2,/content/waste_datasets/garbage_v2/original/glass/glass_698.jpg,glass,glass,True,512,384,RGB,b24337b35cb4a8dda89d38213aadd2ff0037916838140ba19d1fc5d018d4c297,10431,3,True,False,0,True,True
garbage_v2,/content/waste_datasets/garbage_v2/original/paper/paper_1128.jpg,paper,paper,True,512,384,RGB,b25471c824a5539c5168ea97eb25bf652ab63e9bc1a930c96670c20a4d68fc70,25071,3,True,False,0,True,True
garbage_v2,/content/waste_datasets/garbage_v2/original/paper/paper_181.jpg,paper,paper,True,512,384,RGB,b26ba9d2aa251f9ed74d4f9b7bbb37eb2b3ee1c921501c5c279ee50194878916,18816,3,True,False,0,True,True
garbage_v2,/content/waste_datasets/garbage_v2/original/paper/paper_1331.jpg,paper,paper,True,512,384,RGB,b2892e9d84b2d5a721a98afc2276a839c4dfd414a721d2da004032e2023faf4b,18222,3,True,False,0,True,True
garbage_v2,/content/waste_datasets/garbage_v2/original/glass/glass_1221.jpg,glass,glass,True,512,384,RGB,b2f6fc320df5a2e21f07e4a7dc8927e99c505c2630ed036ef4fce8f1156600e4,24719,3,True,False,0,True,True
garbage_v2,/content/waste_datasets/garbage_v2/original/glass/glass_214.jpg,glass,glass,True,512,384,RGB,b31787474106c9702de3481c327a41adbddb65e0e7f1db2fcb62abb12b37075b,10633,3,True,False,0,True,True
garbage_v2,/content/waste_datasets/garbage_v2/original/metal/metal_191.jpg,metal,metal,True,512,384,RGB,b323750ec17bb7cbe0609ba18c07dc966cdd2ab2063f1ad323f4bc7d589c542c,13785,3,True,False,0,True,True
garbage_v2,/content/waste_datasets/garbage_v2/original/plastic/plastic_29.jpg,plastic,plastic,True,512,384,RGB,b351129a596213f3b020cb63230fa6e0698e9fe20f9b8bb9d023f4ecf3aa436c,15738,3,True,False,0,True,True
garbage_v2,/content/waste_datasets/garbage_v2/original/glass/glass_1385.jpg,glass,glass,True,512,384,RGB,b3585984de7bd265b238537b2c57713ab62d3db03e98a81c0b5973b74540b2fa,14592,3,True,False,0,True,True
garbage_v2,/content/waste_datasets/garbage_v2/original/metal/metal_295.jpg,metal,metal,True,512,384,RGB,b36d4c7a1de6800f7802569f65fc7b6f49b15fab942943c17a33fb769458b8d2,16705,3,True,False,0,True,True
garbage_v2,/content/waste_datasets/garbage_v2/original/paper/paper_753.jpg,paper,paper,True,512,384,RGB,b3941029581e0d870c0611ac7cb7d59582d6e7f8c0405730ce392f953a173b66,18885,3,True,False,0,True,True
garbage_v2,/content/waste_datasets/garbage_v2/original/glass/glass_1273.jpg,glass,glass,True,512,384,RGB,b39aa12f708cfe510fed276ed590eed15b6630d2ddd258ce455c88eee39e4dca,14576,3,True,False,0,True,True
garbage_v2,/content/waste_datasets/garbage_v2/original/glass/glass_964.jpg,glass,glass,True,512,384,RGB,b39b231915cc0a2ce4e871d9675408bd83180754c3e6f76709537a4531b51a92,11191,3,True,False,0,True,True
garbage_v2,/content/waste_datasets/garbage_v2/original/paper/paper_292.jpg,paper,paper,True,512,384,RGB,b3a509ba195dbcd85c4dc712ecca234a565b43e234b7690838f93db523016dea,17135,3,True,False,0,True,True
garbage_v2,/content/waste_datasets/garbage_v2/original/plastic/plastic_1265.jpg,plastic,plastic,True,512,384,RGB,b3b078bd4f10cc51f22f60357c7210be7c4dd6e151ac8202a1db9c6a3a52f990,7884,3,True,False,0,True,True
garbage_v2,/content/waste_datasets/garbage_v2/original/metal/metal_238.jpg,metal,metal,True,512,384,RGB,b3c7a9f37fe4da737d9194e3199eb310fdb025b100977d0013934c873f1b69a2,50342,3,True,False,0,True,True
garbage_v2,/content/waste_datasets/garbage_v2/original/cardboard/cardboard_982.jpg,cardboard,cardboard,True,512,384,RGB,b3c979a3f4b7246548b51ee34782dfab7e146a569511f62bca9b11701460c951,12336,3,True,False,0,True,True
garbage_v2,/content/waste_datasets/garbage_v2/original/glass/glass_647.jpg,glass,glass,True,512,384,RGB,b3f0068e9b748fe0675042fade8db77ca0700a205aee04f098db00de39d2163d,9716,3,True,False,0,True,True
garbage_v2,/content/waste_datasets/garbage_v2/original/metal/metal_572.jpg,metal,metal,True,512,384,RGB,b3fd958da7033b2ea056bd917fc0eebb19874c238ee3873e3c131e3c7890cc92,30853,3,True,False,0,True,True
garbage_v2,/content/waste_datasets/garbage_v2/original/metal/metal_573.jpg,metal,metal,True,512,384,RGB,b405aaeedbe83e6fe8dfcb0d9ce292a680e5870ff5482b45c6b2b2cea2b22324,34771,3,True,False,0,True,True
garbage_v2,/content/waste_datasets/garbage_v2/original/cardboard/cardboard_325.jpg,cardboard,cardboard,True,512,384,RGB,b41f4388df1476e62b5c2bf9b568764a3a74d3ae45a3bcb7a1ad03b493fa9c0b,21716,3,True,False,0,True,True
garbage_v2,/content/waste_datasets/garbage_v2/original/cardboard/cardboard_607.jpg,cardboard,cardboard,True,512,384,RGB,b4618ec2441a57414e3080c66e35137ee240aa6588342f61b98ff55a2920b923,17368,3,True,False,0,True,True
garbage_v2,/content/waste_datasets/garbage_v2/original/paper/paper_837.jpg,paper,paper,True,512,384,RGB,b4748ebd7addc4a9f05df348572f3b1fc8a39d9cea94edf0250b883de9d53640,36103,3,True,False,0,True,True
garbage_v2,/content/waste_datasets/garbage_v2/original/paper/paper_700.jpg,paper,paper,True,512,384,RGB,b4a45bcd452c3d524cda9ee2dd2ea89b065d61fe3eabeede4729eeeb746a97c1,28308,3,True,False,0,True,True
garbage_v2,/content/waste_datasets/garbage_v2/original/metal/metal_606.jpg,metal,metal,True,512,384,RGB,b4b65449c9b9d7f98ce5f304a51f8241a4a3bce4b57d44418670e298d715a31f,12775,3,True,False,0,True,True
garbage_v2,/content/waste_datasets/garbage_v2/original/plastic/plastic_1018.jpg,plastic,plastic,True,512,384,RGB,b4eab673b773e0025ec0cc31b13705325713a712050c17b2eae710519f92aff8,18580,3,True,False,0,True,True
garbage_v2,/content/waste_datasets/garbage_v2/original/paper/paper_1265.jpg,paper,paper,True,512,384,RGB,b5156dee24cf3c9401b7b45bf9f523145d8b30ac5dc9cf688ca5dd2360bc9c31,6917,3,True,False,0,True,True
garbage_v2,/content/waste_datasets/garbage_v2/original/cardboard/cardboard_876.jpg,cardboard,cardboard,True,512,384,RGB,b57558462cb51318b46f8990bd3cf6ff9acb410f4941a84dec453e03354408c9,11163,3,True,False,0,True,True
garbage_v2,/content/waste_datasets/garbage_v2/original/paper/paper_431.jpg,paper,paper,True,512,384,RGB,b58a23ed92849833655c0e6d7f67c786ccd95cb09ec2e4826d620cf0a9540e69,31404,3,True,False,0,True,True
garbage_v2,/content/waste_datasets/garbage_v2/original/glass/glass_1343.jpg,glass,glass,True,512,384,RGB,b595cad8529817e670420280fbb0bd4a6717c521310b91424a3ec56cf8b9937b,9430,3,True,False,0,True,True
garbage_v2,/content/waste_datasets/garbage_v2/original/glass/glass_1341.jpg,glass,glass,True,512,384,RGB,b598653ead82a29e42e12039c3865f5d120832a30fdaba7b8f6cc5efee270022,12641,3,True,False,0,True,True
garbage_v2,/content/waste_datasets/garbage_v2/original/glass/glass_883.jpg,glass,glass,True,512,384,RGB,b598e060b6ab583b586aa2b402a4c0303f33300daef0b1edaf2e630b82d2aa61,14740,3,True,False,0,True,True
garbage_v2,/content/waste_datasets/garbage_v2/original/cardboard/cardboard_525.jpg,cardboard,cardboard,True,512,384,RGB,b5df0d59ee6a777b7d7d503802eaa1bfd97c4fa1c7238dac4fb2280cd472cc37,25182,3,True,False,0,True,True
garbage_v2,/content/waste_datasets/garbage_v2/original/cardboard/cardboard_261.jpg,cardboard,cardboard,True,512,384,RGB,b5ead8ef7426dff4f6c3851044cac9cdc96297c4a11d8abc5e48f701213efc88,16035,3,True,False,0,True,True
garbage_v2,/content/waste_datasets/garbage_v2/original/plastic/plastic_662.jpg,plastic,plastic,True,512,384,RGB,b60c1808e1fdae7723c3bc4239b793ee77dc6bbd7c591e79fe98c72ce2fb1d2b,19266,3,True,False,0,True,True
garbage_v2,/content/waste_datasets/garbage_v2/original/paper/paper_449.jpg,paper,paper,True,512,384,RGB,b60d9d17bc14273941b2f1df9dff2fca612146ebd5eff495498138d8cbf58e55,31807,3,True,False,0,True,True
garbage_v2,/content/waste_datasets/garbage_v2/original/glass/glass_336.jpg,glass,glass,True,512,384,RGB,b6255cc25b7ffe34a6ea30c8f4f5dc263ba9a415c3ee403532c58d31023fe3ec,9459,3,True,False,0,True,True
garbage_v2,/content/waste_datasets/garbage_v2/original/metal/metal_245.jpg,metal,metal,True,512,384,RGB,b637cef7074907a5a1baa9703e1b7ad4cacda649cf66799e63376747be327e95,15619,3,True,False,0,True,True
garbage_v2,/content/waste_datasets/garbage_v2/original/cardboard/cardboard_486.jpg,cardboard,cardboard,True,512,384,RGB,b65499a31b3227a11cf6ed1143c12d54ddd51424f4b2906bb38ad76d26dec885,22068,3,True,False,0,True,True
garbage_v2,/content/waste_datasets/garbage_v2/original/glass/glass_1603.jpg,glass,glass,True,512,384,RGB,b6694cead09370aa6a0e82677dd40192df562e34489ad847f071ad93d71beeaa,11136,3,True,False,0,True,True
garbage_v2,/content/waste_datasets/garbage_v2/original/plastic/plastic_1125.jpg,plastic,plastic,True,512,384,RGB,b683387e221e5b23286f1fb59da08a6d356676c52644cf42d75ddcf1cd346a62,12978,3,True,False,0,True,True
garbage_v2,/content/waste_datasets/garbage_v2/original/plastic/plastic_834.jpg,plastic,plastic,True,512,384,RGB,b6a9fda657482c6f5856763f01b936ca55012f0be1c9289c0c8b4a9dbc75a831,21930,3,True,False,0,True,True
garbage_v2,/content/waste_datasets/garbage_v2/original/plastic/plastic_1499.jpg,plastic,plastic,True,512,384,RGB,b6dda9ed628e3c7845e1b2c90ab54b06c43ac48a6d5fd19e3987e55f603c5eb6,13659,3,True,False,0,True,True
garbage_v2,/content/waste_datasets/garbage_v2/original/plastic/plastic_1450.jpg,plastic,plastic,True,512,384,RGB,b70669928144a5f5b6f2c5c6740c134a87b8e11079fd90289f22833280439271,12278,3,True,False,0,True,True
garbage_v2,/content/waste_datasets/garbage_v2/original/paper/paper_648.jpg,paper,paper,True,512,384,RGB,b72cfadd1bfa0cde78043dd73d0f17ff84cb48962dd5545542fb3b0c6b052264,11757,3,True,False,0,True,True
garbage_v2,/content/waste_datasets/garbage_v2/original/cardboard/cardboard_918.jpg,cardboard,cardboard,True,512,384,RGB,b73b7ce6a180a0c33e20ae591d0e727e70a4a53b5f07f87350c245a69f0a3d6f,12179,3,True,False,0,True,True
garbage_v2,/content/waste_datasets/garbage_v2/original/paper/paper_125.jpg,paper,paper,True,512,384,RGB,b73c2e779bf1fdd4073f14aba88003e035c3d84c0b4000c17f25505c9f2f4441,14827,3,True,False,0,True,True
garbage_v2,/content/waste_datasets/garbage_v2/original/cardboard/cardboard_670.jpg,cardboard,cardboard,True,512,384,RGB,b740093eb803b7cb8cfb25cf27d1f30bfa9d38fb67794a20b76e5bf7a1f0b32e,9394,3,True,False,0,True,True
garbage_v2,/content/waste_datasets/garbage_v2/original/plastic/plastic_1489.jpg,plastic,plastic,True,512,384,RGB,b7eb28e44872fad1b8fc3f39e0f2083d2f4295f74afdb706539b0d156400d713,11455,3,True,False,0,True,True
garbage_v2,/content/waste_datasets/garbage_v2/original/paper/paper_18.jpg,paper,paper,True,512,384,RGB,b7fc8592f16fa6091b9e591d0486ce34bd6122a848fce132a14e4c3a6e5c595d,22334,3,True,False,0,True,True
garbage_v2,/content/waste_datasets/garbage_v2/original/paper/paper_957.jpg,paper,paper,True,512,384,RGB,b802c684c77ebc0def38d2769145e5f9baaf1e14a97b6b52af9e31f4615dfdaa,40084,3,True,False,0,True,True
garbage_v2,/content/waste_datasets/garbage_v2/original/glass/glass_556.jpg,glass,glass,True,512,384,RGB,b80a9093e3923b2efa86aec48587315c63a62be43ada743606b5f77cb8a4ea0e,13091,3,True,False,0,True,True
garbage_v2,/content/waste_datasets/garbage_v2/original/metal/metal_925.jpg,metal,metal,True,512,384,RGB,b814327dc68678291d5a7575972476cd34c22ee1dd692b8928d007433ca41a26,19852,3,True,False,0,True,True
garbage_v2,/content/waste_datasets/garbage_v2/original/plastic/plastic_1054.jpg,plastic,plastic,True,512,384,RGB,b81cf3e51be8f35c3f25e99a0a68dcd7176910be32d8306b812fa90e560d733c,12366,3,True,False,0,True,True
garbage_v2,/content/waste_datasets/garbage_v2/original/glass/glass_48.jpg,glass,glass,True,512,384,RGB,b8462ea85337e9caaf3205245db37109c6070c5344cdd690ec865c91527c91b5,11617,3,True,False,0,True,True
garbage_v2,/content/waste_datasets/garbage_v2/original/plastic/plastic_452.jpg,plastic,plastic,True,512,384,RGB,b86fbccff6107a77b1af8a3291da8b3b31a90d45e800103a1b528114c32b62fe,18250,3,True,False,0,True,True
garbage_v2,/content/waste_datasets/garbage_v2/original/paper/paper_117.jpg,paper,paper,True,512,384,RGB,b884b537d0f75a85ba5115850a2170955e5ed08229a23430a1df2edc0793f172,24892,3,True,False,0,True,True
garbage_v2,/content/waste_datasets/garbage_v2/original/glass/glass_1427.jpg,glass,glass,True,512,384,RGB,b8a2a77180d65ecb054431b2febdb5c20e5fcf5a823418c1835f2c2fc34974d7,9164,3,True,False,0,True,True
garbage_v2,/content/waste_datasets/garbage_v2/original/plastic/plastic_705.jpg,plastic,plastic,True,512,384,RGB,b8d900537f30dd1b82bcf6978a4c3a96a6c9e527d8b50844c2c13dccac6f0252,12747,3,True,False,0,True,True
garbage_v2,/content/waste_datasets/garbage_v2/original/plastic/plastic_1317.jpg,plastic,plastic,True,512,384,RGB,b9029bdb19393882842447353ec70da302db5091c9435f3d38beade842c7c081,9689,3,True,False,0,True,True
garbage_v2,/content/waste_datasets/garbage_v2/original/plastic/plastic_1380.jpg,plastic,plastic,True,512,384,RGB,b9154db665ebc5955e2999b6b54c2702f7b895cf89705cbc9f4d284796fd5f1b,18734,3,True,False,0,True,True
garbage_v2,/content/waste_datasets/garbage_v2/original/metal/metal_898.jpg,metal,metal,True,512,384,RGB,b94f43400e61f17ac2a9cc720d5dd05ff33282dca59e0743055b6140e0c81798,25938,3,True,False,0,True,True
garbage_v2,/content/waste_datasets/garbage_v2/original/metal/metal_789.jpg,metal,metal,True,512,384,RGB,b95bc24b3a9779fac5aed239cc482c3eae8515e762b67f754464f9458307b03d,22797,3,True,False,0,True,True
garbage_v2,/content/waste_datasets/garbage_v2/original/metal/metal_113.jpg,metal,metal,True,512,384,RGB,b965677ba10ae67f209b32ff2962a48ba593638ae142c854999b80bdac8ffe00,7139,3,True,False,0,True,True
garbage_v2,/content/waste_datasets/garbage_v2/original/glass/glass_353.jpg,glass,glass,True,512,384,RGB,b98a73d579fdac665619ea1eb95d2d7dfb47d3c45f7c2ed2bb4933b77c046748,17700,3,True,False,0,True,True
garbage_v2,/content/waste_datasets/garbage_v2/original/plastic/plastic_518.jpg,plastic,plastic,True,512,384,RGB,b9b6354dafaf94c8e9aeb8e472ef7712193b3f11ae8ea72dfda7df52d35e91c5,10036,3,True,False,0,True,True
garbage_v2,/content/waste_datasets/garbage_v2/original/paper/paper_1059.jpg,paper,paper,True,512,384,RGB,b9d8d26a2ac4e417b63621fdaa374dad93bdb5530a56b395ef0e52db51c02fcb,16708,3,True,False,0,True,True
garbage_v2,/content/waste_datasets/garbage_v2/original/metal/metal_86.jpg,metal,metal,True,512,384,RGB,b9f648ddde3596f81747fd274d0902ea29fdd1d0f7846031972bc7ed45e4d5af,12507,3,True,False,0,True,True
garbage_v2,/content/waste_datasets/garbage_v2/original/glass/glass_969.jpg,glass,glass,True,512,384,RGB,b9f9c914ebdd06f358a2a7fe4e8f625c45665c9d6ae7c64980f9f20ee00f0d3b,16913,3,True,False,0,True,True
garbage_v2,/content/waste_datasets/garbage_v2/original/glass/glass_974.jpg,glass,glass,True,512,384,RGB,ba156b04601294102bfbdfd577561e093d31450ba73e52cacfc9a73c7772ea7f,7488,3,True,False,0,True,True
garbage_v2,/content/waste_datasets/garbage_v2/original/metal/metal_522.jpg,metal,metal,True,512,384,RGB,ba1e9103370776db0f48019aaa67ecf449d359e76b7f7cce8cc4fae189f8528b,17394,3,True,False,0,True,True
garbage_v2,/content/waste_datasets/garbage_v2/original/paper/paper_192.jpg,paper,paper,True,512,384,RGB,ba24b0495b1c7590228018857d2f11cd85c456e22b653d46732c9b3a310d258d,15558,3,True,False,0,True,True
garbage_v2,/content/waste_datasets/garbage_v2/original/cardboard/cardboard_434.jpg,cardboard,cardboard,True,512,384,RGB,ba24f78e408489720c9f0410d406ab49fe66379e6c4a09b7a554266db50b632a,17403,3,True,False,0,True,True
garbage_v2,/content/waste_datasets/garbage_v2/original/paper/paper_360.jpg,paper,paper,True,512,384,RGB,ba28099671de6183eedb10b2d87cac9074bc79d58b6634280e8ed0881289a26b,20852,3,True,False,0,True,True
garbage_v2,/content/waste_datasets/garbage_v2/original/glass/glass_871.jpg,glass,glass,True,512,384,RGB,ba551bcd81aee13427047c07da6d014c184b218a4c2e481280cf79f062288308,14151,3,True,False,0,True,True
garbage_v2,/content/waste_datasets/garbage_v2/original/plastic/plastic_765.jpg,plastic,plastic,True,512,384,RGB,ba6a9b30bd8d3701ac084706995bb3f68a3e56dffacfc0b4d667ef2690512624,14990,3,True,False,0,True,True
garbage_v2,/content/waste_datasets/garbage_v2/original/cardboard/cardboard_889.jpg,cardboard,cardboard,True,512,384,RGB,bab81c8185b5066823d5784139e56e3a91828ecafb0dc1b3c6c0bbd68804c8c1,17305,3,True,False,0,True,True
garbage_v2,/content/waste_datasets/garbage_v2/original/plastic/plastic_1220.jpg,plastic,plastic,True,512,384,RGB,bac537b6725eceb69e3aa20ed650cb9540aff2543e83e9df4214394c008f48c3,16284,3,True,False,0,True,True
garbage_v2,/content/waste_datasets/garbage_v2/original/paper/paper_684.jpg,paper,paper,True,512,384,RGB,bacf18f5e7405bb9efae3b3b2ed31e3ca2ae5e5169fae1d11de4ebd6087df826,26152,3,True,False,0,True,True
garbage_v2,/content/waste_datasets/garbage_v2/original/glass/glass_1736.jpg,glass,glass,True,512,384,RGB,bae5907e90053845469c3f15e587f4364990b39c1841d52b1aab06756a3240a4,12789,3,True,False,0,True,True
garbage_v2,/content/waste_datasets/garbage_v2/original/glass/glass_11.jpg,glass,glass,True,512,384,RGB,bb0072515b4e6edbc874b4f1cf218a5183751eedb980150e5e48a0cc07e48352,13834,3,True,False,0,True,True
garbage_v2,/content/waste_datasets/garbage_v2/original/trash/trash_189.jpg,trash,trash,True,512,384,RGB,bb30f9f1cbbfd077d079cc10e55c3724c1f479c467bca875a76a5a15d274d3e7,11655,2,True,False,0,True,True
garbage_v2,/content/waste_datasets/garbage_v2/original/paper/paper_631.jpg,paper,paper,True,512,384,RGB,bb4b099d6634443ee8dc658701bd09714330148143aa5fe66bcbf24465177efd,14913,3,True,False,0,True,True
garbage_v2,/content/waste_datasets/garbage_v2/original/plastic/plastic_1591.jpg,plastic,plastic,True,512,384,RGB,bb53a10a93857884e8b6edcdd9d1e74976779ef35d9ac74c0b9983c7121af9dc,7922,3,True,False,0,True,True
garbage_v2,/content/waste_datasets/garbage_v2/original/paper/paper_1038.jpg,paper,paper,True,512,384,RGB,bb5a06e8ba6e8643563ff9cce292ce0b957bc5a7fec50629439e062fafc99193,11963,3,True,False,0,True,True
garbage_v2,/content/waste_datasets/garbage_v2/original/metal/metal_677.jpg,metal,metal,True,512,384,RGB,bb7cd5061a07f8459c0ffb10a48ad1c5967755fa9d6faca97337940799c0c3ba,9527,3,True,False,0,True,True
garbage_v2,/content/waste_datasets/garbage_v2/original/paper/paper_942.jpg,paper,paper,True,512,384,RGB,bb824ff078d95d25413f1ebdc522ce2e081deb40aec488f4e4e682b86e86e571,20165,3,True,False,0,True,True
garbage_v2,/content/waste_datasets/garbage_v2/original/glass/glass_893.jpg,glass,glass,True,512,384,RGB,bb99332328123a6c2781f265a2d212abda1fa629bbb5af76587e9fab118228c4,14078,3,True,False,0,True,True
garbage_v2,/content/waste_datasets/garbage_v2/original/paper/paper_506.jpg,paper,paper,True,512,384,RGB,bbee1c3572ce9aabba96dc406c0b5bb709dbaabf8c95005eb26e4d4b96c92353,8950,3,True,False,0,True,True
garbage_v2,/content/waste_datasets/garbage_v2/original/paper/paper_850.jpg,paper,paper,True,512,384,RGB,bc53f4dcfc411ce9700057542e0b8779f6fe69c394a633e7b908375f757ff391,18863,3,True,False,0,True,True
garbage_v2,/content/waste_datasets/garbage_v2/original/metal/metal_170.jpg,metal,metal,True,512,384,RGB,bc549a39af929be7ceedb628e751f7718feb93984b945cb5edb92feee238bfc5,20092,3,True,False,0,True,True
garbage_v2,/content/waste_datasets/garbage_v2/original/glass/glass_312.jpg,glass,glass,True,512,384,RGB,bc7d857f3f8f589ab0d8c6918439b9cc5c0dff555c3a8547fdb4a3d27a4ec48c,10123,2,True,False,0,True,True
garbage_v2,/content/waste_datasets/garbage_v2/original/cardboard/cardboard_296.jpg,cardboard,cardboard,True,512,384,RGB,bcaf9b3df55145fdbdaf69b5ec34c2b866f89cd2416ff81653a9abec7e939ccb,27843,3,True,False,0,True,True
garbage_v2,/content/waste_datasets/garbage_v2/original/cardboard/cardboard_1341.jpg,cardboard,cardboard,True,512,384,RGB,bcb4217c513c71a3ef74a282274a3617fb997da61c8d083f451ef0a266594940,15648,3,True,False,0,True,True
garbage_v2,/content/waste_datasets/garbage_v2/original/metal/metal_873.jpg,metal,metal,True,512,384,RGB,bcbf889aa70c570c63ad34a9d7e7ab233ac2e018df130dfa758c8cb328ddeec7,13030,3,True,False,0,True,True
garbage_v2,/content/waste_datasets/garbage_v2/original/plastic/plastic_167.jpg,plastic,plastic,True,512,384,RGB,bcce89202c141ce13a6f4bc83bac9fdbe3d703b93cf55b96e5e9b76523d3bcd7,9822,3,True,False,0,True,True
garbage_v2,/content/waste_datasets/garbage_v2/original/paper/paper_1317.jpg,paper,paper,True,512,384,RGB,bcf1cacce0917d97dc1c9d9e722dd6f02ef134da850e304561f843ac7f20b510,13446,3,True,False,0,True,True
garbage_v2,/content/waste_datasets/garbage_v2/original/paper/paper_381.jpg,paper,paper,True,512,384,RGB,bcfed6be1fa2122852ed8e45a21cecbf62a7cd3be3c174de5816b92a181cf4f7,8218,3,True,False,0,True,True
garbage_v2,/content/waste_datasets/garbage_v2/original/glass/glass_354.jpg,glass,glass,True,512,384,RGB,bd013e93c57350fc23a0c8359567235c08bf983384dec2f3611ba177e7a77f8d,8482,3,True,False,0,True,True
garbage_v2,/content/waste_datasets/garbage_v2/original/glass/glass_564.jpg,glass,glass,True,512,384,RGB,bd20a72151976c98a5235baac946e44edaccf243915406e39ca2164541d64377,11939,3,True,False,0,True,True
garbage_v2,/content/waste_datasets/garbage_v2/original/glass/glass_741.jpg,glass,glass,True,512,384,RGB,bd31e2440417fd22ed539ff5164b80269d163ffff1b48a2c99df3e4aed9bf52e,13508,3,True,False,0,True,True
garbage_v2,/content/waste_datasets/garbage_v2/original/metal/metal_445.jpg,metal,metal,True,512,384,RGB,bd387f71c0ee1db3782e9365786a6ddf3ccdc9408079f8a253b1e085e1b58d0d,35585,3,True,False,0,True,True
garbage_v2,/content/waste_datasets/garbage_v2/original/paper/paper_670.jpg,paper,paper,True,512,384,RGB,bd54f5cdf97de0108ebadab779c2d14fb775b2bfdc5b8c28833b4f33eae15b87,13734,3,True,False,0,True,True
garbage_v2,/content/waste_datasets/garbage_v2/original/glass/glass_1282.jpg,glass,glass,True,512,384,RGB,bd56995ebe7cee2e1d1f838c735b56005d9d3ae0192dfcf36d86849bb4d66be6,14980,3,True,False,0,True,True
garbage_v2,/content/waste_datasets/garbage_v2/original/cardboard/cardboard_89.jpg,cardboard,cardboard,True,512,384,RGB,bd6b74c2562bfdb1c0d707616ab1b59da7c6931c78279ed99e19a97126667cbb,24551,3,True,False,0,True,True
garbage_v2,/content/waste_datasets/garbage_v2/original/cardboard/cardboard_592.jpg,cardboard,cardboard,True,512,384,RGB,bd87374325ed92af0909d2b2c17cf82e485e4ace9d810ec3720a0c11a2c2b18a,20405,3,True,False,0,True,True
garbage_v2,/content/waste_datasets/garbage_v2/original/metal/metal_270.jpg,metal,metal,True,512,384,RGB,bda03c13fbaac3ec0d3b1d253ed07a2b687b5206d27c7213045bd2eb158a72ea,21897,3,True,False,0,True,True
garbage_v2,/content/waste_datasets/garbage_v2/original/paper/paper_71.jpg,paper,paper,True,512,384,RGB,bda46f84cccf7394f321f2838152afca18d6c60b5cef25a03bd20dd3168263e5,19443,3,True,False,0,True,True
garbage_v2,/content/waste_datasets/garbage_v2/original/metal/metal_779.jpg,metal,metal,True,512,384,RGB,bdc699a908783ac33bc196c3583282057e192549a0727951f81636c6e79b534e,14772,3,True,False,0,True,True
garbage_v2,/content/waste_datasets/garbage_v2/original/cardboard/cardboard_1088.jpg,cardboard,cardboard,True,512,384,RGB,bde9127611fc86b82d3a0d620dd75227b627d6813fa8d56f026e18f00669015e,17801,3,True,False,0,True,True
garbage_v2,/content/waste_datasets/garbage_v2/original/paper/paper_765.jpg,paper,paper,True,512,384,RGB,bdf1589b0d7358a56f189bf52ed13e19aebccc40e0cd3b4917b6877cafbcf7e0,11445,3,True,False,0,True,True
garbage_v2,/content/waste_datasets/garbage_v2/original/cardboard/cardboard_1350.jpg,cardboard,cardboard,True,512,384,RGB,be001a7b04e7181e07a4bc372628114d44bcd4444ff9fd6a0db9de7f4867a227,20451,3,True,False,0,True,True
garbage_v2,/content/waste_datasets/garbage_v2/original/metal/metal_368.jpg,metal,metal,True,512,384,RGB,be03c4e938a384498612241ade801334b667bdfea4e815fb13082117b4d0ba8a,31130,3,True,False,0,True,True
garbage_v2,/content/waste_datasets/garbage_v2/original/paper/paper_1329.jpg,paper,paper,True,512,384,RGB,be194ac439692dde371af2ab9f521e0f373bc079e9821bed68787e110626b988,11714,3,True,False,0,True,True
garbage_v2,/content/waste_datasets/garbage_v2/original/cardboard/cardboard_668.jpg,cardboard,cardboard,True,512,384,RGB,be36636033d78b61ddbbbdecccfcb0537380e04eb84121289268018fb0827b9c,20433,3,True,False,0,True,True
garbage_v2,/content/waste_datasets/garbage_v2/original/trash/trash_273.jpg,trash,trash,True,512,384,RGB,be3709b243fbcac3c8a84b94c88608fbcf8e46a0872d54730757a4957ecbd209,12840,2,True,False,0,True,True
garbage_v2,/content/waste_datasets/garbage_v2/original/paper/paper_1167.jpg,paper,paper,True,512,384,RGB,be7a5c7898c15c3ab2aa33e38c9dcaa5636589830f4d4ce8d334881aa7b1e073,10888,3,True,False,0,True,True
garbage_v2,/content/waste_datasets/garbage_v2/original/plastic/plastic_382.jpg,plastic,plastic,True,512,384,RGB,be971871f668041aeeb2e22bae3667b7196148dd193aea8ace51063d52a762e3,13589,3,True,False,0,True,True
garbage_v2,/content/waste_datasets/garbage_v2/original/plastic/plastic_1455.jpg,plastic,plastic,True,512,384,RGB,bec428c22bb87fe0c47558ad00516742c36558c87d8da223803baa40e8bb450e,21602,3,True,False,0,True,True
garbage_v2,/content/waste_datasets/garbage_v2/original/glass/glass_118.jpg,glass,glass,True,512,384,RGB,bec56112aed5d71705dcdb36599254e6b4a8463c633dfba7b105a9547e2ed084,8978,3,True,False,0,True,True
garbage_v2,/content/waste_datasets/garbage_v2/original/metal/metal_392.jpg,metal,metal,True,512,384,RGB,beefdccb03a7a0132bd21d50004b775a402a3cad27972d169dfb4c7322b5f38e,14442,3,True,False,0,True,True
garbage_v2,/content/waste_datasets/garbage_v2/original/trash/trash_356.jpg,trash,trash,True,512,384,RGB,befe03db44ad0923b3f88239c071084950190e54381dc51679007917cfd315fa,16718,2,True,False,0,True,True
garbage_v2,/content/waste_datasets/garbage_v2/original/paper/paper_36.jpg,paper,paper,True,512,384,RGB,bf02296c63a503e58af7017f567fa6d49e9575a707baef0c306d02eb32723b40,20212,3,True,False,0,True,True
garbage_v2,/content/waste_datasets/garbage_v2/original/metal/metal_910.jpg,metal,metal,True,512,384,RGB,bf029f4e238e7aeb266d8a5947e33f18cb17bebce18ed97e2ca9db0671f10c6d,22657,3,True,False,0,True,True
garbage_v2,/content/waste_datasets/garbage_v2/original/cardboard/cardboard_1036.jpg,cardboard,cardboard,True,512,384,RGB,bf07ebb21c8182ae7954a72a317b9fcff4cdc852bac1716f0f99c0367a60a337,22135,3,True,False,0,True,True
garbage_v2,/content/waste_datasets/garbage_v2/original/glass/glass_180.jpg,glass,glass,True,512,384,RGB,bf65efd72ee281a0b016b3391d84a0a99cc59b0e60d007d3e0c123d373b03c53,8058,3,True,False,0,True,True
garbage_v2,/content/waste_datasets/garbage_v2/original/plastic/plastic_1503.jpg,plastic,plastic,True,512,384,RGB,bf75d7442a831a48b49342223e304c1507ee3108262b23ad8acff182ca040d28,19159,3,True,False,0,True,True
garbage_v2,/content/waste_datasets/garbage_v2/original/paper/paper_156.jpg,paper,paper,True,512,384,RGB,bf7bc79ea0ceb7a689287b4cb2bbe366967affa7b22ded12dca31ed638a64adc,13765,3,True,False,0,True,True
garbage_v2,/content/waste_datasets/garbage_v2/original/metal/metal_446.jpg,metal,metal,True,512,384,RGB,bf9f6db9925895baa4e153bb06eb50716ecd7bbf1776f7064b5d9d2280b644ae,29857,3,True,False,0,True,True
garbage_v2,/content/waste_datasets/garbage_v2/original/plastic/plastic_384.jpg,plastic,plastic,True,512,384,RGB,bfa51700e80cb967c6a904becce781399b1cb990dfd444a9ceb217bd44eb8399,13205,3,True,False,0,True,True
garbage_v2,/content/waste_datasets/garbage_v2/original/metal/metal_867.jpg,metal,metal,True,512,384,RGB,bfb1f39a72cebe2ba64ce22ad6f3cc0068daea6559745de2468466c22a3bf639,10275,3,True,False,0,True,True
garbage_v2,/content/waste_datasets/garbage_v2/original/plastic/plastic_1023.jpg,plastic,plastic,True,512,384,RGB,bfdfbc629a84967c1dbfdc3e90275279a2a2760f9053750c64a3307db605f4d8,10571,3,True,False,0,True,True
garbage_v2,/content/waste_datasets/garbage_v2/original/glass/glass_1300.jpg,glass,glass,True,512,384,RGB,bfeb29b44e861e40747fe4474de23be84c0ab951ddd62ca9bb9158baa9c258be,12972,3,True,False,0,True,True
garbage_v2,/content/waste_datasets/garbage_v2/original/metal/metal_879.jpg,metal,metal,True,512,384,RGB,c0027d2191b29a1fedfe86c5547a16fd38a172e55dbe54a89dc3440416fc3f40,19260,3,True,False,0,True,True
garbage_v2,/content/waste_datasets/garbage_v2/original/paper/paper_1199.jpg,paper,paper,True,512,384,RGB,c005fec186cb09d3b489653a35b4ca0bb892a8d4ef62f0372937b29c9d6fd997,14935,3,True,False,0,True,True
garbage_v2,/content/waste_datasets/garbage_v2/original/cardboard/cardboard_234.jpg,cardboard,cardboard,True,512,384,RGB,c0082c81d357fc12b22b80b4d7b7f405e70dd1d2ee5ead90748a63bc3c7707db,26722,3,True,False,0,True,True
garbage_v2,/content/waste_datasets/garbage_v2/original/cardboard/cardboard_210.jpg,cardboard,cardboard,True,512,384,RGB,c00c0deac6ea17c761be9345f20b4d96f4c6c6c3818d55ce94af252aa4bc611e,16195,3,True,False,0,True,True
garbage_v2,/content/waste_datasets/garbage_v2/original/cardboard/cardboard_1321.jpg,cardboard,cardboard,True,512,384,RGB,c03d6ce3de22e4139e2429950d3c993f6924acbe505801e38ba88e34a6b769dd,16636,3,True,False,0,True,True
garbage_v2,/content/waste_datasets/garbage_v2/original/plastic/plastic_1078.jpg,plastic,plastic,True,512,384,RGB,c0427850434fbd1daaec76e205ec253dfcefe277e12c0d707018ebbe58621cc5,14576,3,True,False,0,True,True
garbage_v2,/content/waste_datasets/garbage_v2/original/glass/glass_963.jpg,glass,glass,True,512,384,RGB,c06ce955331258f5f0b97c2e01c07915bc0f37d2cf45c32796e04788c2605126,19880,3,True,False,0,True,True
garbage_v2,/content/waste_datasets/garbage_v2/original/metal/metal_394.jpg,metal,metal,True,512,384,RGB,c09910726706083dedfa7d1e13e7dfe2d05ce66c2f422648e52ed2890928cecd,7807,3,True,False,0,True,True
garbage_v2,/content/waste_datasets/garbage_v2/original/plastic/plastic_216.jpg,plastic,plastic,True,512,384,RGB,c09b1e4917f0c62337dcdb3172cd2ccecd640800c85aaf8ae859033bcba3a31d,15010,3,True,False,0,True,True
garbage_v2,/content/waste_datasets/garbage_v2/original/paper/paper_244.jpg,paper,paper,True,512,384,RGB,c09f59b8068c9177a2b014d946b326f4d28855c6b93276078d4cb9d7593910ac,34662,3,True,False,0,True,True
garbage_v2,/content/waste_datasets/garbage_v2/original/paper/paper_1221.jpg,paper,paper,True,512,384,RGB,c0cd76e305f4f20ad7148220466bbd44b5026053594c34c0ac096cf86edf0ee5,8460,3,True,False,0,True,True
garbage_v2,/content/waste_datasets/garbage_v2/original/glass/glass_1588.jpg,glass,glass,True,512,384,RGB,c0ce0cf6611d7bd34ddce4d913e41eaf2cf2d1d97f56afa8546fd98d9c1a9366,22091,3,True,False,0,True,True
garbage_v2,/content/waste_datasets/garbage_v2/original/paper/paper_951.jpg,paper,paper,True,512,384,RGB,c0e2a3a37b098b4b4923dc3bb67a30ed502867535d837d0bc8063b1322fd0885,11600,3,True,False,0,True,True
garbage_v2,/content/waste_datasets/garbage_v2/original/cardboard/cardboard_224.jpg,cardboard,cardboard,True,512,384,RGB,c0e6c7503a7da3f833f1cce19c0e4aecb29fc49a55503d4e438eefb810f96173,20487,3,True,False,0,True,True
garbage_v2,/content/waste_datasets/garbage_v2/original/glass/glass_1253.jpg,glass,glass,True,512,384,RGB,c1277f608df20f1121d902f157c7a0fe0684ca732bcea485e7164d54a4746052,11488,2,True,False,0,True,True
garbage_v2,/content/waste_datasets/garbage_v2/original/metal/metal_711.jpg,metal,metal,True,512,384,RGB,c171a1ad8d1de4de1ea8976697b1ca608e9780ff61d7ba0f40dbb0353dcabae2,7152,3,True,False,0,True,True
garbage_v2,/content/waste_datasets/garbage_v2/original/metal/metal_325.jpg,metal,metal,True,512,384,RGB,c1723b93e8ac8fd1b2204898c215843743725cfce8c3693a9257b3248d708294,10784,3,True,False,0,True,True
garbage_v2,/content/waste_datasets/garbage_v2/original/paper/paper_81.jpg,paper,paper,True,512,384,RGB,c180ebcfa2a33dc1be03fe5e76da08a57d11cbfe2f8b90849f6450c18d8e2e87,10894,3,True,False,0,True,True
garbage_v2,/content/waste_datasets/garbage_v2/original/metal/metal_797.jpg,metal,metal,True,512,384,RGB,c182b5868c699359a7196d6e91f77451ec43c76f82b1929ac57d56353920be31,13905,3,True,False,0,True,True
garbage_v2,/content/waste_datasets/garbage_v2/original/paper/paper_933.jpg,paper,paper,True,512,384,RGB,c1976fd353d41344f825d988703f63ece168e453f9630f4964d3952890a0559d,17035,3,True,False,0,True,True
garbage_v2,/content/waste_datasets/garbage_v2/original/plastic/plastic_1482.jpg,plastic,plastic,True,512,384,RGB,c19d113838eb9f913ce810a9a0afc125f9fb5220175896b4cc3cc0423df1cf50,15309,3,True,False,0,True,True
garbage_v2,/content/waste_datasets/garbage_v2/original/trash/trash_360.jpg,trash,trash,True,512,384,RGB,c1b0f328e062e40b9badc5c514e1c95d9442076944b3485971605af1f3503366,6928,2,True,False,0,True,True
garbage_v2,/content/waste_datasets/garbage_v2/original/metal/metal_88.jpg,metal,metal,True,512,384,RGB,c1bed427b41f9243ddc979a5411f065649586e75a089b478f156f50ce7eb105b,15072,3,True,False,0,True,True
garbage_v2,/content/waste_datasets/garbage_v2/original/metal/metal_346.jpg,metal,metal,True,512,384,RGB,c1c1a94ce0b21b7666e7f3f5592151243a7a2e16f73d3869cad9b04a5fcfe14a,10818,3,True,False,0,True,True
garbage_v2,/content/waste_datasets/garbage_v2/original/glass/glass_1645.jpg,glass,glass,True,512,384,RGB,c1c6eb287885d70899ab080246cb1fb6ccda43953c0d74d036d5937e0578b876,16552,3,True,False,0,True,True
garbage_v2,/content/waste_datasets/garbage_v2/original/glass/glass_1593.jpg,glass,glass,True,512,384,RGB,c1d7a8a84753d430e208139416f6ce1cdb3c897a50b2f284632dd4d30805add4,20577,3,True,False,0,True,True
garbage_v2,/content/waste_datasets/garbage_v2/original/plastic/plastic_1345.jpg,plastic,plastic,True,512,384,RGB,c1ee09df23c4e7df0882b4be96914e7d41c9f6f6c5e85a475ea6ea709c5812b7,7111,3,True,False,0,True,True
garbage_v2,/content/waste_datasets/garbage_v2/original/plastic/plastic_529.jpg,plastic,plastic,True,512,384,RGB,c2091ae7792ef6d98469bda46f513839d0f45da5b9681e78bf74cd2808e46a2d,16865,3,True,False,0,True,True
garbage_v2,/content/waste_datasets/garbage_v2/original/glass/glass_117.jpg,glass,glass,True,512,384,RGB,c209a8ec595b3be49ed1994932afb6a10d7269a3d6941c2ac4ae90d331c8d2a3,10509,3,True,False,0,True,True
garbage_v2,/content/waste_datasets/garbage_v2/original/plastic/plastic_1181.jpg,plastic,plastic,True,512,384,RGB,c21f1f0f400d606fd6b75c6b19b1333f1b889a65576afe38cf34c0f1ad40d4fd,9316,3,True,False,0,True,True
garbage_v2,/content/waste_datasets/garbage_v2/original/trash/trash_158.jpg,trash,trash,True,512,384,RGB,c2298ca13c3e4050cc169de58b8b77cc6765e18b7fb6145586a96b116668ad0b,15240,2,True,False,0,True,True
garbage_v2,/content/waste_datasets/garbage_v2/original/cardboard/cardboard_1045.jpg,cardboard,cardboard,True,512,384,RGB,c236abb3035210d316970d34bab994d39facac9be0a17ef8351dc0fd0c9dcd9d,22101,3,True,False,0,True,True
garbage_v2,/content/waste_datasets/garbage_v2/original/glass/glass_1490.jpg,glass,glass,True,512,384,RGB,c247465bfdd8db0f8cf4c783b2d8b9e27cdd6c7a41e06385c38702bf129d27e3,8018,3,True,False,0,True,True
garbage_v2,/content/waste_datasets/garbage_v2/original/paper/paper_723.jpg,paper,paper,True,512,384,RGB,c25745d2b149af1dc2278847f7fbf54a70b970010b8689af88c292d679fef05f,29243,3,True,False,0,True,True
garbage_v2,/content/waste_datasets/garbage_v2/original/cardboard/cardboard_140.jpg,cardboard,cardboard,True,512,384,RGB,c292c1019120f623c4045a6db9d9e29b44e694a477f9c6589bf000a3d1ec7446,23099,3,True,False,0,True,True
garbage_v2,/content/waste_datasets/garbage_v2/original/paper/paper_620.jpg,paper,paper,True,512,384,RGB,c2a71d79ff42ff3c431a14c96d7b4e5e82f526840c85b396703408dee0e4a56d,12957,3,True,False,0,True,True
garbage_v2,/content/waste_datasets/garbage_v2/original/cardboard/cardboard_378.jpg,cardboard,cardboard,True,512,384,RGB,c2ae83dc97726813ee11aba8f734474448bafaa3816afb15ebffde35de7980f7,16033,3,True,False,0,True,True
garbage_v2,/content/waste_datasets/garbage_v2/original/plastic/plastic_300.jpg,plastic,plastic,True,512,384,RGB,c2bc088c8e2082ed3d0cd72ec1eb7d1d329b961509741da37525ab303aaa3d74,24246,3,True,False,0,True,True
garbage_v2,/content/waste_datasets/garbage_v2/original/cardboard/cardboard_36.jpg,cardboard,cardboard,True,512,384,RGB,c2d9ca1f7a33c086de846f04c9cc755c70dedd8ee44f92ab35ce4d3192cbf38a,22927,3,True,False,0,True,True
garbage_v2,/content/waste_datasets/garbage_v2/original/metal/metal_589.jpg,metal,metal,True,512,384,RGB,c2fb5a8f94b270549083ef270e1b9f3b6570937db840b6ac4c31a633a8eb2d96,20763,3,True,False,0,True,True
garbage_v2,/content/waste_datasets/garbage_v2/original/paper/paper_1153.jpg,paper,paper,True,512,384,RGB,c2fe4f61c9855674fb9e2d4143c1b7938334f70ee6d5dcdb0559238de46c4972,24220,3,True,False,0,True,True
garbage_v2,/content/waste_datasets/garbage_v2/original/metal/metal_702.jpg,metal,metal,True,512,384,RGB,c30e1216f6d5fb43a87f80b2b75404e0b62fbcb530e173c646b302299a1cfdfb,18191,3,True,False,0,True,True
garbage_v2,/content/waste_datasets/garbage_v2/original/plastic/plastic_1110.jpg,plastic,plastic,True,512,384,RGB,c34288ab439c8463b83bb62453f90816779131fb2bae79d38e40b58bc306a8de,16225,3,True,False,0,True,True
garbage_v2,/content/waste_datasets/garbage_v2/original/cardboard/cardboard_802.jpg,cardboard,cardboard,True,512,384,RGB,c34dc0814f96979e3df5383522338a06d370d3cd60004ba1829bcd0e6f4d7417,24709,3,True,False,0,True,True
garbage_v2,/content/waste_datasets/garbage_v2/original/cardboard/cardboard_862.jpg,cardboard,cardboard,True,512,384,RGB,c368bda01fcf3d9cb13cb16062bbbf5c96843ceb905e730fa9d69f533b318d7e,18110,3,True,False,0,True,True
garbage_v2,/content/waste_datasets/garbage_v2/original/glass/glass_990.jpg,glass,glass,True,512,384,RGB,c37389b16d810a8444e5d1dc70fccae518df71757b1ec83156010660f00271b7,13906,3,True,False,0,True,True
garbage_v2,/content/waste_datasets/garbage_v2/original/cardboard/cardboard_644.jpg,cardboard,cardboard,True,512,384,RGB,c383c12c7625ba8f8c90b16b346f8d250315b76554b7c6932e9db48cf162485a,18404,3,True,False,0,True,True
garbage_v2,/content/waste_datasets/garbage_v2/original/paper/paper_650.jpg,paper,paper,True,512,384,RGB,c39b71366e6a436ee2e3f25356e699e81e811295cf2f081a0faa87646bcfabff,32892,3,True,False,0,True,True
garbage_v2,/content/waste_datasets/garbage_v2/original/glass/glass_1007.jpg,glass,glass,True,512,384,RGB,c3ba0a9a397845b3c8fe9a9c625774c25481604d00a4cf0944fb3d3df2a9ad10,10425,3,True,False,0,True,True
garbage_v2,/content/waste_datasets/garbage_v2/original/cardboard/cardboard_361.jpg,cardboard,cardboard,True,512,384,RGB,c3bc0ac0a346864525d4c75f9e6edb426e935659d5e70d3598fda0123b07d761,21365,3,True,False,0,True,True
garbage_v2,/content/waste_datasets/garbage_v2/original/paper/paper_885.jpg,paper,paper,True,512,384,RGB,c3ccc0942a44b9bfc38f6b1e9c3bbe2610f09b48df1c3048ee674e30dc6686ab,43399,3,True,False,0,True,True
garbage_v2,/content/waste_datasets/garbage_v2/original/cardboard/cardboard_83.jpg,cardboard,cardboard,True,512,384,RGB,c3dde25c4e27a9ce16061e54d0862c7fa0af89ad957e59a955454bd6ea33ecae,16077,3,True,False,0,True,True
garbage_v2,/content/waste_datasets/garbage_v2/original/glass/glass_1138.jpg,glass,glass,True,512,384,RGB,c3f2f46f0d2ad8149ea358b253af1ef7593afb5c78b8a56a12faab820eba16bf,8673,3,True,False,0,True,True
garbage_v2,/content/waste_datasets/garbage_v2/original/metal/metal_277.jpg,metal,metal,True,512,384,RGB,c40edd7d2496bf7a271c1c4f6125d24384a84944b4c5f4bb94f316438823bc9f,10232,3,True,False,0,True,True
garbage_v2,/content/waste_datasets/garbage_v2/original/cardboard/cardboard_654.jpg,cardboard,cardboard,True,512,384,RGB,c4154176338a6af396600a1fe62ce65b31452ee01ba4f35f907f744f25d61e0b,13358,3,True,False,0,True,True
garbage_v2,/content/waste_datasets/garbage_v2/original/plastic/plastic_353.jpg,plastic,plastic,True,512,384,RGB,c4585c2d3a7b2bb30f028d7c6f3dee30565b9d3b2c44e1ab9c0fce4d0db5f928,17779,3,True,False,0,True,True
garbage_v2,/content/waste_datasets/garbage_v2/original/paper/paper_903.jpg,paper,paper,True,512,384,RGB,c4888283b8ad6f05c97cc8f33098db1edc363ff6954e7bbbc848b6e26e07fc62,37845,3,True,False,0,True,True
garbage_v2,/content/waste_datasets/garbage_v2/original/plastic/plastic_306.jpg,plastic,plastic,True,512,384,RGB,c48d62e02bfa1a932b0aa50ac1723bbe3be1c8d54bffb54f66fa52c0eeb59c57,10681,3,True,False,0,True,True
garbage_v2,/content/waste_datasets/garbage_v2/original/cardboard/cardboard_922.jpg,cardboard,cardboard,True,512,384,RGB,c4e683190b4d8634e9c7030e178eef58b07d09ad68c1ecbd9eb55dad02364360,22493,3,True,False,0,True,True
garbage_v2,/content/waste_datasets/garbage_v2/original/glass/glass_106.jpg,glass,glass,True,512,384,RGB,c4f927f45e85c72c8e795c195055770271fd9d1d0699feb610807d7752e6a2e6,7578,3,True,False,0,True,True
garbage_v2,/content/waste_datasets/garbage_v2/original/glass/glass_1367.jpg,glass,glass,True,512,384,RGB,c52823646cf1218879cf7237bb4ebbac7d512181f7903636d4c7e8e18696c12b,8680,3,True,False,0,True,True
garbage_v2,/content/waste_datasets/garbage_v2/original/paper/paper_656.jpg,paper,paper,True,512,384,RGB,c569882d580fc182cbfd7b28104899cb71c2536b5d79d2c163a2271b6b8519c5,16232,3,True,False,0,True,True
garbage_v2,/content/waste_datasets/garbage_v2/original/cardboard/cardboard_1029.jpg,cardboard,cardboard,True,512,384,RGB,c5adf70b3390c88d5799a29251d4d6ded545f8e9b2b27a11bf5defac377491d9,15681,3,True,False,0,True,True
garbage_v2,/content/waste_datasets/garbage_v2/original/metal/metal_221.jpg,metal,metal,True,512,384,RGB,c5d3532166d56825b106eddefff6fc388b8d7a13ee97f9c54e5633c32eae0a2b,19299,3,True,False,0,True,True
garbage_v2,/content/waste_datasets/garbage_v2/original/cardboard/cardboard_717.jpg,cardboard,cardboard,True,512,384,RGB,c64e75b62eaae06b8903dbaa196d044498c126746ab424ea29c09534b0ebbeed,16470,3,True,False,0,True,True
garbage_v2,/content/waste_datasets/garbage_v2/original/paper/paper_1195.jpg,paper,paper,True,512,384,RGB,c65383159582c82aa5a73ab4a0a6a3ea48cc2ca0235cc3478c5d321c2d4194d7,40163,3,True,False,0,True,True
garbage_v2,/content/waste_datasets/garbage_v2/original/paper/paper_1020.jpg,paper,paper,True,512,384,RGB,c678f16f9c4b2e1bb91129b79d9818b46f82cd812cc83e91636798736d1e7ab7,13558,3,True,False,0,True,True
garbage_v2,/content/waste_datasets/garbage_v2/original/metal/metal_477.jpg,metal,metal,True,512,384,RGB,c68b86c3ebd0f041245b0d53782f6b9a9067169264fb7c586b743a7c2472ff84,12720,3,True,False,0,True,True
garbage_v2,/content/waste_datasets/garbage_v2/original/plastic/plastic_895.jpg,plastic,plastic,True,512,384,RGB,c72733b6d16458678e0d6883eb3f694eb6eff960c51c2a4757d14c1188afa9c4,12495,3,True,False,0,True,True
garbage_v2,/content/waste_datasets/garbage_v2/original/cardboard/cardboard_522.jpg,cardboard,cardboard,True,512,384,RGB,c7497d10f2fb86d28e0cebbcecf9e8d8a971b5f932a8f9dff8b4f484962dbf4d,14906,3,True,False,0,True,True
garbage_v2,/content/waste_datasets/garbage_v2/original/metal/metal_538.jpg,metal,metal,True,512,384,RGB,c7738d478baea960e2d5e496eceeceb4b666ce13ae17376d7f1a4b55b298224e,17395,3,True,False,0,True,True
garbage_v2,/content/waste_datasets/garbage_v2/original/glass/glass_1067.jpg,glass,glass,True,512,384,RGB,c786a9a24df9030b543d55d5b37688fc6bb61188f90f82893f2dc021c02467b0,19580,3,True,False,0,True,True
garbage_v2,/content/waste_datasets/garbage_v2/original/plastic/plastic_1315.jpg,plastic,plastic,True,512,384,RGB,c78e40757bf8d6728c124ec34644563102b677ded29be69b36a19ff44dcbd195,16106,3,True,False,0,True,True
garbage_v2,/content/waste_datasets/garbage_v2/original/metal/metal_279.jpg,metal,metal,True,512,384,RGB,c78f1e06c359fdd4a9557456d1d1d7ff404bc9ab8778907a84ad1cfe1b43e525,14539,3,True,False,0,True,True
garbage_v2,/content/waste_datasets/garbage_v2/original/glass/glass_38.jpg,glass,glass,True,512,384,RGB,c7b458fbf7d599114f5ea87726a6dbc007c748aea8e8c65819ac171550aa1bc9,14632,2,True,False,0,True,True
garbage_v2,/content/waste_datasets/garbage_v2/original/metal/metal_509.jpg,metal,metal,True,512,384,RGB,c80ce69fe45c0b22fcec94bb8a9e235f7b1eeb06e9f74c44a5016c6798d9a8c0,8910,3,True,False,0,True,True
garbage_v2,/content/waste_datasets/garbage_v2/original/metal/metal_529.jpg,metal,metal,True,512,384,RGB,c820ec4d35ec9f7f74ba3a42d0d5089dc2b9371eec31d5a81d366d7d1d2f7710,14047,3,True,False,0,True,True
garbage_v2,/content/waste_datasets/garbage_v2/original/paper/paper_200.jpg,paper,paper,True,512,384,RGB,c832ffd8b7d0591966abe5147ad53cb2ceb0b47ffd5cdaa4ae4a78df670ac0ce,17828,3,True,False,0,True,True
garbage_v2,/content/waste_datasets/garbage_v2/original/metal/metal_479.jpg,metal,metal,True,512,384,RGB,c83928d26f05a7f35d043fe35f28d3e45f8b953294a591d44d97858583346eba,12350,3,True,False,0,True,True
garbage_v2,/content/waste_datasets/garbage_v2/original/paper/paper_1306.jpg,paper,paper,True,512,384,RGB,c83d77940c7a0d595299b3d465596527e59378723f60a737bd3eeebb1fd32829,37473,3,True,False,0,True,True
garbage_v2,/content/waste_datasets/garbage_v2/original/cardboard/cardboard_289.jpg,cardboard,cardboard,True,512,384,RGB,c858b0ac1ea6378015f8c05c62394d5ec16c0890dd2ddd4403259b1d764560c8,14662,3,True,False,0,True,True
garbage_v2,/content/waste_datasets/garbage_v2/original/paper/paper_1003.jpg,paper,paper,True,512,384,RGB,c86bef27dc80afbdf746326f72c74bc5c8b7d3d2590f372d2717f85d2d83b81a,15851,3,True,False,0,True,True
garbage_v2,/content/waste_datasets/garbage_v2/original/paper/paper_191.jpg,paper,paper,True,512,384,RGB,c8d3a7748ce6fefced94ffabf8d155b9cbb513856402cde0947f075579570e57,11444,3,True,False,0,True,True
garbage_v2,/content/waste_datasets/garbage_v2/original/plastic/plastic_1336.jpg,plastic,plastic,True,512,384,RGB,c8def67db4e56d42dd7216fa2fa842fc2d5f23f424305d6c09bb69d6c777591c,10735,3,True,False,0,True,True
garbage_v2,/content/waste_datasets/garbage_v2/original/paper/paper_1137.jpg,paper,paper,True,512,384,RGB,c903c6a409b65c0c5630efdaba8f0b56aab5efa8d65800c55d10d6a4ffba16ca,13162,3,True,False,0,True,True
garbage_v2,/content/waste_datasets/garbage_v2/original/metal/metal_165.jpg,metal,metal,True,512,384,RGB,c9127729efcf4d2d426edf5dd69e01f40b204c82914ea03e2e8bb888bb49de95,18427,3,True,False,0,True,True
garbage_v2,/content/waste_datasets/garbage_v2/original/paper/paper_130.jpg,paper,paper,True,512,384,RGB,c9292ab46a60cc3f40149ac97f5182707fc541e494ab971667d844e6b7f54310,13408,3,True,False,0,True,True
garbage_v2,/content/waste_datasets/garbage_v2/original/metal/metal_180.jpg,metal,metal,True,512,384,RGB,c943be388369a82dfa1417c1c23df8ac0f00ab80cb1e39c0de5c35af4947c87f,16914,3,True,False,0,True,True
garbage_v2,/content/waste_datasets/garbage_v2/original/metal/metal_186.jpg,metal,metal,True,512,384,RGB,c946ded8526ded8569e51f5c1a92233f5c3004f115e252bd562232214525b43c,16178,3,True,False,0,True,True
garbage_v2,/content/waste_datasets/garbage_v2/original/cardboard/cardboard_336.jpg,cardboard,cardboard,True,512,384,RGB,c9a105d6d78b97099ba3eb73cc839756360930b718b1d538474f64bc67d2f164,12745,3,True,False,0,True,True
garbage_v2,/content/waste_datasets/garbage_v2/original/glass/glass_222.jpg,glass,glass,True,512,384,RGB,c9be8cce671a82570080d018e80c24256f35b04ddc3d0a2b58adf59f4de1cd78,16416,3,True,False,0,True,True
garbage_v2,/content/waste_datasets/garbage_v2/original/plastic/plastic_456.jpg,plastic,plastic,True,512,384,RGB,c9d48e78bc73cb71deb8abde8b5f52c69a65e19c00ba30f622d7e255224f4a86,20952,3,True,False,0,True,True
garbage_v2,/content/waste_datasets/garbage_v2/original/metal/metal_330.jpg,metal,metal,True,512,384,RGB,c9e3856e65f887bd3b04edf686e6e1d265a67306a0b3a3c7a05edb83af2447b3,17249,3,True,False,0,True,True
garbage_v2,/content/waste_datasets/garbage_v2/original/glass/glass_1104.jpg,glass,glass,True,512,384,RGB,ca0542181abb36215da026aa5c02b977ce8d4258878cee101fb4b6be30c32488,13464,3,True,False,0,True,True
garbage_v2,/content/waste_datasets/garbage_v2/original/paper/paper_964.jpg,paper,paper,True,512,384,RGB,ca1c78d4d0e8c917b7398a4dba4338dcf823f0069adaf11865a2b300cfea69b1,50437,3,True,False,0,True,True
garbage_v2,/content/waste_datasets/garbage_v2/original/plastic/plastic_57.jpg,plastic,plastic,True,512,384,RGB,ca3db4385012f56b510d13abc9b9871b5410af4dd09ad3535fdf6af638a24eae,12634,3,True,False,0,True,True
garbage_v2,/content/waste_datasets/garbage_v2/original/paper/paper_482.jpg,paper,paper,True,512,384,RGB,ca7957de64e9ed35415141e78514fd1d246c3a9b6451230619c36269ac513874,11322,3,True,False,0,True,True
garbage_v2,/content/waste_datasets/garbage_v2/original/paper/paper_37.jpg,paper,paper,True,512,384,RGB,ca927223253cf6eeb07d622add184e88cb158dca1e28b116e540c6e3d5f55902,18131,3,True,False,0,True,True
garbage_v2,/content/waste_datasets/garbage_v2/original/glass/glass_1125.jpg,glass,glass,True,512,384,RGB,ca9825e95dcf5a0714175ca6ec0f441d495d82ce0e1c4f612d3ed064d38866f8,12131,3,True,False,0,True,True
garbage_v2,/content/waste_datasets/garbage_v2/original/paper/paper_319.jpg,paper,paper,True,512,384,RGB,ca9e1a9811589d9697a6ee9da588dbec665e765ac66aa25694f20795b3baaa8b,15889,3,True,False,0,True,True
garbage_v2,/content/waste_datasets/garbage_v2/original/plastic/plastic_671.jpg,plastic,plastic,True,512,384,RGB,caa7044e8e8913d0394c7fc4007dc9f40578e57d810e345e80badc68f809954f,19529,3,True,False,0,True,True
garbage_v2,/content/waste_datasets/garbage_v2/original/glass/glass_1725.jpg,glass,glass,True,512,384,RGB,cb031871be0529ee77bb01b5d8526eeca41a71e8ef71c2e948958899791af680,15002,3,True,False,0,True,True
garbage_v2,/content/waste_datasets/garbage_v2/original/paper/paper_150.jpg,paper,paper,True,512,384,RGB,cb153343bdc4f1a6673a443d3f4e8ffc82f4cca6b5c6ef3ac144dd057311fe15,18363,3,True,False,0,True,True
garbage_v2,/content/waste_datasets/garbage_v2/original/cardboard/cardboard_797.jpg,cardboard,cardboard,True,512,384,RGB,cb18509203c2d290dfd7f7c89b371499e85eaaf6c1681dcb31c0548588c28429,15248,3,True,False,0,True,True
garbage_v2,/content/waste_datasets/garbage_v2/original/plastic/plastic_1289.jpg,plastic,plastic,True,512,384,RGB,cb1e8246f2413ce6bdbf4ec97083a88eef3577ff55362fc0b0045373c514f641,9159,3,True,False,0,True,True
garbage_v2,/content/waste_datasets/garbage_v2/original/glass/glass_1639.jpg,glass,glass,True,512,384,RGB,cb42abf2660a1074d8d6357dbf8665c89c08610580e7ac531082fb50b814ca36,14796,3,True,False,0,True,True
garbage_v2,/content/waste_datasets/garbage_v2/original/paper/paper_1230.jpg,paper,paper,True,512,384,RGB,cb8c69c27362accb49e2caec57e62ebb29c2491f2532cf9015511fe049e3bc0e,37868,3,True,False,0,True,True
garbage_v2,/content/waste_datasets/garbage_v2/original/cardboard/cardboard_965.jpg,cardboard,cardboard,True,512,384,RGB,cbca9e105606e20b8c361a09798bb07c02397325d6886561c6f4f2ec26027e28,19034,3,True,False,0,True,True
garbage_v2,/content/waste_datasets/garbage_v2/original/metal/metal_889.jpg,metal,metal,True,512,384,RGB,cbcca3f28ab464eaf7ecd98412dba2417a7fcc9c6b6b47d0594ca1a86ed75bd6,15202,3,True,False,0,True,True
garbage_v2,/content/waste_datasets/garbage_v2/original/paper/paper_279.jpg,paper,paper,True,512,384,RGB,cc0b219c5a7c300b9802a9c81ee8180621d3c667540de93dbcf9e04d00787ec1,21106,3,True,False,0,True,True
garbage_v2,/content/waste_datasets/garbage_v2/original/paper/paper_237.jpg,paper,paper,True,512,384,RGB,cc1e46f9638b8c20b0f3ee2bf690f22608e8130315463e8bc20e4fcfe26f8edb,12944,3,True,False,0,True,True
garbage_v2,/content/waste_datasets/garbage_v2/original/plastic/plastic_425.jpg,plastic,plastic,True,512,384,RGB,cc4229329892f78ad0551448cbb1d659834e211bfce1aa839d4877b88f410c20,10683,3,True,False,0,True,True
garbage_v2,/content/waste_datasets/garbage_v2/original/glass/glass_1484.jpg,glass,glass,True,512,384,RGB,cc7e7354f7f9e59579775e989e76ffb826a2693095033eeaa373a1ea3a62402d,16076,3,True,False,0,True,True
garbage_v2,/content/waste_datasets/garbage_v2/original/glass/glass_13.jpg,glass,glass,True,512,384,RGB,cc81d4bc6d925497c073a7c95c9621dd1c5f833028466beacbf0332aa356801e,17863,3,True,False,0,True,True
garbage_v2,/content/waste_datasets/garbage_v2/original/glass/glass_23.jpg,glass,glass,True,512,384,RGB,cc8b5c6fd847ca243af6df91980ceb85b4ce88ae755effef7910b91a059740e3,11546,3,True,False,0,True,True
garbage_v2,/content/waste_datasets/garbage_v2/original/metal/metal_266.jpg,metal,metal,True,512,384,RGB,ccca49d58894f77b5bc0ef6224121e89c9adf02ea6397fb84c2c1b5e63eae4a1,14129,3,True,False,0,True,True
garbage_v2,/content/waste_datasets/garbage_v2/original/glass/glass_544.jpg,glass,glass,True,512,384,RGB,ccef76b1e159cf0e8ccefa3dfc1e73a23ce45a629a303dbb9d7375ec3e1f62be,19918,3,True,False,0,True,True
garbage_v2,/content/waste_datasets/garbage_v2/original/cardboard/cardboard_307.jpg,cardboard,cardboard,True,512,384,RGB,ccf7f4e88f3f8c986161937e52e741265572ca997555bacd2e5f0dd75508016a,22412,3,True,False,0,True,True
garbage_v2,/content/waste_datasets/garbage_v2/original/cardboard/cardboard_374.jpg,cardboard,cardboard,True,512,384,RGB,cd081eef211499354cc78174839d030bec4f76c196b794a4dbcaccdc0dde324a,21533,3,True,False,0,True,True
garbage_v2,/content/waste_datasets/garbage_v2/original/paper/paper_1238.jpg,paper,paper,True,512,384,RGB,cd4a5cf9743d622d24635dd4409d906ee50d52679c2aa4c3615d5b93ecd07df3,39819,3,True,False,0,True,True
garbage_v2,/content/waste_datasets/garbage_v2/original/plastic/plastic_312.jpg,plastic,plastic,True,512,384,RGB,cd61bf3fc38601b928a272eb2f6890bb53323f6c86f2c2c0d7de648f1d3fc464,17433,3,True,False,0,True,True
garbage_v2,/content/waste_datasets/garbage_v2/original/cardboard/cardboard_1143.jpg,cardboard,cardboard,True,512,384,RGB,cd8e7572765723c2187e3d5ccb0a2e9a0feb4b184d3d5f3ea798cb2b7683f69c,12192,3,True,False,0,True,True
garbage_v2,/content/waste_datasets/garbage_v2/original/paper/paper_1030.jpg,paper,paper,True,512,384,RGB,cda964ec5e30e1577faf8aebb96410949f224b90f44dc96a09d42f3341edac42,12909,3,True,False,0,True,True
garbage_v2,/content/waste_datasets/garbage_v2/original/paper/paper_718.jpg,paper,paper,True,512,384,RGB,cdacf1d7696837231fa1c2d2a1806799398f29a54b74664a2d7501d259957de9,14717,3,True,False,0,True,True
garbage_v2,/content/waste_datasets/garbage_v2/original/plastic/plastic_402.jpg,plastic,plastic,True,512,384,RGB,cdb990f12cecb4b31a21ff16f7fb7db098bf62825606de5769571b1b1d988ff9,17428,3,True,False,0,True,True
garbage_v2,/content/waste_datasets/garbage_v2/original/cardboard/cardboard_139.jpg,cardboard,cardboard,True,512,384,RGB,cdbd6d14568286cd85c1ec1fbcefc95eb2f98d1d26935b526b2f858b244f166d,21252,3,True,False,0,True,True
garbage_v2,/content/waste_datasets/garbage_v2/original/plastic/plastic_933.jpg,plastic,plastic,True,512,384,RGB,cddcdc2acedaa90d51f298ac2f6ab32a219eb318332763003502476e3dc55fd0,20976,3,True,False,0,True,True
garbage_v2,/content/waste_datasets/garbage_v2/original/paper/paper_559.jpg,paper,paper,True,512,384,RGB,cdeb2d58d2499ccecb23a9386cdc4beac90121e646c508ea7cdafb6545d0288d,43922,3,True,False,0,True,True
garbage_v2,/content/waste_datasets/garbage_v2/original/paper/paper_1061.jpg,paper,paper,True,512,384,RGB,ce36bd2b62a5b22b9671d929fde69757759d9e4080c039d7f0c255d5471d5135,15739,3,True,False,0,True,True
garbage_v2,/content/waste_datasets/garbage_v2/original/plastic/plastic_1328.jpg,plastic,plastic,True,512,384,RGB,ce58e1c64b496050a6b560fa57d5337a081bd1d1d532ff182a94f710e88f85eb,21688,3,True,False,0,True,True
garbage_v2,/content/waste_datasets/garbage_v2/original/metal/metal_902.jpg,metal,metal,True,512,384,RGB,ce674090d08a49192555a3804365a2ba79f564c7d7372f370d2ec031e278b386,19199,3,True,False,0,True,True
garbage_v2,/content/waste_datasets/garbage_v2/original/cardboard/cardboard_1262.jpg,cardboard,cardboard,True,512,384,RGB,ce76dce4cb943e15ab516ae2b71f241ad19426b8dd6f26c30dd67ccf5d233f73,16882,3,True,False,0,True,True
garbage_v2,/content/waste_datasets/garbage_v2/original/plastic/plastic_1155.jpg,plastic,plastic,True,512,384,RGB,ce76f8922e3279d04f3b73d6f2bf485687643244d8620b7f9af9cbc97c3152ce,9831,3,True,False,0,True,True
garbage_v2,/content/waste_datasets/garbage_v2/original/paper/paper_1177.jpg,paper,paper,True,512,384,RGB,ce7b18a78bc9aa266bb4af742901b0f6b7e2bfc4a7e772d00107e043f43e6af2,13730,3,True,False,0,True,True
garbage_v2,/content/waste_datasets/garbage_v2/original/cardboard/cardboard_1047.jpg,cardboard,cardboard,True,512,384,RGB,ce928b2777c2f4ead19f07cb8e673cff4b9b8f3b7472d2d3a184c6e6d8aaae41,8417,3,True,False,0,True,True
garbage_v2,/content/waste_datasets/garbage_v2/original/plastic/plastic_203.jpg,plastic,plastic,True,512,384,RGB,ceb4d3b5df9f6fac3cb972ac7a7abf9848791ccbcb7af21734554b3965b98509,21245,3,True,False,0,True,True
garbage_v2,/content/waste_datasets/garbage_v2/original/plastic/plastic_989.jpg,plastic,plastic,True,512,384,RGB,cecc06948d588377f99f12737cc59221531f74f3f2da80b8fcbb0524a0b1d507,26606,3,True,False,0,True,True
garbage_v2,/content/waste_datasets/garbage_v2/original/glass/glass_1083.jpg,glass,glass,True,512,384,RGB,ced562f62b3e7082287976d5b69a827eb303528a0ef9d9cf9aca0091162cb154,10776,3,True,False,0,True,True
garbage_v2,/content/waste_datasets/garbage_v2/original/metal/metal_781.jpg,metal,metal,True,512,384,RGB,cf0dbed4a17ca4e94805d9649d2f3fa00b6e4b19d1b401f10b5c54bf5e280fe1,18517,3,True,False,0,True,True
garbage_v2,/content/waste_datasets/garbage_v2/original/glass/glass_1283.jpg,glass,glass,True,512,384,RGB,cf13e8d4c14218624204d76fb2cfe3c74b15f07965d1b6c780b1617f1461bbdd,16358,3,True,False,0,True,True
garbage_v2,/content/waste_datasets/garbage_v2/original/cardboard/cardboard_12.jpg,cardboard,cardboard,True,512,384,RGB,cf30fceb14b4638f56b5be8c0bac37051cdc971cc24055762abb7d75b6086ba5,21298,3,True,False,0,True,True
garbage_v2,/content/waste_datasets/garbage_v2/original/cardboard/cardboard_564.jpg,cardboard,cardboard,True,512,384,RGB,cf3ca7021af61d06c5baf94e3974acd09df0f7ac5168c588f89b094dbebe8167,15612,3,True,False,0,True,True
garbage_v2,/content/waste_datasets/garbage_v2/original/paper/paper_997.jpg,paper,paper,True,512,384,RGB,cf4d6f56134e7a8a6d914165047ff9399a953cad758b57f4fbad45369e045d6c,8137,3,True,False,0,True,True
garbage_v2,/content/waste_datasets/garbage_v2/original/metal/metal_472.jpg,metal,metal,True,512,384,RGB,cf67e6c88793b244bfc3cdf8d6389c475c8641cc4b33bb720d87c8a49ffefa20,13519,3,True,False,0,True,True
garbage_v2,/content/waste_datasets/garbage_v2/original/paper/paper_397.jpg,paper,paper,True,512,384,RGB,cfa21de8e6076f3fe36fbb4adc3d70af54c4a6a25b4d9152881aae08e31c0bf3,13335,3,True,False,0,True,True
garbage_v2,/content/waste_datasets/garbage_v2/original/paper/paper_589.jpg,paper,paper,True,512,384,RGB,cfc16f691225374dedc84d4fdaa372b3350aa7ec2499250b6e9cd120f159eaaa,39784,3,True,False,0,True,True
garbage_v2,/content/waste_datasets/garbage_v2/original/plastic/plastic_898.jpg,plastic,plastic,True,512,384,RGB,cfd035c8c4400a35408be51e5e4219f01104e858e689779ef1972755e2612955,12935,3,True,False,0,True,True
garbage_v2,/content/waste_datasets/garbage_v2/original/glass/glass_668.jpg,glass,glass,True,512,384,RGB,cfda64d080b5f77200ba4afe4ee4e2feca0b32618365629f8f0bf6084b5110c1,16083,3,True,False,0,True,True
garbage_v2,/content/waste_datasets/garbage_v2/original/plastic/plastic_564.jpg,plastic,plastic,True,512,384,RGB,d011086eef5790df6f9109c38ad6b5cf601879fc4c7d0247c4e4006362bc1eaf,12225,3,True,False,0,True,True
garbage_v2,/content/waste_datasets/garbage_v2/original/metal/metal_500.jpg,metal,metal,True,512,384,RGB,d0479555d7dcd71fdda3e7261513819c01c56987b680c74152de143d62cfb400,14411,3,True,False,0,True,True
garbage_v2,/content/waste_datasets/garbage_v2/original/paper/paper_747.jpg,paper,paper,True,512,384,RGB,d048ba0a934e54c5d61b0bf6c1fa7c6a08955481a780e8aa40b28450a2c2b1db,18504,3,True,False,0,True,True
garbage_v2,/content/waste_datasets/garbage_v2/original/cardboard/cardboard_837.jpg,cardboard,cardboard,True,512,384,RGB,d0794e6bc06131435a388869c9d836045538403bc261d45e213d6adb72eac80c,20666,3,True,False,0,True,True
garbage_v2,/content/waste_datasets/garbage_v2/original/cardboard/cardboard_1390.jpg,cardboard,cardboard,True,512,384,RGB,d0933f3b77f8a7ff2f269a6fdb641fe22c94bb06a4ee54099cc5761d48b73fed,17434,3,True,False,0,True,True
garbage_v2,/content/waste_datasets/garbage_v2/original/glass/glass_1159.jpg,glass,glass,True,512,384,RGB,d0c85bea887f625ee9a5e2625d559516ec471a7e94d5b2d52b2abbde1b19b299,10178,3,True,False,0,True,True
garbage_v2,/content/waste_datasets/garbage_v2/original/plastic/plastic_1069.jpg,plastic,plastic,True,512,384,RGB,d0c8c6c75bcdd5dd0b50d012c0c4cd15ccb78dcb1efcea8f5fa7409948743956,19508,3,True,False,0,True,True
garbage_v2,/content/waste_datasets/garbage_v2/original/cardboard/cardboard_1069.jpg,cardboard,cardboard,True,512,384,RGB,d0d33e05ddf5a1464af7d3ceed2d30dc161bdd7ac140402020091087c4e6f6d9,13946,3,True,False,0,True,True
garbage_v2,/content/waste_datasets/garbage_v2/original/metal/metal_336.jpg,metal,metal,True,512,384,RGB,d0ec9cfc4fcd1e4f8d2ce2acef9a3390ef42f98a0bda76935e4a218d55265ebf,27048,3,True,False,0,True,True
garbage_v2,/content/waste_datasets/garbage_v2/original/metal/metal_201.jpg,metal,metal,True,512,384,RGB,d1027e3400963946dadd07fb36ef43d95c5fd7bb11c72f4ff7e8f1a59e1d9851,16308,3,True,False,0,True,True
garbage_v2,/content/waste_datasets/garbage_v2/original/glass/glass_71.jpg,glass,glass,True,512,384,RGB,d1191fd240d92a8da142b942db5f34286e18796d39d3391243eae257769246da,20297,3,True,False,0,True,True
garbage_v2,/content/waste_datasets/garbage_v2/original/glass/glass_1470.jpg,glass,glass,True,512,384,RGB,d12e1f54eb875db98f49cbe4bcf8c463b095331e8867696dbedf30c8e57bdccf,12873,3,True,False,0,True,True
garbage_v2,/content/waste_datasets/garbage_v2/original/paper/paper_704.jpg,paper,paper,True,512,384,RGB,d1537715f2321342c5346657f36e404b78d82acd7eadf4e188d1cc2037249522,14242,3,True,False,0,True,True
garbage_v2,/content/waste_datasets/garbage_v2/original/paper/paper_1099.jpg,paper,paper,True,512,384,RGB,d1617cc3a51acea892e1cfb461502ff7b02be2e2da0ae766c5e8beab3f3c741e,12764,3,True,False,0,True,True
garbage_v2,/content/waste_datasets/garbage_v2/original/cardboard/cardboard_405.jpg,cardboard,cardboard,True,512,384,RGB,d1ea540ae48743c2d49eeb92a92f1a9dd42719f7ca461be64c29ffe7fff05462,14571,3,True,False,0,True,True
garbage_v2,/content/waste_datasets/garbage_v2/original/paper/paper_906.jpg,paper,paper,True,512,384,RGB,d20cc7e0a9cbbdc163183c88cc37d65d40156001f931568b5bd944f42ce433aa,12548,3,True,False,0,True,True
garbage_v2,/content/waste_datasets/garbage_v2/original/plastic/plastic_527.jpg,plastic,plastic,True,512,384,RGB,d22ed88164908ca988680a02df3f580e439258df4b378901f25d83c1cd77bec1,16649,3,True,False,0,True,True
garbage_v2,/content/waste_datasets/garbage_v2/original/glass/glass_1703.jpg,glass,glass,True,512,384,RGB,d24fc812595f6819e2a6cfa39e47a6426cfa0a9b9775eb7727cd8f39c0455c1f,19092,3,True,False,0,True,True
garbage_v2,/content/waste_datasets/garbage_v2/original/paper/paper_720.jpg,paper,paper,True,512,384,RGB,d27e94858036fc53947cb3d3747d7bf1f1dc8cddf6d03bffa1f4742b84b61d6f,16137,3,True,False,0,True,True
garbage_v2,/content/waste_datasets/garbage_v2/original/paper/paper_980.jpg,paper,paper,True,512,384,RGB,d2976d8bd28f32817e8449f4aa100d10dddd104fef8e08b2eabadc16e54dcd3a,17230,3,True,False,0,True,True
garbage_v2,/content/waste_datasets/garbage_v2/original/paper/paper_412.jpg,paper,paper,True,512,384,RGB,d2bc44636b344f57a36a41d2c167c85dde8186ab8e1671a78f67fe4427efdd96,40386,3,True,False,0,True,True
garbage_v2,/content/waste_datasets/garbage_v2/original/paper/paper_1217.jpg,paper,paper,True,512,384,RGB,d2d123d51e11e981788c64765fa540b995752c173f828cc8d6d71f07bb637027,11158,3,True,False,0,True,True
garbage_v2,/content/waste_datasets/garbage_v2/original/metal/metal_498.jpg,metal,metal,True,512,384,RGB,d2dd71182401d8bf5435688d69f63b8f39180d5d8f30c1953bbd663f7a0ab011,16328,3,True,False,0,True,True
garbage_v2,/content/waste_datasets/garbage_v2/original/glass/glass_1290.jpg,glass,glass,True,512,384,RGB,d3189e6c0168e9d3e173a1a5f1b39ffc1b0897d142fa9ac5cf8c0ec1f0e9fd59,12011,3,True,False,0,True,True
garbage_v2,/content/waste_datasets/garbage_v2/original/plastic/plastic_1356.jpg,plastic,plastic,True,512,384,RGB,d330491aa03dbaa550fb4729c87c3a82082785918068e2de501c0ff2b30f1e25,18271,3,True,False,0,True,True
garbage_v2,/content/waste_datasets/garbage_v2/original/cardboard/cardboard_485.jpg,cardboard,cardboard,True,512,384,RGB,d348d8b5c733bbc3fe31c40bcf57999eedfbfd6aee6184b73d33f1e0d62a3b9c,18641,3,True,False,0,True,True
garbage_v2,/content/waste_datasets/garbage_v2/original/cardboard/cardboard_279.jpg,cardboard,cardboard,True,512,384,RGB,d36c3441712e40f3f10a6b07aa076ffb9439d9872183f6bbfa6d0d7b8909a568,28433,3,True,False,0,True,True
garbage_v2,/content/waste_datasets/garbage_v2/original/cardboard/cardboard_239.jpg,cardboard,cardboard,True,512,384,RGB,d3883ce118f2e6e671abe8bedb60624b33268aada4745ca60b91b1d3731e571e,19238,3,True,False,0,True,True
garbage_v2,/content/waste_datasets/garbage_v2/original/plastic/plastic_1270.jpg,plastic,plastic,True,512,384,RGB,d389cfc7a268ded1252e78efc1e7aa498dc63474907c935fcfd1767f273ea7a9,14988,3,True,False,0,True,True
garbage_v2,/content/waste_datasets/garbage_v2/original/plastic/plastic_1509.jpg,plastic,plastic,True,512,384,RGB,d38eed6abb53bab0066797a23de7260e23ba0f6c2f2912d968633edfe5a49510,15219,3,True,False,0,True,True
garbage_v2,/content/waste_datasets/garbage_v2/original/metal/metal_39.jpg,metal,metal,True,512,384,RGB,d3982a15a88776bcddc2a257b2d319d69c3bd23a1bbd7b5c121818da85f4a7a5,17189,3,True,False,0,True,True
garbage_v2,/content/waste_datasets/garbage_v2/original/plastic/plastic_1003.jpg,plastic,plastic,True,512,384,RGB,d39aaa99980604a54b7b6fc5173a36dd8138b8dde3f3e4bae486a1ed78e78437,13788,3,True,False,0,True,True
garbage_v2,/content/waste_datasets/garbage_v2/original/paper/paper_377.jpg,paper,paper,True,512,384,RGB,d3bc514ef97f8e6848541583ce9017b028bef4758d2626426a51b3401b7858d9,15495,3,True,False,0,True,True
garbage_v2,/content/waste_datasets/garbage_v2/original/glass/glass_342.jpg,glass,glass,True,512,384,RGB,d40b14d0534ff7218d4eb292b3bcf4e41c7db8f62f1a29e7f88dca2432fddf16,8649,3,True,False,0,True,True
garbage_v2,/content/waste_datasets/garbage_v2/original/plastic/plastic_205.jpg,plastic,plastic,True,512,384,RGB,d4143c9315967ea98cad769421cfe61b87036ce99a1faf670277eee1801d9c73,9689,3,True,False,0,True,True
garbage_v2,/content/waste_datasets/garbage_v2/original/paper/paper_32.jpg,paper,paper,True,512,384,RGB,d419be16b9299f863b9cb62b392221ba0b7f7ee9723b93ee2aa39d6efab64ef9,13372,3,True,False,0,True,True
garbage_v2,/content/waste_datasets/garbage_v2/original/metal/metal_914.jpg,metal,metal,True,512,384,RGB,d42e4bd40295da53f363f4f83037e474f9d7d55328fa93503697c0ec90022b16,22311,3,True,False,0,True,True
garbage_v2,/content/waste_datasets/garbage_v2/original/metal/metal_590.jpg,metal,metal,True,512,384,RGB,d440385492b0c12a78b3bbfd9636491807fa5f823350c77d3482f685b18df872,23529,3,True,False,0,True,True
garbage_v2,/content/waste_datasets/garbage_v2/original/plastic/plastic_813.jpg,plastic,plastic,True,512,384,RGB,d4607fbc266410204ecacbc03e5e084c8a7153d53a6155f32b6a26f1c7eb48db,14758,3,True,False,0,True,True
garbage_v2,/content/waste_datasets/garbage_v2/original/metal/metal_136.jpg,metal,metal,True,512,384,RGB,d4640c1eaa6fe9076189ffae38795607d57c399f278596f2ef2a851c0a7f1669,10076,3,True,False,0,True,True
garbage_v2,/content/waste_datasets/garbage_v2/original/cardboard/cardboard_655.jpg,cardboard,cardboard,True,512,384,RGB,d46cb1df29467b1ab46333d2a838225aa1f40af0164c54ba97630df53c926ed9,14571,3,True,False,0,True,True
garbage_v2,/content/waste_datasets/garbage_v2/original/metal/metal_741.jpg,metal,metal,True,512,384,RGB,d476473e802901fc009eb708a3a41c5198fd3ed9ccef527c48de890bcbaa14cb,16462,3,True,False,0,True,True
garbage_v2,/content/waste_datasets/garbage_v2/original/glass/glass_1717.jpg,glass,glass,True,512,384,RGB,d4816cc6379b22bfcbcb6709337e08dfc0bb6c037bf20072fa79dc63b628442f,15328,3,True,False,0,True,True
garbage_v2,/content/waste_datasets/garbage_v2/original/metal/metal_691.jpg,metal,metal,True,512,384,RGB,d488a0d87996ab3c28b07d248c3b0b0b623d869e8a0b59a1272c8e2271f7f7e3,15063,3,True,False,0,True,True
garbage_v2,/content/waste_datasets/garbage_v2/original/cardboard/cardboard_1136.jpg,cardboard,cardboard,True,512,384,RGB,d4af0e938445156556763cb843543edde80b739fbdececcca278c48dd9368d8b,23224,3,True,False,0,True,True
garbage_v2,/content/waste_datasets/garbage_v2/original/cardboard/cardboard_299.jpg,cardboard,cardboard,True,512,384,RGB,d4bcbe962c81694fe3862ea7c6fa72c0d7ad175d17e8e4b10349144267496068,16603,3,True,False,0,True,True
garbage_v2,/content/waste_datasets/garbage_v2/original/glass/glass_67.jpg,glass,glass,True,512,384,RGB,d5057cdf842f5929b03b495db6ae2438582accf9e96acb641b43ffb3a450279c,14796,3,True,False,0,True,True
garbage_v2,/content/waste_datasets/garbage_v2/original/paper/paper_478.jpg,paper,paper,True,512,384,RGB,d5089d5391b1c8c5223c84d74f3cd937c89f32967ff3086f8db6e80180144502,13086,3,True,False,0,True,True
garbage_v2,/content/waste_datasets/garbage_v2/original/cardboard/cardboard_417.jpg,cardboard,cardboard,True,512,384,RGB,d52a5c162cad2b925ba37e49fee6644008f70c341b286c178127c4424ca1c04b,20160,3,True,False,0,True,True
garbage_v2,/content/waste_datasets/garbage_v2/original/glass/glass_452.jpg,glass,glass,True,512,384,RGB,d53ad6e2e26c9bd3321a0c003985d87eec9d1e6c77bd6442fd078c1a93f595dd,15061,3,True,False,0,True,True
garbage_v2,/content/waste_datasets/garbage_v2/original/paper/paper_1322.jpg,paper,paper,True,512,384,RGB,d54aaa167187bf43c3d5ff8cd082d2ef7766089bb5fb35755fd5cd959ca89a1a,13555,3,True,False,0,True,True
garbage_v2,/content/waste_datasets/garbage_v2/original/cardboard/cardboard_1317.jpg,cardboard,cardboard,True,512,384,RGB,d550d9d6c2b831d3dee5bb985a259a4f872df22baaf2a1e04113350e54a2e264,14810,3,True,False,0,True,True
garbage_v2,/content/waste_datasets/garbage_v2/original/metal/metal_45.jpg,metal,metal,True,512,384,RGB,d5601d2eca8d41260c636e4c2059104b662a397df77b1e7b222514dbc653439d,23236,3,True,False,0,True,True
garbage_v2,/content/waste_datasets/garbage_v2/original/paper/paper_273.jpg,paper,paper,True,512,384,RGB,d5801a74fef2861c4b3dc48a909e6b391760bc7ce671a5fd83b043bfd9afd744,38499,3,True,False,0,True,True
garbage_v2,/content/waste_datasets/garbage_v2/original/cardboard/cardboard_1352.jpg,cardboard,cardboard,True,512,384,RGB,d59a4102cd59f11f979bf7d8a20b83059d73c7447379b8be663912515c8bf0e1,19083,3,True,False,0,True,True
garbage_v2,/content/waste_datasets/garbage_v2/original/paper/paper_610.jpg,paper,paper,True,512,384,RGB,d5b57b5ebb185828d39e7fcbb374c6281861aceff9dadb592d6f6ec3d770382d,20513,3,True,False,0,True,True
garbage_v2,/content/waste_datasets/garbage_v2/original/plastic/plastic_1295.jpg,plastic,plastic,True,512,384,RGB,d5f394f916d68814087c06ef285e28536dfbb0355a714f98834739e2ff3a8ad6,18614,3,True,False,0,True,True
garbage_v2,/content/waste_datasets/garbage_v2/original/cardboard/cardboard_332.jpg,cardboard,cardboard,True,512,384,RGB,d5faa87e6021912bc14add04f04c9cf6548dc920a750e47680696d8db6de25ed,15607,3,True,False,0,True,True
garbage_v2,/content/waste_datasets/garbage_v2/original/paper/paper_1211.jpg,paper,paper,True,512,384,RGB,d605c225ee7dbe2be3bb51cde76acf488f8062dda3060d83c0121eeedd9c0acd,26421,3,True,False,0,True,True
garbage_v2,/content/waste_datasets/garbage_v2/original/metal/metal_202.jpg,metal,metal,True,512,384,RGB,d609ce97e15c2f639d2b01d0ee3d07e30bd099964371c6f2476ace03aa37b079,18332,3,True,False,0,True,True
garbage_v2,/content/waste_datasets/garbage_v2/original/trash/trash_50.jpg,trash,trash,True,512,384,RGB,d61760bc3764e4da7bb229fb76a8e16f39ebeaf5a4e04ad18b06446c506695c8,11282,2,True,False,0,True,True
garbage_v2,/content/waste_datasets/garbage_v2/original/plastic/plastic_1234.jpg,plastic,plastic,True,512,384,RGB,d61be560ee231eac62e7dc581fc44160644ba269c08cd9fa6eea7d9e68a9162d,23942,3,True,False,0,True,True
garbage_v2,/content/waste_datasets/garbage_v2/original/glass/glass_898.jpg,glass,glass,True,512,384,RGB,d65ac069201523a3e4cb1adb2748522da9e37dd422c174584761507414ffa7a2,17124,3,True,False,0,True,True
garbage_v2,/content/waste_datasets/garbage_v2/original/paper/paper_1301.jpg,paper,paper,True,512,384,RGB,d6634f6f19033597aa8bf6409e7f63cc3bf7ee807dd5bcd4d1cd1201ede72683,54384,3,True,False,0,True,True
garbage_v2,/content/waste_datasets/garbage_v2/original/glass/glass_1429.jpg,glass,glass,True,512,384,RGB,d6d9f191f330bb9f9268e70e835f5a24ad80cd19157d0b29c218b218cc765826,13503,3,True,False,0,True,True
garbage_v2,/content/waste_datasets/garbage_v2/original/plastic/plastic_755.jpg,plastic,plastic,True,512,384,RGB,d6e431fd641f389899dba14f30f9d6191908264c7cef4a80567b67c97a9b21f7,27651,3,True,False,0,True,True
garbage_v2,/content/waste_datasets/garbage_v2/original/cardboard/cardboard_590.jpg,cardboard,cardboard,True,512,384,RGB,d701faf2b056316b6198b2e5e07030b2308e8474d4cf30e9543728591f2acbda,15509,3,True,False,0,True,True
garbage_v2,/content/waste_datasets/garbage_v2/original/cardboard/cardboard_1138.jpg,cardboard,cardboard,True,512,384,RGB,d73ced2cbeec5aeb982aa5063d53c22598c367b5694743e7131fe12af74e23e2,25259,3,True,False,0,True,True
garbage_v2,/content/waste_datasets/garbage_v2/original/cardboard/cardboard_306.jpg,cardboard,cardboard,True,512,384,RGB,d7923c86af0b7870a618b7d8f53cc11094d0250b8ec67bcb4cc6f6bd1cf15b9e,22432,3,True,False,0,True,True
garbage_v2,/content/waste_datasets/garbage_v2/original/glass/glass_1261.jpg,glass,glass,True,512,384,RGB,d7a3a28f5267c6ff29a10be760c053ad8c4c66a3da554ec52db4464447171c1b,10943,3,True,False,0,True,True
garbage_v2,/content/waste_datasets/garbage_v2/original/plastic/plastic_403.jpg,plastic,plastic,True,512,384,RGB,d7aadb2e515592b20886b8412cc70d0e6070e8c793623ea0da87cbe8451d565c,19012,3,True,False,0,True,True
garbage_v2,/content/waste_datasets/garbage_v2/original/paper/paper_565.jpg,paper,paper,True,512,384,RGB,d7bd28ad16f0c2f6cca6d0f884545ee188c4be28b214c70236c573dc9a7e3070,24507,3,True,False,0,True,True
garbage_v2,/content/waste_datasets/garbage_v2/original/glass/glass_976.jpg,glass,glass,True,512,384,RGB,d7d662f3401f041160dbc303d824183bb50875f5ebc9bb36e061afb47e910289,11272,3,True,False,0,True,True
garbage_v2,/content/waste_datasets/garbage_v2/original/glass/glass_1728.jpg,glass,glass,True,512,384,RGB,d7e92c0bf35bbd89e620301bbb9418c4dd402514da897fe341f523b8ca82e5c5,11163,3,True,False,0,True,True
garbage_v2,/content/waste_datasets/garbage_v2/original/paper/paper_1060.jpg,paper,paper,True,512,384,RGB,d80bf1a350dcd8174b3adb8855b942f3c44f3dfdcd9d09bd68e010d6d9681716,27931,3,True,False,0,True,True
garbage_v2,/content/waste_datasets/garbage_v2/original/plastic/plastic_1588.jpg,plastic,plastic,True,512,384,RGB,d80c2be26802da61053a83ee095eac4460a9a505cc9b757fddcc3649aaa48265,19885,3,True,False,0,True,True
garbage_v2,/content/waste_datasets/garbage_v2/original/glass/glass_886.jpg,glass,glass,True,512,384,RGB,d817076b3146b09fccaef94569900837a6f6c8c0524fd6d443f6234fc7e2897a,15256,3,True,False,0,True,True
garbage_v2,/content/waste_datasets/garbage_v2/original/plastic/plastic_1201.jpg,plastic,plastic,True,512,384,RGB,d85046400205055ef166783630adfb2df8399a67a8e8039cb203a1cd14e4b886,8646,3,True,False,0,True,True
garbage_v2,/content/waste_datasets/garbage_v2/original/glass/glass_174.jpg,glass,glass,True,512,384,RGB,d8533c1dd6d3f32099db8e6e571d290a3c66a1af4d5bbbf5682f4bfb2bdbe6bb,13805,3,True,False,0,True,True
garbage_v2,/content/waste_datasets/garbage_v2/original/metal/metal_431.jpg,metal,metal,True,512,384,RGB,d85410f8e776047a7bf5c3c436182af44dda80d76d0a4952de4da0112f8830fc,13420,3,True,False,0,True,True
garbage_v2,/content/waste_datasets/garbage_v2/original/cardboard/cardboard_403.jpg,cardboard,cardboard,True,512,384,RGB,d856fd4588ce3e9b629c6791fa95b6e4d6d8bd6747b79bb83101011284a60268,16638,3,True,False,0,True,True
garbage_v2,/content/waste_datasets/garbage_v2/original/cardboard/cardboard_587.jpg,cardboard,cardboard,True,512,384,RGB,d886f1cb47cd1c4e22bbd89c058932961e1e872be7540f2e7cca1a5f2fb289b8,9813,3,True,False,0,True,True
garbage_v2,/content/waste_datasets/garbage_v2/original/cardboard/cardboard_339.jpg,cardboard,cardboard,True,512,384,RGB,d88df2bceff6f2702c550f6f78e64eb598a9fb961222f83de9ede85fea44fc45,21767,3,True,False,0,True,True
garbage_v2,/content/waste_datasets/garbage_v2/original/cardboard/cardboard_1174.jpg,cardboard,cardboard,True,512,384,RGB,d89184da82f070e7b41f440bf1998dcd79cf20f27de0fd5f48f92d89d71de15d,26770,3,True,False,0,True,True
garbage_v2,/content/waste_datasets/garbage_v2/original/metal/metal_515.jpg,metal,metal,True,512,384,RGB,d8b064ff312daf7f8b73c4b32a880226fa78ddb27a7f07d9aa3dd4b7e7fc03cb,22949,3,True,False,0,True,True
garbage_v2,/content/waste_datasets/garbage_v2/original/cardboard/cardboard_667.jpg,cardboard,cardboard,True,512,384,RGB,d8b0f41dfe01beabe7bf3c0a7cf6e6e984e4a16e5ce5455aa6a0869fbf3018a3,16483,3,True,False,0,True,True
garbage_v2,/content/waste_datasets/garbage_v2/original/metal/metal_847.jpg,metal,metal,True,512,384,RGB,d8f0db0dcff647999334dd6f536cebf06457e8c8010a681cfbf8145d791ec542,12597,3,True,False,0,True,True
garbage_v2,/content/waste_datasets/garbage_v2/original/cardboard/cardboard_1369.jpg,cardboard,cardboard,True,512,384,RGB,d93b97232606619e72649f54c1a5a925f018bc2c94a606725a6f6045e2d76486,22891,3,True,False,0,True,True
garbage_v2,/content/waste_datasets/garbage_v2/original/paper/paper_1032.jpg,paper,paper,True,512,384,RGB,d93f7c96ae0c7af515d9c684b47fb7edae53cb35c72ffa26ca214fc87e990dd4,39243,3,True,False,0,True,True
garbage_v2,/content/waste_datasets/garbage_v2/original/metal/metal_577.jpg,metal,metal,True,512,384,RGB,d984583b9ff25cfa175329f01af7c88fe3b75160ae751bfaea46ff39800b7f72,16875,3,True,False,0,True,True
garbage_v2,/content/waste_datasets/garbage_v2/original/metal/metal_905.jpg,metal,metal,True,512,384,RGB,d987ae5147a0e9274c7599521f0797990c94820e28f27e6f8cba1cde590fd147,16220,3,True,False,0,True,True
garbage_v2,/content/waste_datasets/garbage_v2/original/glass/glass_960.jpg,glass,glass,True,512,384,RGB,d9f9c7a9d266eeba9ab3690743b9802ba306d90f4176467abad71d83b11974d3,10399,3,True,False,0,True,True
garbage_v2,/content/waste_datasets/garbage_v2/original/cardboard/cardboard_315.jpg,cardboard,cardboard,True,512,384,RGB,d9fb7bd8d7022f02394fe714ad0f99da54057835c1c0a22ce80953c776f1d342,17127,3,True,False,0,True,True
garbage_v2,/content/waste_datasets/garbage_v2/original/glass/glass_52.jpg,glass,glass,True,512,384,RGB,da46655e8cb61f112ce7e5ee2c7d84a2f58f70e2dc84e9fd24a4b531e11fba40,9445,3,True,False,0,True,True
garbage_v2,/content/waste_datasets/garbage_v2/original/glass/glass_1364.jpg,glass,glass,True,512,384,RGB,da59384bc0cec94c8f3b5b4e9fb60fc43037651a2eef134ad3e9cc54ee0a0c61,15006,3,True,False,0,True,True
garbage_v2,/content/waste_datasets/garbage_v2/original/cardboard/cardboard_865.jpg,cardboard,cardboard,True,512,384,RGB,da59749d8ac3a70598658f13558c4b632f968ac1a5fa4eac9af6d28278f33b18,15190,3,True,False,0,True,True
garbage_v2,/content/waste_datasets/garbage_v2/original/metal/metal_297.jpg,metal,metal,True,512,384,RGB,da59c3fa97ea7e9ef2e374a7ccc4cc84d350f3a3e4bcefc6e601d0cc4ecae7ed,12348,3,True,False,0,True,True
garbage_v2,/content/waste_datasets/garbage_v2/original/cardboard/cardboard_58.jpg,cardboard,cardboard,True,512,384,RGB,da5c633ef062700959779e2480f0bf45cd529517ba984bdf85e4e28bb1a39359,22412,3,True,False,0,True,True
garbage_v2,/content/waste_datasets/garbage_v2/original/metal/metal_668.jpg,metal,metal,True,512,384,RGB,da5cefeb7ff32970800dbaf3a405ac871ada19c7ef33ced9aa3b1fdacc5f4b6d,21524,3,True,False,0,True,True
garbage_v2,/content/waste_datasets/garbage_v2/original/plastic/plastic_709.jpg,plastic,plastic,True,512,384,RGB,da60dcee4982606118f20c988e3740daa3e23feb4335a37a5fc3aa9e16d10f66,9647,3,True,False,0,True,True
garbage_v2,/content/waste_datasets/garbage_v2/original/glass/glass_1248.jpg,glass,glass,True,512,384,RGB,da6da5f684a7073a2a22c2e01e1ff7fe2122bc543e28b4573be1f84a049a1f4e,14494,3,True,False,0,True,True
garbage_v2,/content/waste_datasets/garbage_v2/original/glass/glass_441.jpg,glass,glass,True,512,384,RGB,daa3971aef106813c3603b288b931a33b4344a16fd38957aa8495f31c7b9b0b7,18027,3,True,False,0,True,True
garbage_v2,/content/waste_datasets/garbage_v2/original/paper/paper_463.jpg,paper,paper,True,512,384,RGB,daa82d2d089366dbe95e8ccbbb1b33708346b1a0f697f5b63f65b173bd9a2419,28609,3,True,False,0,True,True
garbage_v2,/content/waste_datasets/garbage_v2/original/plastic/plastic_83.jpg,plastic,plastic,True,512,384,RGB,daaba9da8e9b2d76aae5c21030392f8069bd053c9993b2b227f6df5ded49e03a,13254,3,True,False,0,True,True
garbage_v2,/content/waste_datasets/garbage_v2/original/paper/paper_1094.jpg,paper,paper,True,512,384,RGB,dab73df4daa8ad0d4b5e8b8225c6c9e148746690a83c8e1ef36a3a3524297130,19883,3,True,False,0,True,True
garbage_v2,/content/waste_datasets/garbage_v2/original/metal/metal_175.jpg,metal,metal,True,512,384,RGB,dabdac91a08ee596961bca73e03562282a4298ebffa8477e090b3262f08b3d98,16577,3,True,False,0,True,True
garbage_v2,/content/waste_datasets/garbage_v2/original/paper/paper_1111.jpg,paper,paper,True,512,384,RGB,dae4a870646cd9b6ab60cbbc6bbc97460418323240824a32efda2f42f605bd26,17562,3,True,False,0,True,True
garbage_v2,/content/waste_datasets/garbage_v2/original/plastic/plastic_1395.jpg,plastic,plastic,True,512,384,RGB,daeebc24a8ebcbfdc7b1c383c6d745a188ead378d37db005f532a0fdd8c8d38a,9972,3,True,False,0,True,True
garbage_v2,/content/waste_datasets/garbage_v2/original/glass/glass_316.jpg,glass,glass,True,512,384,RGB,db092d75f47c3c9d7ef9915ed78f404590ac1ada9955085dd10fd30677c4964e,11657,3,True,False,0,True,True
garbage_v2,/content/waste_datasets/garbage_v2/original/cardboard/cardboard_980.jpg,cardboard,cardboard,True,512,384,RGB,db13544f3b344b8f49b2c2da857ad0aabe503fbae3a08c7ac4526bd86ea27a1b,24654,3,True,False,0,True,True
garbage_v2,/content/waste_datasets/garbage_v2/original/glass/glass_989.jpg,glass,glass,True,512,384,RGB,db48a5adf6045033eee5eca0bc6459367d106f18d15f7b9778655ed93a204d97,7678,3,True,False,0,True,True
garbage_v2,/content/waste_datasets/garbage_v2/original/trash/trash_85.jpg,trash,trash,True,512,384,RGB,db537c41bc4f2e3593cf3e53b056aacc7b8882b63c6f5c88b880ac72b1e6af7d,21130,2,True,False,0,True,True
garbage_v2,/content/waste_datasets/garbage_v2/original/paper/paper_1100.jpg,paper,paper,True,512,384,RGB,db7b919c6ed217cfed7ca0c032703ab1ca24731fa7bfc50f5070bc7a5bc874db,11281,3,True,False,0,True,True
garbage_v2,/content/waste_datasets/garbage_v2/original/metal/metal_129.jpg,metal,metal,True,512,384,RGB,dbcce2a2e3183c4a7b75e20f3bfaa3cb64b427055e37e33a2fe4a1b815582815,23817,3,True,False,0,True,True
garbage_v2,/content/waste_datasets/garbage_v2/original/metal/metal_849.jpg,metal,metal,True,512,384,RGB,dbd950d05165c3595b7daab51f387fc0dbc10cfea64d1273e9aef76047a4abad,14023,3,True,False,0,True,True
garbage_v2,/content/waste_datasets/garbage_v2/original/cardboard/cardboard_72.jpg,cardboard,cardboard,True,512,384,RGB,dbfe72d71c02bb7b8656a52eaa5da5a722cca50b4c6155bff1027c45c9906a1d,14856,3,True,False,0,True,True
garbage_v2,/content/waste_datasets/garbage_v2/original/glass/glass_1411.jpg,glass,glass,True,512,384,RGB,dc0a40bc54fa0a39ab2cdea6dacd091c16904f6899e42e07515a3bf6e18216e4,14651,2,True,False,0,True,True
garbage_v2,/content/waste_datasets/garbage_v2/original/cardboard/cardboard_1105.jpg,cardboard,cardboard,True,512,384,RGB,dc136340244a6e65adf8371c06bf0d9d7adcb086ead81d4b072aceba22d80db0,11712,3,True,False,0,True,True
garbage_v2,/content/waste_datasets/garbage_v2/original/metal/metal_592.jpg,metal,metal,True,512,384,RGB,dc320bcd69c7c581537a18e08966424b5eca0f14a874deb70a764194fb14a6ce,13025,3,True,False,0,True,True
garbage_v2,/content/waste_datasets/garbage_v2/original/plastic/plastic_640.jpg,plastic,plastic,True,512,384,RGB,dc77cc81de1f518e90b34190ca84aba0c5b91bf020316c34b95fcae257d9c13c,22446,3,True,False,0,True,True
garbage_v2,/content/waste_datasets/garbage_v2/original/metal/metal_874.jpg,metal,metal,True,512,384,RGB,dc96c5c0a8450776cc050f6a2833c9a63347aa9d0d87e9fb725f0b01cbeb530a,26697,3,True,False,0,True,True
garbage_v2,/content/waste_datasets/garbage_v2/original/glass/glass_828.jpg,glass,glass,True,512,384,RGB,dc978f8a234c007df646ba11be2fb43c18b5b321734e9c4550b794d29de1bf5c,10244,3,True,False,0,True,True
garbage_v2,/content/waste_datasets/garbage_v2/original/cardboard/cardboard_1331.jpg,cardboard,cardboard,True,512,384,RGB,dcb9ca4eb14f4c322b8ef26dd1a429dcb0e3058ce5b0631a90b59dd80da2a23c,22657,3,True,False,0,True,True
garbage_v2,/content/waste_datasets/garbage_v2/original/metal/metal_636.jpg,metal,metal,True,512,384,RGB,dcdb8db89ccf1c0b5b1c3fe5d206b7c83204d75e28bbe8eb554f51fa2092e2c8,16035,3,True,False,0,True,True
garbage_v2,/content/waste_datasets/garbage_v2/original/glass/glass_171.jpg,glass,glass,True,512,384,RGB,dcf5d4f53b81a52540963559616bbe97d2c1f890813435699887498bc0d3ae94,14762,3,True,False,0,True,True
garbage_v2,/content/waste_datasets/garbage_v2/original/paper/paper_706.jpg,paper,paper,True,512,384,RGB,dd00e15032cd6170cabab90835752a890c665c8be1b4595629adbba4c35ed38e,18315,3,True,False,0,True,True
garbage_v2,/content/waste_datasets/garbage_v2/original/glass/glass_1561.jpg,glass,glass,True,512,384,RGB,dd1e6da5bdc5f73aa15142e6b7c668453b3349937fe5bf2eedb4d6a39c60c738,8497,3,True,False,0,True,True
garbage_v2,/content/waste_datasets/garbage_v2/original/metal/metal_450.jpg,metal,metal,True,512,384,RGB,dd23209ed736f649d253e52972ce5a6f4531e375dc8cbf56f40cb9308a2d2573,15357,3,True,False,0,True,True
garbage_v2,/content/waste_datasets/garbage_v2/original/plastic/plastic_512.jpg,plastic,plastic,True,512,384,RGB,dd4019a8f22ba1f519fe5a75936edb16ed8f9098f0274a67826face7129b59e5,13458,3,True,False,0,True,True
garbage_v2,/content/waste_datasets/garbage_v2/original/plastic/plastic_791.jpg,plastic,plastic,True,512,384,RGB,dd4b43a6ba69f04f3264f855f632f83f1cb5656b8bd47c08a958176662bcb27a,15647,3,True,False,0,True,True
garbage_v2,/content/waste_datasets/garbage_v2/original/metal/metal_642.jpg,metal,metal,True,512,384,RGB,dd6b44280b3f048029b907d9171fdf54791f0932644eb60a4f8c42005cc818a4,9663,3,True,False,0,True,True
garbage_v2,/content/waste_datasets/garbage_v2/original/metal/metal_418.jpg,metal,metal,True,512,384,RGB,dd6c15c4d85fc6eb3bfcdd04d6469c8bc8fb89c891b0dd6f413f4597a0c24572,24457,3,True,False,0,True,True
garbage_v2,/content/waste_datasets/garbage_v2/original/plastic/plastic_1318.jpg,plastic,plastic,True,512,384,RGB,ddaf814b724a50341a48db8f05d3632939afe0fc0ee44cdebae43cefde327d80,9696,3,True,False,0,True,True
garbage_v2,/content/waste_datasets/garbage_v2/original/glass/glass_738.jpg,glass,glass,True,512,384,RGB,de00c2f9d796d7ce77d8460a37ca33c0281335e00b1d06c1cd908a1560c88bd8,7457,3,True,False,0,True,True
garbage_v2,/content/waste_datasets/garbage_v2/original/metal/metal_769.jpg,metal,metal,True,512,384,RGB,de1077e01a190aa4beafb87f57f772c3269ec7715294129d1a5c9f15df908802,19433,3,True,False,0,True,True
garbage_v2,/content/waste_datasets/garbage_v2/original/glass/glass_755.jpg,glass,glass,True,512,384,RGB,de2d07ff3eddbbcff5c93df1fd4864e784c757d3be83fda4408626372576788d,15452,3,True,False,0,True,True
garbage_v2,/content/waste_datasets/garbage_v2/original/plastic/plastic_1109.jpg,plastic,plastic,True,512,384,RGB,de5931a4efb3532c996b49ae1e803a116f6dfaf0dd5f16c126d3dc97877cf1b8,12561,3,True,False,0,True,True
garbage_v2,/content/waste_datasets/garbage_v2/original/plastic/plastic_675.jpg,plastic,plastic,True,512,384,RGB,de59966908bd7f79f6a902350212ff69e473b34f3c60ad4c4c97dbdc90fd2e9a,7680,3,True,False,0,True,True
garbage_v2,/content/waste_datasets/garbage_v2/original/paper/paper_155.jpg,paper,paper,True,512,384,RGB,de6f0356da1011cdb18c13fef21971b6903d2aa79bcc71421cf391a1027af347,8831,3,True,False,0,True,True
garbage_v2,/content/waste_datasets/garbage_v2/original/paper/paper_205.jpg,paper,paper,True,512,384,RGB,de722dafd4f2daf45f77845c9943ebe20e9930a6a42bd894966d8b6fc09e9db8,24349,3,True,False,0,True,True
garbage_v2,/content/waste_datasets/garbage_v2/original/plastic/plastic_7.jpg,plastic,plastic,True,512,384,RGB,de7518266453b4e7bd276aa21052733fd68b468729f80879233db0665cbacd26,14005,3,True,False,0,True,True
garbage_v2,/content/waste_datasets/garbage_v2/original/plastic/plastic_1567.jpg,plastic,plastic,True,512,384,RGB,de94c032e81df55a168ba4c0f6fdb6d6d91704cc799e34839fbe9c6500745a99,18619,3,True,False,0,True,True
garbage_v2,/content/waste_datasets/garbage_v2/original/plastic/plastic_768.jpg,plastic,plastic,True,512,384,RGB,debbf86c08871d40d9c094bc8e8392d7698db6f0ad31170785f722ba140c5a4f,15416,3,True,False,0,True,True
garbage_v2,/content/waste_datasets/garbage_v2/original/paper/paper_864.jpg,paper,paper,True,512,384,RGB,df5f3af4ce3bd5053090ef8ee26f5ebc86750f80c6d9a7bb62dbb5aa7bc981ba,8996,3,True,False,0,True,True
garbage_v2,/content/waste_datasets/garbage_v2/original/cardboard/cardboard_475.jpg,cardboard,cardboard,True,512,384,RGB,df9c4036aa2bf59a9c833b02fcef925a767866751dca3b169e71054438def7ae,21104,3,True,False,0,True,True
garbage_v2,/content/waste_datasets/garbage_v2/original/paper/paper_281.jpg,paper,paper,True,512,384,RGB,df9d803e2cfc2f74eb2d5dc579f898562e31158744cf68e4e9f4f53c6b3ccf1d,10825,3,True,False,0,True,True
garbage_v2,/content/waste_datasets/garbage_v2/original/paper/paper_854.jpg,paper,paper,True,512,384,RGB,dfaae0e9d165ae8ae4f0c3d033dddf8fecd070d377c21e590be8b1d33d7cf04d,9236,3,True,False,0,True,True
garbage_v2,/content/waste_datasets/garbage_v2/original/plastic/plastic_1017.jpg,plastic,plastic,True,512,384,RGB,dfbb47b3303be9c6c18129d220eebe8e378680d184eeedbecab7c3dcd218e429,15336,3,True,False,0,True,True
garbage_v2,/content/waste_datasets/garbage_v2/original/paper/paper_10.jpg,paper,paper,True,512,384,RGB,dfeb4fdcdd947b93d4fe0dde400f131c6d1e0b53d4fc95777f925c3d421d2499,11329,3,True,False,0,True,True
garbage_v2,/content/waste_datasets/garbage_v2/original/cardboard/cardboard_1073.jpg,cardboard,cardboard,True,512,384,RGB,e006fa15195442ce465a792c52f129b123da255ee3ce2ecf68ad688e531be659,32896,3,True,False,0,True,True
garbage_v2,/content/waste_datasets/garbage_v2/original/glass/glass_104.jpg,glass,glass,True,512,384,RGB,e01f9b9baa357268202a1390b114cd915ac4a6eb93487bba38d7b2b1d61da447,15385,3,True,False,0,True,True
garbage_v2,/content/waste_datasets/garbage_v2/original/metal/metal_172.jpg,metal,metal,True,512,384,RGB,e022819dfeb2857c30014d0898f01a098e2d2e89f35cd21e6332ebd4be71a27a,13315,3,True,False,0,True,True
garbage_v2,/content/waste_datasets/garbage_v2/original/paper/paper_42.jpg,paper,paper,True,512,384,RGB,e02bcfd57fe1ae52f886e81139c0bbdf5c14261616683e36aa601a8a204cc9bb,11994,3,True,False,0,True,True
garbage_v2,/content/waste_datasets/garbage_v2/original/plastic/plastic_1077.jpg,plastic,plastic,True,512,384,RGB,e065d6d28ef07271accb840f14449ac7a73128c09fa04e35819a1083960934cf,11039,3,True,False,0,True,True
garbage_v2,/content/waste_datasets/garbage_v2/original/glass/glass_498.jpg,glass,glass,True,512,384,RGB,e065f323773cb099643c7d0f7d4e31f65d54aa609a8fc780da135b481e0af559,12858,3,True,False,0,True,True
garbage_v2,/content/waste_datasets/garbage_v2/original/metal/metal_47.jpg,metal,metal,True,512,384,RGB,e0b767d1ccf5e062bae2009c95459a1b0e945131f28fd9a6d0cb3695d83dbabb,15173,3,True,False,0,True,True
garbage_v2,/content/waste_datasets/garbage_v2/original/paper/paper_734.jpg,paper,paper,True,512,384,RGB,e0c2df1387e956c5432111e7422c8f1b672219619925b32f742e8604ed9ab033,36574,3,True,False,0,True,True
garbage_v2,/content/waste_datasets/garbage_v2/original/paper/paper_144.jpg,paper,paper,True,512,384,RGB,e11d4bafea4d2e61834ae4ef63eedc61e6296bb8713ab90957359021551b81c4,32474,3,True,False,0,True,True
garbage_v2,/content/waste_datasets/garbage_v2/original/paper/paper_644.jpg,paper,paper,True,512,384,RGB,e121109328264a87c9a4f22986ae4e5a177807618393382eced5211b812c3acd,57868,3,True,False,0,True,True
garbage_v2,/content/waste_datasets/garbage_v2/original/plastic/plastic_40.jpg,plastic,plastic,True,512,384,RGB,e163acb20d023630b198c38b093169bcea1989da9cca0d3c66fb409c6eed7cf6,8012,3,True,False,0,True,True
garbage_v2,/content/waste_datasets/garbage_v2/original/plastic/plastic_1258.jpg,plastic,plastic,True,512,384,RGB,e183b64119a1e635954791638d293a362a9116328aaf78ad071b26b616acbd33,13157,3,True,False,0,True,True
garbage_v2,/content/waste_datasets/garbage_v2/original/cardboard/cardboard_884.jpg,cardboard,cardboard,True,512,384,RGB,e20217c46a83b281bcda09e3d2679e22292d3e3c25bc934969f8d9582f94a21a,14171,3,True,False,0,True,True
garbage_v2,/content/waste_datasets/garbage_v2/original/paper/paper_404.jpg,paper,paper,True,512,384,RGB,e213dba504b8b21612184627034e934c01a7878c14dd964dc247ac1856e4ffec,30957,3,True,False,0,True,True
garbage_v2,/content/waste_datasets/garbage_v2/original/plastic/plastic_593.jpg,plastic,plastic,True,512,384,RGB,e21f74112fbce5b9eecee6cfe77ed24f361ac7a4daeb237719c6c02cb8310506,26259,3,True,False,0,True,True
garbage_v2,/content/waste_datasets/garbage_v2/original/glass/glass_959.jpg,glass,glass,True,512,384,RGB,e22a33717a93b4b8b5fb92f875998dd703c19f7903baead2098e906d466a371b,6858,3,True,False,0,True,True
garbage_v2,/content/waste_datasets/garbage_v2/original/glass/glass_232.jpg,glass,glass,True,512,384,RGB,e249001641a136f238d27f979fae2e78b679f253bf5d0a38365cd4befae9e2fa,17658,3,True,False,0,True,True
garbage_v2,/content/waste_datasets/garbage_v2/original/paper/paper_514.jpg,paper,paper,True,512,384,RGB,e2579b837bd6b550f3a2dbad88977751795167a35b7b88abef6bf470e8f0d1dc,39862,3,True,False,0,True,True
garbage_v2,/content/waste_datasets/garbage_v2/original/paper/paper_975.jpg,paper,paper,True,512,384,RGB,e2770d67e42bc2ae3c4c6d55ede9d4a77408d066f81d2c68de9d9fc54ee41e22,29147,3,True,False,0,True,True
garbage_v2,/content/waste_datasets/garbage_v2/original/plastic/plastic_430.jpg,plastic,plastic,True,512,384,RGB,e2ed78bab86b4353434bb3b05e496ed7770ef709daf1ca13cfd0e7740a000b99,18879,3,True,False,0,True,True
garbage_v2,/content/waste_datasets/garbage_v2/original/metal/metal_52.jpg,metal,metal,True,512,384,RGB,e34b0d55ae3e8bc6f46d38946a51e7b31bca188e9fcd94bf5927b542eed2ce70,41494,3,True,False,0,True,True
garbage_v2,/content/waste_datasets/garbage_v2/original/glass/glass_1638.jpg,glass,glass,True,512,384,RGB,e35c8842b9293cf517d462ec898f37cf3bcba321f866fec7955763b3e9658b57,9939,3,True,False,0,True,True
garbage_v2,/content/waste_datasets/garbage_v2/original/paper/paper_647.jpg,paper,paper,True,512,384,RGB,e38a2b321412fb4e3882f674368c4e48aa78e89d1a26b72fb2e9a8a46026588f,26478,3,True,False,0,True,True
garbage_v2,/content/waste_datasets/garbage_v2/original/paper/paper_569.jpg,paper,paper,True,512,384,RGB,e3a83780cdb3df0140055114e6ecf7d88c0d2f426367640492cf202b344cc4da,44099,3,True,False,0,True,True
garbage_v2,/content/waste_datasets/garbage_v2/original/paper/paper_696.jpg,paper,paper,True,512,384,RGB,e3bb68ec0d8d6fb0628a6671c8740c3bcb01fff7d7632805923f126d0b9f70ed,25190,3,True,False,0,True,True
garbage_v2,/content/waste_datasets/garbage_v2/original/glass/glass_1274.jpg,glass,glass,True,512,384,RGB,e3ced4d2c69352b7414c435eb3f0bc753389996c0646f0bb58485fa76f4f02fc,9024,3,True,False,0,True,True
garbage_v2,/content/waste_datasets/garbage_v2/original/paper/paper_770.jpg,paper,paper,True,512,384,RGB,e3e78970390cc464123f3f38b5fe1559f5d2c8ef5e6e704d4e8c1992fe4d9cff,19208,3,True,False,0,True,True
garbage_v2,/content/waste_datasets/garbage_v2/original/glass/glass_169.jpg,glass,glass,True,512,384,RGB,e4140946e47cea6c65cc3470024e17f369813ec3a2ad47cbff73252e5602899d,14432,3,True,False,0,True,True
garbage_v2,/content/waste_datasets/garbage_v2/original/cardboard/cardboard_770.jpg,cardboard,cardboard,True,512,384,RGB,e4314cc06f459255f4caebd1561f10ebe55c92ca2b70ec05dce49f099990d6c0,17354,3,True,False,0,True,True
garbage_v2,/content/waste_datasets/garbage_v2/original/cardboard/cardboard_1050.jpg,cardboard,cardboard,True,512,384,RGB,e46438a35440cd67f9214df0232ac1534408ad69e6f164586aacd69d2f73963c,26684,3,True,False,0,True,True
garbage_v2,/content/waste_datasets/garbage_v2/original/metal/metal_168.jpg,metal,metal,True,512,384,RGB,e47484d4ebebc7e9c062ce870d16511d0cd6ddbb982ffd1508ad4bb4738db11c,16407,3,True,False,0,True,True
garbage_v2,/content/waste_datasets/garbage_v2/original/paper/paper_836.jpg,paper,paper,True,512,384,RGB,e48b4da337f9d86cfd8d93a19bf37fbdd5fa6f9152bd564b05d728f337dd8fce,12476,3,True,False,0,True,True
garbage_v2,/content/waste_datasets/garbage_v2/original/plastic/plastic_1091.jpg,plastic,plastic,True,512,384,RGB,e50e59f0123bc75469b29d7140dc6c3023e3f8251e33496b8db6acde58d9f1fe,7840,3,True,False,0,True,True
garbage_v2,/content/waste_datasets/garbage_v2/original/glass/glass_1557.jpg,glass,glass,True,512,384,RGB,e55621b76d93ae7c1a769a8530a30d0120ed284c1d730db3b617c1e040e93a05,9076,3,True,False,0,True,True
garbage_v2,/content/waste_datasets/garbage_v2/original/metal/metal_489.jpg,metal,metal,True,512,384,RGB,e56df9be46fbbb5fadd739b24a058acc4f419ff7a567f2c164a89390be832f04,16425,3,True,False,0,True,True
garbage_v2,/content/waste_datasets/garbage_v2/original/cardboard/cardboard_189.jpg,cardboard,cardboard,True,512,384,RGB,e57e3b344b171c2ff32e3b50985cdfa163f01d81265d11c97ca7c96b8f3a612a,12305,3,True,False,0,True,True
garbage_v2,/content/waste_datasets/garbage_v2/original/paper/paper_1215.jpg,paper,paper,True,512,384,RGB,e588a3746fec659b2a5a3e4d9e4a4a7b9d052dcc302ec83fba701df1229a9271,30694,3,True,False,0,True,True
garbage_v2,/content/waste_datasets/garbage_v2/original/metal/metal_650.jpg,metal,metal,True,512,384,RGB,e5c11cab3471d63231449c669f779d85a372492cae981a3731efab9d6a0ed26a,19022,3,True,False,0,True,True
garbage_v2,/content/waste_datasets/garbage_v2/original/metal/metal_156.jpg,metal,metal,True,512,384,RGB,e5e02e25ce27f29db9d0eb8a55a6b5ce5a2e10fb0567997b3cd5cc25e5baf522,13628,3,True,False,0,True,True
garbage_v2,/content/waste_datasets/garbage_v2/original/plastic/plastic_955.jpg,plastic,plastic,True,512,384,RGB,e601da110e32d80f61767e7551bbb7840d3c87f3a3bbe2b1040ae02124094217,21402,3,True,False,0,True,True
garbage_v2,/content/waste_datasets/garbage_v2/original/paper/paper_578.jpg,paper,paper,True,512,384,RGB,e6242684b9a35e14e4730ab2406a3fe5f626e15325672ccc48b80b09054a4763,17538,3,True,False,0,True,True
garbage_v2,/content/waste_datasets/garbage_v2/original/paper/paper_599.jpg,paper,paper,True,512,384,RGB,e639d177fc6a0930ec7f2bd86175181707e8534140dbfe3a96468e29324f5f1e,32733,3,True,False,0,True,True
garbage_v2,/content/waste_datasets/garbage_v2/original/paper/paper_203.jpg,paper,paper,True,512,384,RGB,e63f334f8f268dd4695c7842342ea1add475ff12b59f41179085834c5f0e6171,11964,3,True,False,0,True,True
garbage_v2,/content/waste_datasets/garbage_v2/original/glass/glass_240.jpg,glass,glass,True,512,384,RGB,e64374346ed90920d7cee40dfae3318f406f5f3134effd31e057b8d38c4b62f5,9284,2,True,False,0,True,True
garbage_v2,/content/waste_datasets/garbage_v2/original/paper/paper_247.jpg,paper,paper,True,512,384,RGB,e66bc5e7650e12d64bebabd46ec5e1c814e312c677f72d3556c06e2aa66febc8,38973,3,True,False,0,True,True
garbage_v2,/content/waste_datasets/garbage_v2/original/paper/paper_40.jpg,paper,paper,True,512,384,RGB,e69cd68ad29d54da782c3084294a11ca1c9bcb15a988e11a99f4e0b3cbc34397,21867,3,True,False,0,True,True
garbage_v2,/content/waste_datasets/garbage_v2/original/metal/metal_785.jpg,metal,metal,True,512,384,RGB,e69ce4a19ea7ad865800d6ba1dc67e51c19ad3f3116fb5d7f7734ef427dffb4c,20459,3,True,False,0,True,True
garbage_v2,/content/waste_datasets/garbage_v2/original/glass/glass_393.jpg,glass,glass,True,512,384,RGB,e6a2a8d66786b2b85bfdc3b2ce7d7b88b703c67fa786a7e47d87bcdd9c3bf3d2,10263,3,True,False,0,True,True
garbage_v2,/content/waste_datasets/garbage_v2/original/metal/metal_647.jpg,metal,metal,True,512,384,RGB,e718b35525e563c2276a682ed598824bd72ca56b0d8b4af4cca9da02643c6eae,17988,3,True,False,0,True,True
garbage_v2,/content/waste_datasets/garbage_v2/original/paper/paper_1251.jpg,paper,paper,True,512,384,RGB,e7376bd5c514b30aaa1a20c30a90ad6869c68db9877a9627c40480fb61af0d50,15794,3,True,False,0,True,True
garbage_v2,/content/waste_datasets/garbage_v2/original/cardboard/cardboard_623.jpg,cardboard,cardboard,True,512,384,RGB,e77d22b4f9e1fb34f7f288b59b260b76ada6d73cb1764d5a62208e981c6a2a6a,9496,3,True,False,0,True,True
garbage_v2,/content/waste_datasets/garbage_v2/original/plastic/plastic_129.jpg,plastic,plastic,True,512,384,RGB,e78e85656429571b165f2034aab58e3be7219e70641da073fa582a6b11f8b547,16675,3,True,False,0,True,True
garbage_v2,/content/waste_datasets/garbage_v2/original/metal/metal_143.jpg,metal,metal,True,512,384,RGB,e7bb39606f421e1155313db024702d3bbf713a0cb6c517935826384aa81c0e68,9660,3,True,False,0,True,True
garbage_v2,/content/waste_datasets/garbage_v2/original/paper/paper_878.jpg,paper,paper,True,512,384,RGB,e7d542190dfd9b21569193bd7ed1cb94597ceead9d926aec6798ccf98665b3f7,12582,3,True,False,0,True,True
garbage_v2,/content/waste_datasets/garbage_v2/original/glass/glass_1294.jpg,glass,glass,True,512,384,RGB,e88b95d26db54665d8ef4a54909c0f374435df8eb7f26d7d1dbac0e639db7ff5,7961,3,True,False,0,True,True
garbage_v2,/content/waste_datasets/garbage_v2/original/metal/metal_476.jpg,metal,metal,True,512,384,RGB,e892a55332853eaca57cac4131e2d21945bb755464a05c74aaf8c4858f57d3ec,18161,3,True,False,0,True,True
garbage_v2,/content/waste_datasets/garbage_v2/original/plastic/plastic_1203.jpg,plastic,plastic,True,512,384,RGB,e8b8d86102144eb56fa1eea49ba072debdf7284e1144e236f2cd6e31940f0057,16218,3,True,False,0,True,True
garbage_v2,/content/waste_datasets/garbage_v2/original/paper/paper_466.jpg,paper,paper,True,512,384,RGB,e8dae52e19b71132148ecead963b3647bd7198dfe3f59ec40cbb01dfcb1fea0b,15174,3,True,False,0,True,True
garbage_v2,/content/waste_datasets/garbage_v2/original/plastic/plastic_1593.jpg,plastic,plastic,True,512,384,RGB,e8eceda00dd5ab13f689f1597b08b7bbe04ff63bc9cb4278822423a28d8e0bf5,16473,3,True,False,0,True,True
garbage_v2,/content/waste_datasets/garbage_v2/original/metal/metal_134.jpg,metal,metal,True,512,384,RGB,e8faf1522a235b7022da1fefabeb339e2c761c5ddb9c5d77b50fb82b2a68cfac,34782,3,True,False,0,True,True
garbage_v2,/content/waste_datasets/garbage_v2/original/metal/metal_442.jpg,metal,metal,True,512,384,RGB,e90c83c63ff95a469f03207efbcd9339785013a63b570fb74d4afe5e400e82b3,16955,3,True,False,0,True,True
garbage_v2,/content/waste_datasets/garbage_v2/original/plastic/plastic_210.jpg,plastic,plastic,True,512,384,RGB,e92cf86071f6f8437e628f74dce1fd2617d960274e54bda1f8ee6eb9da87e32e,7454,3,True,False,0,True,True
garbage_v2,/content/waste_datasets/garbage_v2/original/paper/paper_250.jpg,paper,paper,True,512,384,RGB,e931442ae08e67cbcd2b5be98747f1c8082c84f9c6d9d1f8a35fb11e39b1d516,11791,3,True,False,0,True,True
garbage_v2,/content/waste_datasets/garbage_v2/original/glass/glass_1584.jpg,glass,glass,True,512,384,RGB,e9319d2ac8cf666814030b0222c3f45a56094ebaf3d89ee18f93de9fdb267eb1,10126,3,True,False,0,True,True
garbage_v2,/content/waste_datasets/garbage_v2/original/paper/paper_1204.jpg,paper,paper,True,512,384,RGB,e93492852a38ad865feda57bb001923ca1102fcc0321297d331a0e36a94f80cc,24984,3,True,False,0,True,True
garbage_v2,/content/waste_datasets/garbage_v2/original/paper/paper_124.jpg,paper,paper,True,512,384,RGB,e943a0022479a2ebc65e0c288fcdfc4cf1ea811ec69731becb49608eb01ba3c6,28260,3,True,False,0,True,True
garbage_v2,/content/waste_datasets/garbage_v2/original/paper/paper_348.jpg,paper,paper,True,512,384,RGB,e958ecbe96178e040c671a8b0bf8121fac4049312baad3f953654138af775e02,24356,3,True,False,0,True,True
garbage_v2,/content/waste_datasets/garbage_v2/original/glass/glass_813.jpg,glass,glass,True,512,384,RGB,e96df29d6dff297f950ab9ee0c2b86af463d823abe610344caa3f2cd3a7d1833,19116,2,True,False,0,True,True
garbage_v2,/content/waste_datasets/garbage_v2/original/paper/paper_489.jpg,paper,paper,True,512,384,RGB,e99597bdbd5e42ea4dd8d063230926cc0aee1d4e48593e841eaab8aec7a10132,23154,3,True,False,0,True,True
garbage_v2,/content/waste_datasets/garbage_v2/original/cardboard/cardboard_1310.jpg,cardboard,cardboard,True,512,384,RGB,e9a6dac80da0113821417577293902328611a143698e4390a0b0cb40170f28bb,30969,3,True,False,0,True,True
garbage_v2,/content/waste_datasets/garbage_v2/original/metal/metal_140.jpg,metal,metal,True,512,384,RGB,e9bd8863c4b41a107e70a028f261cd0cb1a99355a9e1a88a60de95f2049692f3,19161,3,True,False,0,True,True
garbage_v2,/content/waste_datasets/garbage_v2/original/cardboard/cardboard_908.jpg,cardboard,cardboard,True,512,384,RGB,e9efede53192ffd5126cb11ce465ffcc102a3fb65120c3e0663b2f2ce18cb74e,15583,3,True,False,0,True,True
garbage_v2,/content/waste_datasets/garbage_v2/original/trash/trash_197.jpg,trash,trash,True,512,384,RGB,e9f3ca01a30cace8b5d3f28fc900a2e40b35f9436470ff9ba8f21a611d6e0556,20538,2,True,False,0,True,True
garbage_v2,/content/waste_datasets/garbage_v2/original/paper/paper_931.jpg,paper,paper,True,512,384,RGB,ea0e35589e6c56a3ede6489df7eba026abc77745e75c92224e1f18e58891cbcd,46029,3,True,False,0,True,True
garbage_v2,/content/waste_datasets/garbage_v2/original/metal/metal_44.jpg,metal,metal,True,512,384,RGB,ea2588fc9bd2d5c9e9acf459e9b01c4649ae9e705d499a3c6c4a12df8a3d7857,8069,3,True,False,0,True,True
garbage_v2,/content/waste_datasets/garbage_v2/original/plastic/plastic_378.jpg,plastic,plastic,True,512,384,RGB,ea63e0f3a543c45c158a408a2fb730cff3d32d146f501d04fff4bec4ff0ad87f,13716,3,True,False,0,True,True
garbage_v2,/content/waste_datasets/garbage_v2/original/paper/paper_1246.jpg,paper,paper,True,512,384,RGB,ea850c4b381a54d360db35fb5ad3bb002e3dffa2db7fe516f03c65d2a77e7121,10336,3,True,False,0,True,True
garbage_v2,/content/waste_datasets/garbage_v2/original/cardboard/cardboard_927.jpg,cardboard,cardboard,True,512,384,RGB,ea96d215a65017b5a0013b3f644518ef9a8f7faeb15d20113b68e240cfb63564,21913,3,True,False,0,True,True
garbage_v2,/content/waste_datasets/garbage_v2/original/cardboard/cardboard_424.jpg,cardboard,cardboard,True,512,384,RGB,ead1cfb68da63ff271df2470e15394502bcbf1b65b13f55ea66447077895bd4a,22922,3,True,False,0,True,True
garbage_v2,/content/waste_datasets/garbage_v2/original/paper/paper_948.jpg,paper,paper,True,512,384,RGB,eadbe7b81899d3fd5e9a8fd309d30dce3d51a722c6b56a5560a1c6a3c58df07c,26640,3,True,False,0,True,True
garbage_v2,/content/waste_datasets/garbage_v2/original/plastic/plastic_221.jpg,plastic,plastic,True,512,384,RGB,eae8dcca1e55ceb89f478cb8a82cd496fe4175031410cf17b4e1c8eb31b68095,8800,3,True,False,0,True,True
garbage_v2,/content/waste_datasets/garbage_v2/original/metal/metal_541.jpg,metal,metal,True,512,384,RGB,eb0b654865af8e1255154b729ddf5b753d662425169ef4b8acc1fef825453c1d,13215,3,True,False,0,True,True
garbage_v2,/content/waste_datasets/garbage_v2/original/plastic/plastic_1039.jpg,plastic,plastic,True,512,384,RGB,eb26ee5deabe9abda304cb63b1f25fbe02e80216df1101eba6745cd1a68b5898,16364,3,True,False,0,True,True
garbage_v2,/content/waste_datasets/garbage_v2/original/plastic/plastic_888.jpg,plastic,plastic,True,512,384,RGB,eb326e1c218874929d693edd6d3555f34ae18a287253edcda9a89b3c04267b7c,9715,3,True,False,0,True,True
garbage_v2,/content/waste_datasets/garbage_v2/original/glass/glass_1017.jpg,glass,glass,True,512,384,RGB,eb3ffdf15081f878165c879bf8f254d1285ce77aa29b7ff94fbcf1d831e33945,13942,3,True,False,0,True,True
garbage_v2,/content/waste_datasets/garbage_v2/original/glass/glass_291.jpg,glass,glass,True,512,384,RGB,eb4ba3739b7adc6d23e30cc8b461a3099eda76a8f6e7520f2f3529dbfe5efe56,18854,3,True,False,0,True,True
garbage_v2,/content/waste_datasets/garbage_v2/original/glass/glass_590.jpg,glass,glass,True,512,384,RGB,eb90f408eea74cec4728b8924548f2e7afa6e7ba52f69f82e5b4dc876fed4f94,14661,3,True,False,0,True,True
garbage_v2,/content/waste_datasets/garbage_v2/original/paper/paper_603.jpg,paper,paper,True,512,384,RGB,eb9b410c41457573184918db22e03bc35b9d03b28cdd7c563aadac1f4b88bec8,11274,3,True,False,0,True,True
garbage_v2,/content/waste_datasets/garbage_v2/original/cardboard/cardboard_643.jpg,cardboard,cardboard,True,512,384,RGB,ebad65ecb19e65bc941d49f37841c5bb5a812db7ac76e356dbc0af178374a1c2,12342,3,True,False,0,True,True
garbage_v2,/content/waste_datasets/garbage_v2/original/glass/glass_979.jpg,glass,glass,True,512,384,RGB,ebbc05cd7d605f2d2354f176e7f353af33d523a983187d8c5911d48505348e22,10729,3,True,False,0,True,True
garbage_v2,/content/waste_datasets/garbage_v2/original/plastic/plastic_629.jpg,plastic,plastic,True,512,384,RGB,ebe79afa3dd50c78e83c327ab3a3ae88e386cf2c65b149408bf63bd8e297d943,18977,3,True,False,0,True,True
garbage_v2,/content/waste_datasets/garbage_v2/original/plastic/plastic_1207.jpg,plastic,plastic,True,512,384,RGB,ec065cf4559fb3b6aca7e07624d2bed44edd2495850087dde7decbf2af6a8070,13993,3,True,False,0,True,True
garbage_v2,/content/waste_datasets/garbage_v2/original/glass/glass_623.jpg,glass,glass,True,512,384,RGB,ec232d0d2fc6f1aa801dec17cedabb859e0a29270c84b05fec05ed2ad08e63fd,12122,3,True,False,0,True,True
garbage_v2,/content/waste_datasets/garbage_v2/original/glass/glass_648.jpg,glass,glass,True,512,384,RGB,ec2d7c20b64c2cb0b417b98644c7c80ce98a4946137b2955699f2e883ac4a97a,12651,3,True,False,0,True,True
garbage_v2,/content/waste_datasets/garbage_v2/original/metal/metal_688.jpg,metal,metal,True,512,384,RGB,ec5b921975637bd4db2d74e57e497ebdd96264e338dc777d1829a6520bbea24c,15845,3,True,False,0,True,True
garbage_v2,/content/waste_datasets/garbage_v2/original/paper/paper_492.jpg,paper,paper,True,512,384,RGB,ec6e1d5683e3ceb8bc68e7617814db08a5a01907b24f5d9cad32b7385271da78,34361,3,True,False,0,True,True
garbage_v2,/content/waste_datasets/garbage_v2/original/plastic/plastic_1375.jpg,plastic,plastic,True,512,384,RGB,ec749275dce4a43f8003fba4e02e9db319af5c39ca10f674e6e4398077a228c8,23377,3,True,False,0,True,True
garbage_v2,/content/waste_datasets/garbage_v2/original/glass/glass_1538.jpg,glass,glass,True,512,384,RGB,ec88fe102840837987b2e2c538f0b25102957d49b59cb8cca01b3af54cd5b0be,19727,3,True,False,0,True,True
garbage_v2,/content/waste_datasets/garbage_v2/original/metal/metal_644.jpg,metal,metal,True,512,384,RGB,ecadc879b646436b973b54fdd61e6ae8cb27a4a421090c3faaee8b701dbc503c,14937,3,True,False,0,True,True
garbage_v2,/content/waste_datasets/garbage_v2/original/glass/glass_487.jpg,glass,glass,True,512,384,RGB,ecb3ac2213e6b10534fe89f3cd75008ed416791a4f3a901eca2b3717749f2f7a,11535,3,True,False,0,True,True
garbage_v2,/content/waste_datasets/garbage_v2/original/trash/trash_350.jpg,trash,trash,True,512,384,RGB,ecb6e1ed0dd5f7f862f61e9f9cb10b738458c706ab6c170055acb238e90611b3,16540,2,True,False,0,True,True
garbage_v2,/content/waste_datasets/garbage_v2/original/plastic/plastic_1481.jpg,plastic,plastic,True,512,384,RGB,eccd69b3909c969780ede2ca1603b3fb72bbbbdb91e54a78eee2c400f3acc495,11412,3,True,False,0,True,True
garbage_v2,/content/waste_datasets/garbage_v2/original/metal/metal_922.jpg,metal,metal,True,512,384,RGB,ed04883b7548a704c37a6c05196e9b199a6db7144d2d30a4dcc2069a0aa268a8,19443,3,True,False,0,True,True
garbage_v2,/content/waste_datasets/garbage_v2/original/paper/paper_441.jpg,paper,paper,True,512,384,RGB,ed0dc6d84e854474029cbbff340c1e01f05f4de2880748a13b27465d2f5e5ecb,14879,3,True,False,0,True,True
garbage_v2,/content/waste_datasets/garbage_v2/original/plastic/plastic_421.jpg,plastic,plastic,True,512,384,RGB,ed2c9543b506a7119be6552ea9c24865d52180d43cd86169e7d895464d846563,7823,3,True,False,0,True,True
garbage_v2,/content/waste_datasets/garbage_v2/original/metal/metal_34.jpg,metal,metal,True,512,384,RGB,ed30620f77fd4dbc65256dce2b53ce7f92b7e2189c6c3ce81ba1d072887fa234,13326,3,True,False,0,True,True
garbage_v2,/content/waste_datasets/garbage_v2/original/glass/glass_334.jpg,glass,glass,True,512,384,RGB,ed48cb39c44b2092b6c36ca4dd84fc8e9908968b53edbcdfef184cc25f0e94be,11610,3,True,False,0,True,True
garbage_v2,/content/waste_datasets/garbage_v2/original/paper/paper_1325.jpg,paper,paper,True,512,384,RGB,ed495f4f9c3439058d41999cf1eee407c0efdca55b6ee26dba92285712d7bd4b,12837,3,True,False,0,True,True
garbage_v2,/content/waste_datasets/garbage_v2/original/paper/paper_950.jpg,paper,paper,True,512,384,RGB,ed89314fe3902a917ca66fe0188bf80b7056394527b435679e727f51c79cafd1,23007,3,True,False,0,True,True
garbage_v2,/content/waste_datasets/garbage_v2/original/paper/paper_756.jpg,paper,paper,True,512,384,RGB,eda36d177b6ad3bc255f1298186bfb8b529f179136e9746f1a7d0265c9404235,20309,3,True,False,0,True,True
garbage_v2,/content/waste_datasets/garbage_v2/original/plastic/plastic_1456.jpg,plastic,plastic,True,512,384,RGB,edbe3956999482b4ab2ebe1a75e0fff214cf86c7d96c205c95286fd3551c30f7,13184,3,True,False,0,True,True
garbage_v2,/content/waste_datasets/garbage_v2/original/glass/glass_1386.jpg,glass,glass,True,512,384,RGB,ede5686a09b092a33d3cf441a5e02397a9fc917f9a0b761fa5ec232a71c2aa91,9395,3,True,False,0,True,True
garbage_v2,/content/waste_datasets/garbage_v2/original/paper/paper_846.jpg,paper,paper,True,512,384,RGB,ee07fc315592bd8a3ae9fd02da7604eb8e645b54baf155565be394454eac1997,8649,3,True,False,0,True,True
garbage_v2,/content/waste_datasets/garbage_v2/original/plastic/plastic_1466.jpg,plastic,plastic,True,512,384,RGB,ee2efd0c3de2816f3009e3220d6ceb0bf1ba3f9b02563814f85fc4fa9fd09972,12602,3,True,False,0,True,True
garbage_v2,/content/waste_datasets/garbage_v2/original/cardboard/cardboard_7.jpg,cardboard,cardboard,True,512,384,RGB,eeb7a8c4f9e60d5ae0d5a2e50d221ddf22c5c25b668f9c52146eb3b92f39878a,13674,3,True,False,0,True,True
garbage_v2,/content/waste_datasets/garbage_v2/original/glass/glass_1243.jpg,glass,glass,True,512,384,RGB,eefd9034dda5356ad38474eace7542896e9c3ab359291cd33d0062110eca0887,14559,3,True,False,0,True,True
garbage_v2,/content/waste_datasets/garbage_v2/original/paper/paper_586.jpg,paper,paper,True,512,384,RGB,ef0a95b74fcab71d016e8d5f42e99c6eecf51ab8b0724b2a67db0e68cd108528,22503,3,True,False,0,True,True
garbage_v2,/content/waste_datasets/garbage_v2/original/paper/paper_419.jpg,paper,paper,True,512,384,RGB,ef1da15838f4bd1a3fb454480bb6cba871ad5f56f8d869ca57f8d1c56e528607,43865,3,True,False,0,True,True
garbage_v2,/content/waste_datasets/garbage_v2/original/paper/paper_699.jpg,paper,paper,True,512,384,RGB,ef1e5141669ec2375bd76b286d15596cb2e9076cf318ac3067309e08f307438d,16403,3,True,False,0,True,True
garbage_v2,/content/waste_datasets/garbage_v2/original/paper/paper_914.jpg,paper,paper,True,512,384,RGB,ef6b15402023445819e52326f1cce2a9d7524d132ad61431619f9a19715ea2bc,7915,3,True,False,0,True,True
garbage_v2,/content/waste_datasets/garbage_v2/original/metal/metal_525.jpg,metal,metal,True,512,384,RGB,ef6de590669192c32c1f524528c79909ddb4b0949650855eb6b402c952e9d45f,18845,3,True,False,0,True,True
garbage_v2,/content/waste_datasets/garbage_v2/original/paper/paper_1086.jpg,paper,paper,True,512,384,RGB,ef74b72870a2c6e5dcfef77bb842eebdddfddc73480d8993fa6bf5ed002a8843,32487,3,True,False,0,True,True
garbage_v2,/content/waste_datasets/garbage_v2/original/paper/paper_312.jpg,paper,paper,True,512,384,RGB,ef7dcc0dff5fe504bb98a46c5f1bc2bcbdf7b98227d5d045501a4fcbdf6f30b8,16046,3,True,False,0,True,True
garbage_v2,/content/waste_datasets/garbage_v2/original/plastic/plastic_1581.jpg,plastic,plastic,True,512,384,RGB,ef8121e224597da0607432cfbbfaab33b38a69a02d555aef5710737f7857b660,7855,3,True,False,0,True,True
garbage_v2,/content/waste_datasets/garbage_v2/original/paper/paper_845.jpg,paper,paper,True,512,384,RGB,ef87cd52f8afff4994e9a4f3caa333cca6c32ca5bb3cbdb441da87a062015baa,16739,3,True,False,0,True,True
garbage_v2,/content/waste_datasets/garbage_v2/original/metal/metal_802.jpg,metal,metal,True,512,384,RGB,efb51aa6882025d081049b6bb807b664430e630be9f1285d993fd392f6a2bb4a,38741,3,True,False,0,True,True
garbage_v2,/content/waste_datasets/garbage_v2/original/metal/metal_565.jpg,metal,metal,True,512,384,RGB,eff1d07a51e334759b266f2651e87c59a615feefdf703a5fb7bf5934073ed192,8421,3,True,False,0,True,True
garbage_v2,/content/waste_datasets/garbage_v2/original/glass/glass_1069.jpg,glass,glass,True,512,384,RGB,eff551a94ab9e54817cfe22911b17de4f5c02fa64851153dbdd7bfe1b9e82066,24026,3,True,False,0,True,True
garbage_v2,/content/waste_datasets/garbage_v2/original/plastic/plastic_1183.jpg,plastic,plastic,True,512,384,RGB,f010ceac35917da54f016e4749e93a6b10a9154e2a32e508ce73773804cea627,11118,3,True,False,0,True,True
garbage_v2,/content/waste_datasets/garbage_v2/original/paper/paper_829.jpg,paper,paper,True,512,384,RGB,f051d89e030cf2787b459a1586cc04d6ca226512899e41645916ff77ab6a68a6,14751,3,True,False,0,True,True
garbage_v2,/content/waste_datasets/garbage_v2/original/cardboard/cardboard_155.jpg,cardboard,cardboard,True,512,384,RGB,f0799626e8bede4e00c94184d7c17516034e25932fcbdd4d82b71f8a96fd1daf,23416,3,True,False,0,True,True
garbage_v2,/content/waste_datasets/garbage_v2/original/paper/paper_123.jpg,paper,paper,True,512,384,RGB,f08a2a02219f73479c7fd0f2ac59b68a5ea57ab75e1a999ddff5fc00c6cad706,14464,3,True,False,0,True,True
garbage_v2,/content/waste_datasets/garbage_v2/original/plastic/plastic_1523.jpg,plastic,plastic,True,512,384,RGB,f0a5bc491963e626629fc5b428636a27c96610c0cfd4fc748c6f5932436aa22f,14595,3,True,False,0,True,True
garbage_v2,/content/waste_datasets/garbage_v2/original/cardboard/cardboard_827.jpg,cardboard,cardboard,True,512,384,RGB,f0d5be1412df388259a878f02f055c6c63f79e0326078a4ab0585df7d8daec1b,16433,3,True,False,0,True,True
garbage_v2,/content/waste_datasets/garbage_v2/original/metal/metal_261.jpg,metal,metal,True,512,384,RGB,f10a644674b2455d017ad281fbd3f6996d6d9967a914b23f264b737abd21c08a,23400,3,True,False,0,True,True
garbage_v2,/content/waste_datasets/garbage_v2/original/glass/glass_1205.jpg,glass,glass,True,512,384,RGB,f11d856b820653d32078fa0b0cdca5b3976f1410d40fe8e222431d2087607f6f,8722,3,True,False,0,True,True
garbage_v2,/content/waste_datasets/garbage_v2/original/plastic/plastic_961.jpg,plastic,plastic,True,512,384,RGB,f12898504b448ad7c3134742b61d69297dde32f9b4b037d5a60dbe1c429ddafc,14801,3,True,False,0,True,True
garbage_v2,/content/waste_datasets/garbage_v2/original/glass/glass_1604.jpg,glass,glass,True,512,384,RGB,f13ba3de1e5ec82f96b06ee8810d95adf558136474d2dd100f6d29dd7c1747a6,13148,3,True,False,0,True,True
garbage_v2,/content/waste_datasets/garbage_v2/original/metal/metal_379.jpg,metal,metal,True,512,384,RGB,f17d023b7a7bdcc6ac2c7ea673fa97ee75e5e07906ded6c69e56250acc0cc633,37375,3,True,False,0,True,True
garbage_v2,/content/waste_datasets/garbage_v2/original/plastic/plastic_271.jpg,plastic,plastic,True,512,384,RGB,f1b3e3bdc6089b2ed10b06a22187bd5ccff3b552f8489c5d401e1853965ffa9f,10870,3,True,False,0,True,True
garbage_v2,/content/waste_datasets/garbage_v2/original/plastic/plastic_844.jpg,plastic,plastic,True,512,384,RGB,f1b4123293e14703463b22dd12f2ff8840ae59b2edccac42f02d8635cb5922fd,13706,3,True,False,0,True,True
garbage_v2,/content/waste_datasets/garbage_v2/original/paper/paper_274.jpg,paper,paper,True,512,384,RGB,f1b684dbcf63fb341d112962ca8dc42bf3eb3ae984fd3901befe335609817b50,11984,3,True,False,0,True,True
garbage_v2,/content/waste_datasets/garbage_v2/original/metal/metal_759.jpg,metal,metal,True,512,384,RGB,f1de46d6a4f907b0083920a8ae1bde5b48f8ff19c2714c0fcf44bf96359be466,14951,3,True,False,0,True,True
garbage_v2,/content/waste_datasets/garbage_v2/original/glass/glass_1451.jpg,glass,glass,True,512,384,RGB,f1f6b0d8958793e1b761b783767f1548519c9752698cbaf104f7c4d3f25f66f2,12459,3,True,False,0,True,True
garbage_v2,/content/waste_datasets/garbage_v2/original/plastic/plastic_616.jpg,plastic,plastic,True,512,384,RGB,f1f9cd73bbc752919386f1940734c2cbc64335e34ec93e507ec716d7144f9bdf,12609,3,True,False,0,True,True
garbage_v2,/content/waste_datasets/garbage_v2/original/plastic/plastic_610.jpg,plastic,plastic,True,512,384,RGB,f205e53419a78f56b78ae54b0053f3a437cdba809cc480f79d50e2703f11c2f5,13489,3,True,False,0,True,True
garbage_v2,/content/waste_datasets/garbage_v2/original/metal/metal_162.jpg,metal,metal,True,512,384,RGB,f20a2d7b4fca27ecd23d47f92bd6ae86da5d591b057744a11c347a0347a319fa,14349,3,True,False,0,True,True
garbage_v2,/content/waste_datasets/garbage_v2/original/plastic/plastic_1352.jpg,plastic,plastic,True,512,384,RGB,f20f144f44908e67f1008cf6344d9fc12a72a6f9883a063722b4dbfe10bff064,16808,3,True,False,0,True,True
garbage_v2,/content/waste_datasets/garbage_v2/original/glass/glass_1096.jpg,glass,glass,True,512,384,RGB,f217722bf9bf5f719bb4fa12d8dd4d7b829ff92ed1827a8d3f798a41a0d35ba7,16268,3,True,False,0,True,True
garbage_v2,/content/waste_datasets/garbage_v2/original/paper/paper_967.jpg,paper,paper,True,512,384,RGB,f218a1513bbd5ae0047427638d39cdd9b49bf847219c77dcaaa109f7bf17ab91,23816,3,True,False,0,True,True
garbage_v2,/content/waste_datasets/garbage_v2/original/plastic/plastic_269.jpg,plastic,plastic,True,512,384,RGB,f229d34c2e2e38f70374aa21c05e1eb6827848b4530c8dbc109bf3310da79e79,16493,3,True,False,0,True,True
garbage_v2,/content/waste_datasets/garbage_v2/original/glass/glass_68.jpg,glass,glass,True,512,384,RGB,f23393bb7f3ec809267f5eb70ea4c0944f9a20c56c5ece1e3aad9529e636d02a,14653,3,True,False,0,True,True
garbage_v2,/content/waste_datasets/garbage_v2/original/glass/glass_396.jpg,glass,glass,True,512,384,RGB,f25c94515d94fcaf9c132576eb4bd0247e6578c0cd0932941e5abec8a5339b68,11444,3,True,False,0,True,True
garbage_v2,/content/waste_datasets/garbage_v2/original/paper/paper_521.jpg,paper,paper,True,512,384,RGB,f2801bf9c145ae36c1753aee3929c2deb979275cf4ca2c24aa959bf1542c3cca,11553,3,True,False,0,True,True
garbage_v2,/content/waste_datasets/garbage_v2/original/paper/paper_1184.jpg,paper,paper,True,512,384,RGB,f2897fe901c4e34ad283c176d59f9270a7b6629fb3ef48332d41e238dc17e974,15532,3,True,False,0,True,True
garbage_v2,/content/waste_datasets/garbage_v2/original/paper/paper_1173.jpg,paper,paper,True,512,384,RGB,f29758f23e34972ace659d0a1538f270d55cd40c18876461e2ab8742ac80639c,20775,3,True,False,0,True,True
garbage_v2,/content/waste_datasets/garbage_v2/original/metal/metal_28.jpg,metal,metal,True,512,384,RGB,f2dd2e04bea9964dd5a699723858eb9705b52889b5614bdc09260effec563ed9,15461,3,True,False,0,True,True
garbage_v2,/content/waste_datasets/garbage_v2/original/metal/metal_380.jpg,metal,metal,True,512,384,RGB,f2de4bd92628f714cfa496bb5269b5ac2ec25ed1a45682b1f338c591b84a4e2f,37407,3,True,False,0,True,True
garbage_v2,/content/waste_datasets/garbage_v2/original/paper/paper_697.jpg,paper,paper,True,512,384,RGB,f310fda98ea28062df72f8ff060e63f6ab4ae0496da18a32b01ee9110cb4d848,10931,3,True,False,0,True,True
garbage_v2,/content/waste_datasets/garbage_v2/original/metal/metal_360.jpg,metal,metal,True,512,384,RGB,f3138cc3eeb04153dadac29fef6a259f66fe7883cca8d33071dfeaef32a36eff,19513,3,True,False,0,True,True
garbage_v2,/content/waste_datasets/garbage_v2/original/paper/paper_57.jpg,paper,paper,True,512,384,RGB,f31f9d54feea5fb92a669b87655f52f5575c0b4d4a6eb471e66bd7ac3c220cd8,18757,3,True,False,0,True,True
garbage_v2,/content/waste_datasets/garbage_v2/original/plastic/plastic_266.jpg,plastic,plastic,True,512,384,RGB,f3369337f73e10460c7ee4c117a44f64939e894a4cb820524971dd5c288f8e77,11998,3,True,False,0,True,True
garbage_v2,/content/waste_datasets/garbage_v2/original/plastic/plastic_1244.jpg,plastic,plastic,True,512,384,RGB,f35be988683274741b7a26d147953d4fcf63b6dfebb6fe72601c6a56e3c9eda2,8193,3,True,False,0,True,True
garbage_v2,/content/waste_datasets/garbage_v2/original/plastic/plastic_391.jpg,plastic,plastic,True,512,384,RGB,f3653cb5116826633f695145eb1a4af66156e0b27ece17a17304831fe06a5361,14028,3,True,False,0,True,True
garbage_v2,/content/waste_datasets/garbage_v2/original/metal/metal_117.jpg,metal,metal,True,512,384,RGB,f37070e72870a22fe05acaf0aa1a073c9a7cc0ef05ef3e3bec6b15be7199c2f8,23305,3,True,False,0,True,True
garbage_v2,/content/waste_datasets/garbage_v2/original/glass/glass_1055.jpg,glass,glass,True,512,384,RGB,f40585778de2ee95c4d1e2fa538b16be129899ee5c76d84039a1dd94333469da,9169,3,True,False,0,True,True
garbage_v2,/content/waste_datasets/garbage_v2/original/paper/paper_562.jpg,paper,paper,True,512,384,RGB,f40ead1ac801a3fb2e9520c1f383952cc940a9e958f3a7dc3b33c402ffc061b7,46093,3,True,False,0,True,True
garbage_v2,/content/waste_datasets/garbage_v2/original/paper/paper_786.jpg,paper,paper,True,512,384,RGB,f41596f2745a00199ab19edaf7bacd510030394f7f34f54878559d73c59f3ee2,13768,3,True,False,0,True,True
garbage_v2,/content/waste_datasets/garbage_v2/original/plastic/plastic_74.jpg,plastic,plastic,True,512,384,RGB,f427aeaf6fa2267aecca4f945dccddf0cb85d3a798b66aa1562870a897a705ff,14753,3,True,False,0,True,True
garbage_v2,/content/waste_datasets/garbage_v2/original/plastic/plastic_1248.jpg,plastic,plastic,True,512,384,RGB,f43fb84c64704b4ccd3117a763f018c3d1698e4dc4a50e6b362476fe14e93049,12480,3,True,False,0,True,True
garbage_v2,/content/waste_datasets/garbage_v2/original/cardboard/cardboard_404.jpg,cardboard,cardboard,True,512,384,RGB,f454b259a11b7db3b7d4ba33326701249285c39369ae48602f9a91bf98140749,22094,3,True,False,0,True,True
garbage_v2,/content/waste_datasets/garbage_v2/original/cardboard/cardboard_93.jpg,cardboard,cardboard,True,512,384,RGB,f48920b82e11077a3a6dfe610bc1e42bb6d4f9b65bd81610d973cb90f79d29f9,16017,3,True,False,0,True,True
garbage_v2,/content/waste_datasets/garbage_v2/original/metal/metal_460.jpg,metal,metal,True,512,384,RGB,f49811a508458d2c9c3b71c8c0e042f05c4e297818177d01322b01723d608701,19016,3,True,False,0,True,True
garbage_v2,/content/waste_datasets/garbage_v2/original/glass/glass_664.jpg,glass,glass,True,512,384,RGB,f4988cb65c5bbc438eec949a7e0628c591cba94798718c9ad7a274b764ee43b8,15497,3,True,False,0,True,True
garbage_v2,/content/waste_datasets/garbage_v2/original/cardboard/cardboard_1224.jpg,cardboard,cardboard,True,512,384,RGB,f4bb139bf1fbbda71918f0ca7b480fdc487db5ce2aebf22b63f664e38dea356c,17221,3,True,False,0,True,True
garbage_v2,/content/waste_datasets/garbage_v2/original/paper/paper_1142.jpg,paper,paper,True,512,384,RGB,f4d494f48881eae84dd7c740c9cd4dd5bf9baa2ff84a9d5266c3f1b990229275,12543,3,True,False,0,True,True
garbage_v2,/content/waste_datasets/garbage_v2/original/glass/glass_1134.jpg,glass,glass,True,512,384,RGB,f50a94247184c7b675b504a02e1611cdcb26ce539210704ad0cac81cbe4d9b01,12798,3,True,False,0,True,True
garbage_v2,/content/waste_datasets/garbage_v2/original/cardboard/cardboard_266.jpg,cardboard,cardboard,True,512,384,RGB,f50c13b1af91c3ee565fe5b969017c652ca350b897c2bda2ab55070b96d5bcac,18400,3,True,False,0,True,True
garbage_v2,/content/waste_datasets/garbage_v2/original/plastic/plastic_258.jpg,plastic,plastic,True,512,384,RGB,f518118c026f30902fb073db820d2fc4a1c30a15624a0ef2d859b3ad670b942a,20618,3,True,False,0,True,True
garbage_v2,/content/waste_datasets/garbage_v2/original/metal/metal_323.jpg,metal,metal,True,512,384,RGB,f51eb5b4486ed937312af3e6d46736661acabb1cb03b36352328c8a5748f33e0,16954,3,True,False,0,True,True
garbage_v2,/content/waste_datasets/garbage_v2/original/glass/glass_1694.jpg,glass,glass,True,512,384,RGB,f527881746641648a7b0522a5bf446e6d0e34b08cd1a2ec35308539347637a36,14204,3,True,False,0,True,True
garbage_v2,/content/waste_datasets/garbage_v2/original/metal/metal_75.jpg,metal,metal,True,512,384,RGB,f567f55941181c665609ca7052f06a8af445438a73b8c5a408c822fc8a9a4880,11709,3,True,False,0,True,True
garbage_v2,/content/waste_datasets/garbage_v2/original/glass/glass_1410.jpg,glass,glass,True,512,384,RGB,f56926cb59acf8831282b11066020ddeaecf59108b14c73046787bceafe8f131,9175,3,True,False,0,True,True
garbage_v2,/content/waste_datasets/garbage_v2/original/paper/paper_340.jpg,paper,paper,True,512,384,RGB,f57eb21a0cf7ebb2e8bca63b34cafcd36784a88db211b4667fa3d2185cac54a1,14873,3,True,False,0,True,True
garbage_v2,/content/waste_datasets/garbage_v2/original/metal/metal_171.jpg,metal,metal,True,512,384,RGB,f5863266368f19041ce3df411a2fe0970264b0b796742ca663a937a98fd42b94,8823,3,True,False,0,True,True
garbage_v2,/content/waste_datasets/garbage_v2/original/metal/metal_29.jpg,metal,metal,True,512,384,RGB,f58e4a31e9d5b76d462d32ae5a530f50684bc525a95957e0d7958a84703649b0,14087,3,True,False,0,True,True
garbage_v2,/content/waste_datasets/garbage_v2/original/metal/metal_149.jpg,metal,metal,True,512,384,RGB,f5ac8516c3bfe229b80e4b797e1494617bab0e2d43d56699ce160b2c523c68c2,34340,3,True,False,0,True,True
garbage_v2,/content/waste_datasets/garbage_v2/original/paper/paper_409.jpg,paper,paper,True,512,384,RGB,f5ba9e9b9dc32963287e06e70efe72fb458f0b00424c434a8d644038b980dde7,41719,3,True,False,0,True,True
garbage_v2,/content/waste_datasets/garbage_v2/original/paper/paper_34.jpg,paper,paper,True,512,384,RGB,f5d2b72bfa7372201c49690bba1081c936c5554aa18e3cd7fa3a1dcb31fc8a3e,22784,3,True,False,0,True,True
garbage_v2,/content/waste_datasets/garbage_v2/original/cardboard/cardboard_1342.jpg,cardboard,cardboard,True,512,384,RGB,f5ddc7f1e11d9192efb6618268afe867fab4546550e4a7ff2139b1698dbb2cfc,19636,3,True,False,0,True,True
garbage_v2,/content/waste_datasets/garbage_v2/original/plastic/plastic_1135.jpg,plastic,plastic,True,512,384,RGB,f62bf0b618248826ba92dd8e1b5fc33cd929e6563d3d1613c08c4f4745481cf3,11285,3,True,False,0,True,True
garbage_v2,/content/waste_datasets/garbage_v2/original/paper/paper_853.jpg,paper,paper,True,512,384,RGB,f63066df4c1c919ea2b7027ff130aced21f7bfc6df06046b4402b3b65154f6d7,15591,3,True,False,0,True,True
garbage_v2,/content/waste_datasets/garbage_v2/original/glass/glass_1491.jpg,glass,glass,True,512,384,RGB,f648f8b660a09532bf649b8fd03708ad000ca34600f7b86b380266e96713d003,10395,3,True,False,0,True,True
garbage_v2,/content/waste_datasets/garbage_v2/original/metal/metal_821.jpg,metal,metal,True,512,384,RGB,f67170a855f5bb923145af4d90d7d505164b011778d62d72d1a2603db778acd8,12369,3,True,False,0,True,True
garbage_v2,/content/waste_datasets/garbage_v2/original/cardboard/cardboard_632.jpg,cardboard,cardboard,True,512,384,RGB,f684a75b78c3b036ef269ae3065dc465b3ebee2816aafb2c1c33ca2f97e035b4,25368,3,True,False,0,True,True
garbage_v2,/content/waste_datasets/garbage_v2/original/paper/paper_1193.jpg,paper,paper,True,512,384,RGB,f68e3a0bf970b94f85658c50b07a0dc6076125d56a068f89bdeea5a7228b23c8,27287,3,True,False,0,True,True
garbage_v2,/content/waste_datasets/garbage_v2/original/glass/glass_1126.jpg,glass,glass,True,512,384,RGB,f6b1f3ecf04bff83360dee0390f9d2d7585b4a99d87be7d0573cfff278951d0c,11026,3,True,False,0,True,True
garbage_v2,/content/waste_datasets/garbage_v2/original/metal/metal_219.jpg,metal,metal,True,512,384,RGB,f6fbe70ee36fb0907264735e8abf67ebea2283dcaa3fcf08a273baf528ab35e5,23052,3,True,False,0,True,True
garbage_v2,/content/waste_datasets/garbage_v2/original/metal/metal_519.jpg,metal,metal,True,512,384,RGB,f6ff265cbcc6ca87645a982332bbe1c1301a82425a9b360cc69614d282b6ad77,13728,3,True,False,0,True,True
garbage_v2,/content/waste_datasets/garbage_v2/original/paper/paper_1115.jpg,paper,paper,True,512,384,RGB,f704f08e98f9cdf162057dd283b2187d3b26e2b98d58f488d633596a3f46b4c5,28082,3,True,False,0,True,True
garbage_v2,/content/waste_datasets/garbage_v2/original/trash/trash_43.jpg,trash,trash,True,512,384,RGB,f73d1e1ae35305d896cacb45fb1a22d1585b4f2722ccd5a6cb01258af61887e7,22575,2,True,False,0,True,True
garbage_v2,/content/waste_datasets/garbage_v2/original/paper/paper_307.jpg,paper,paper,True,512,384,RGB,f76432486a955c1b7cc87e2eb2cb93c50e099b6edcd88ec50d74710958f18ccf,12429,3,True,False,0,True,True
garbage_v2,/content/waste_datasets/garbage_v2/original/cardboard/cardboard_935.jpg,cardboard,cardboard,True,512,384,RGB,f76ca7d8c9085167729d8750e4f5da52ecd6d2d16de680600198d7206f8049b0,23344,3,True,False,0,True,True
garbage_v2,/content/waste_datasets/garbage_v2/original/cardboard/cardboard_1128.jpg,cardboard,cardboard,True,512,384,RGB,f78d1a1c78d94c7b215b9310f701ea48256c42c105e2455a3c698ef495552523,20452,3,True,False,0,True,True
garbage_v2,/content/waste_datasets/garbage_v2/original/glass/glass_1601.jpg,glass,glass,True,512,384,RGB,f799d188b2642a677cf12f2522e4e73c0afbf7991aaa7f76c1b6b17e89ff8c66,12173,2,True,False,0,True,True
garbage_v2,/content/waste_datasets/garbage_v2/original/cardboard/cardboard_689.jpg,cardboard,cardboard,True,512,384,RGB,f7a11cb5fe406a56c10d0e0c03834dceaa81b287666eec2b5e22ca1748db8ea8,22558,3,True,False,0,True,True
garbage_v2,/content/waste_datasets/garbage_v2/original/metal/metal_155.jpg,metal,metal,True,512,384,RGB,f7a7ae920ba3ff0d9994ac21f0b9c13b85ba5b000e1d7b43b6576b22df282215,20459,3,True,False,0,True,True
garbage_v2,/content/waste_datasets/garbage_v2/original/cardboard/cardboard_990.jpg,cardboard,cardboard,True,512,384,RGB,f7de0d793e463836ef67fe1c48d501b5bbc33ed6f3018aff502b539569fc4045,15293,3,True,False,0,True,True
garbage_v2,/content/waste_datasets/garbage_v2/original/cardboard/cardboard_952.jpg,cardboard,cardboard,True,512,384,RGB,f7f3094a1df464b9ebad857980abc2556b755436a2da36380688e88b6e693689,11196,3,True,False,0,True,True
garbage_v2,/content/waste_datasets/garbage_v2/original/plastic/plastic_1123.jpg,plastic,plastic,True,512,384,RGB,f7f52c4cc48d6c1bd6fff276931160f61ec7ea82cfea05e6a3c44851259d227f,19425,3,True,False,0,True,True
garbage_v2,/content/waste_datasets/garbage_v2/original/paper/paper_852.jpg,paper,paper,True,512,384,RGB,f85fc8d39e89fa9dca2811da9d8cee582fb22c5692490598f0c244cd406c4ada,17792,3,True,False,0,True,True
garbage_v2,/content/waste_datasets/garbage_v2/original/glass/glass_827.jpg,glass,glass,True,512,384,RGB,f89d45dadc7209ea7521688288ff0f4967608a72e3026e3fbc39cdfd38953961,20642,3,True,False,0,True,True
garbage_v2,/content/waste_datasets/garbage_v2/original/glass/glass_1211.jpg,glass,glass,True,512,384,RGB,f8c7ab3bebc752ff423246f0aace0b8c1c6ad4016cebf841b9c50260d8ade3c3,19719,3,True,False,0,True,True
garbage_v2,/content/waste_datasets/garbage_v2/original/paper/paper_1140.jpg,paper,paper,True,512,384,RGB,f8d3ab2eb84000f3e6fb595ae0fe2ea1be6364437e583d81d9adceda834f398a,16142,3,True,False,0,True,True
garbage_v2,/content/waste_datasets/garbage_v2/original/plastic/plastic_276.jpg,plastic,plastic,True,512,384,RGB,f8de98b15b5f39ae3c170242ac145414367f87f7f55651a4a9916e77e9d068a5,25191,3,True,False,0,True,True
garbage_v2,/content/waste_datasets/garbage_v2/original/cardboard/cardboard_158.jpg,cardboard,cardboard,True,512,384,RGB,f903e09cdf3ea30285b007f53147a7b891f2277781a74bccc35b36568c892ee5,18945,3,True,False,0,True,True
garbage_v2,/content/waste_datasets/garbage_v2/original/plastic/plastic_1127.jpg,plastic,plastic,True,512,384,RGB,f96ebe860f17249cdb53bcc1c236f681a7536b484c7a11c6bfdce9788e0076a7,17620,3,True,False,0,True,True
garbage_v2,/content/waste_datasets/garbage_v2/original/plastic/plastic_1310.jpg,plastic,plastic,True,512,384,RGB,f974ebe90df82d6e9e011848f4542e5fce471d27c85902ce8866bb0131d494b5,8743,3,True,False,0,True,True
garbage_v2,/content/waste_datasets/garbage_v2/original/paper/paper_595.jpg,paper,paper,True,512,384,RGB,f9967fecfa2ac3d694a8a4af77cd10268dfbb43faddeb21a180336a636ab81a7,16045,3,True,False,0,True,True
garbage_v2,/content/waste_datasets/garbage_v2/original/cardboard/cardboard_610.jpg,cardboard,cardboard,True,512,384,RGB,f99e6cd788b810361482e608903b05cdfdba27137a85413a3725164635cccb8d,16357,3,True,False,0,True,True
garbage_v2,/content/waste_datasets/garbage_v2/original/metal/metal_112.jpg,metal,metal,True,512,384,RGB,f9b3f19a68e5b0debddd4bd8e834b1bcbd03496b163a3f8f417472296ac90c6c,13734,3,True,False,0,True,True
garbage_v2,/content/waste_datasets/garbage_v2/original/paper/paper_857.jpg,paper,paper,True,512,384,RGB,f9b64cd026a4656bb87b35e489fed19be5d852238537ca5b94661516153680f7,13090,3,True,False,0,True,True
garbage_v2,/content/waste_datasets/garbage_v2/original/metal/metal_272.jpg,metal,metal,True,512,384,RGB,f9b81121dce1fa7ccd8379ec1a559504bc2bd769d0060504f69f3d79f6571cca,14000,3,True,False,0,True,True
garbage_v2,/content/waste_datasets/garbage_v2/original/cardboard/cardboard_281.jpg,cardboard,cardboard,True,512,384,RGB,f9bf17f7469d89fe014d0ff258ae374b308788162677874c01d8e626b13dae5b,24370,3,True,False,0,True,True
garbage_v2,/content/waste_datasets/garbage_v2/original/metal/metal_195.jpg,metal,metal,True,512,384,RGB,fa6694a9a54da63b33dc50079ef9b5ab8e1517dc519bffbefc6a44d5f9a569ca,18566,3,True,False,0,True,True
garbage_v2,/content/waste_datasets/garbage_v2/original/metal/metal_116.jpg,metal,metal,True,512,384,RGB,faa78494494831097ab686e7de6e1db569390fb1d5976a5f12cc3fa9bcd5cf56,22842,3,True,False,0,True,True
garbage_v2,/content/waste_datasets/garbage_v2/original/paper/paper_764.jpg,paper,paper,True,512,384,RGB,fabea157b9c60839538e1a994da612ea31635d5e70d639a99855bdd2f5665280,13157,3,True,False,0,True,True
garbage_v2,/content/waste_datasets/garbage_v2/original/paper/paper_143.jpg,paper,paper,True,512,384,RGB,fae969f6c21d518455ed497e1e1dedaf2a191341880d945183b508933ad6cfa0,38829,3,True,False,0,True,True
garbage_v2,/content/waste_datasets/garbage_v2/original/plastic/plastic_658.jpg,plastic,plastic,True,512,384,RGB,faf28d8f09c1075d3337ebf19bcafda1427053deb2ee9827926f9077f9ebdf1e,19541,3,True,False,0,True,True
garbage_v2,/content/waste_datasets/garbage_v2/original/paper/paper_1063.jpg,paper,paper,True,512,384,RGB,faf309df70053e5bbae3f245fda3ed630a9afb81f105ee278d238d43221fc7d0,15034,3,True,False,0,True,True
garbage_v2,/content/waste_datasets/garbage_v2/original/metal/metal_518.jpg,metal,metal,True,512,384,RGB,fb1687c2e97f0fad07495f5ecd3d08b516f09661a00261dfc5e9080d241dd974,7384,3,True,False,0,True,True
garbage_v2,/content/waste_datasets/garbage_v2/original/paper/paper_799.jpg,paper,paper,True,512,384,RGB,fb34d9969f59f79b519f12e7fd509576aeaf1736552a6c86b2e614225e8b98ef,36374,3,True,False,0,True,True
garbage_v2,/content/waste_datasets/garbage_v2/original/paper/paper_713.jpg,paper,paper,True,512,384,RGB,fb4af369300166fabdb19b079a2c3062f4f80fa12852dfce3f04c1380743c4e5,12608,3,True,False,0,True,True
garbage_v2,/content/waste_datasets/garbage_v2/original/cardboard/cardboard_41.jpg,cardboard,cardboard,True,512,384,RGB,fb6c8d912b1d12f2e09cb5bd597c48f3df78e7033a14e1f8c087abc28b3e3ca0,17053,3,True,False,0,True,True
garbage_v2,/content/waste_datasets/garbage_v2/original/paper/paper_101.jpg,paper,paper,True,512,384,RGB,fbcddcd9bf74f740cd092efe455a01919ed0bc4ddc42792149d74d482ab0e918,12874,3,True,False,0,True,True
garbage_v2,/content/waste_datasets/garbage_v2/original/glass/glass_1111.jpg,glass,glass,True,512,384,RGB,fbd6c0c6bd04248a6cb09eec0786adf3dc4f29a824c60e3f71365ea0ffd763dd,14541,3,True,False,0,True,True
garbage_v2,/content/waste_datasets/garbage_v2/original/metal/metal_627.jpg,metal,metal,True,512,384,RGB,fc074ff347ce0eb23cf2532878c705a72f53e6bd946a8e0aa431f9a9b553ddd0,11461,3,True,False,0,True,True
garbage_v2,/content/waste_datasets/garbage_v2/original/paper/paper_556.jpg,paper,paper,True,512,384,RGB,fc2c6afef0dbdf818a4bd80028819e10bd16cf16831c762ef49a6bd64857edc4,36508,3,True,False,0,True,True
garbage_v2,/content/waste_datasets/garbage_v2/original/paper/paper_594.jpg,paper,paper,True,512,384,RGB,fc31668ab981babaf03d2f380744914d5651a83c0639fcfba0841b351c720a3c,12880,3,True,False,0,True,True
garbage_v2,/content/waste_datasets/garbage_v2/original/plastic/plastic_511.jpg,plastic,plastic,True,512,384,RGB,fc6ba4d98792b4f60d37402d561d882b57a95d6c6a3ecde3cb469043240e0fd8,14092,3,True,False,0,True,True
garbage_v2,/content/waste_datasets/garbage_v2/original/glass/glass_1404.jpg,glass,glass,True,512,384,RGB,fc8441e7380a41222f22a908a3f144957052e7bad43e6e40ad1ca6888b987c2f,15000,3,True,False,0,True,True
garbage_v2,/content/waste_datasets/garbage_v2/original/cardboard/cardboard_1240.jpg,cardboard,cardboard,True,512,384,RGB,fc9b771a9b4ae60823fde39497a4facd82926d13b51c0c851aeb6bd26bec2f14,18157,3,True,False,0,True,True
garbage_v2,/content/waste_datasets/garbage_v2/original/plastic/plastic_1088.jpg,plastic,plastic,True,512,384,RGB,fcf9e895001a17b7c76f70b6e9aa3e96628405f8aaa1c51fc7f318d305393aef,20951,3,True,False,0,True,True
garbage_v2,/content/waste_datasets/garbage_v2/original/plastic/plastic_448.jpg,plastic,plastic,True,512,384,RGB,fd01973669f1e821c8d5fb4403e11fbc50fed749a390e494638ddcea2d5a2eaa,18915,3,True,False,0,True,True
garbage_v2,/content/waste_datasets/garbage_v2/original/metal/metal_353.jpg,metal,metal,True,512,384,RGB,fd3a8e88041429279bcb1ed409d7bd8901017e2912274b94f1a591c584638db5,15984,3,True,False,0,True,True
garbage_v2,/content/waste_datasets/garbage_v2/original/glass/glass_123.jpg,glass,glass,True,512,384,RGB,fd3ec108ebf57f80b7e9239e401dca8cd40c8b7d6aa21bc38456d59a28745bb3,7508,3,True,False,0,True,True
garbage_v2,/content/waste_datasets/garbage_v2/original/metal/metal_612.jpg,metal,metal,True,512,384,RGB,fd8f76d8e26f61856dcdb9a5cdc0725951f5d360ccd80541a3c55bfffd3a9998,11530,3,True,False,0,True,True
garbage_v2,/content/waste_datasets/garbage_v2/original/plastic/plastic_484.jpg,plastic,plastic,True,512,384,RGB,fd9a37742993b172a194cd520203a6e684db8872facad1f8780da5f763b3ece3,13161,3,True,False,0,True,True
garbage_v2,/content/waste_datasets/garbage_v2/original/paper/paper_978.jpg,paper,paper,True,512,384,RGB,fdb9c001240014bb2b8ac5619e370bf0ff6334a7f7ea0305ad84c40c4ef406f4,29760,3,True,False,0,True,True
garbage_v2,/content/waste_datasets/garbage_v2/original/paper/paper_272.jpg,paper,paper,True,512,384,RGB,fdc84b251b53941070fca55f2a1d9344f3b84687f08fdcaf8b6262d1210740f7,14377,3,True,False,0,True,True
garbage_v2,/content/waste_datasets/garbage_v2/original/metal/metal_74.jpg,metal,metal,True,512,384,RGB,fdca4976b739e7cf49cac29a4cc8ce0e2f29550928f3cbd3f95bb7060b6af10b,10774,3,True,False,0,True,True
garbage_v2,/content/waste_datasets/garbage_v2/original/metal/metal_10.jpg,metal,metal,True,512,384,RGB,fe049594033f81b4464b63208b68f68c0cbb3b8dac8d0c059e771e8418a88393,17761,3,True,False,0,True,True
garbage_v2,/content/waste_datasets/garbage_v2/original/cardboard/cardboard_471.jpg,cardboard,cardboard,True,512,384,RGB,fe35730eb2ae0aa2006dfb74e6c6f46ebdae0190241e4ce14225d8d205816c9b,24572,3,True,False,0,True,True
garbage_v2,/content/waste_datasets/garbage_v2/original/plastic/plastic_1498.jpg,plastic,plastic,True,512,384,RGB,fe828481c8ff4561ba61690fb4dd6d9b9448a95814fc7099b3d50293a1933440,8014,3,True,False,0,True,True
garbage_v2,/content/waste_datasets/garbage_v2/original/glass/glass_729.jpg,glass,glass,True,512,384,RGB,fea83b583cbe76e266421301cfe8f482882eb8aed6022967a5938d2e515c202d,5604,3,True,False,0,True,True
garbage_v2,/content/waste_datasets/garbage_v2/original/glass/glass_1090.jpg,glass,glass,True,512,384,RGB,feb6ce284cc9eebed14648f907a7fdd0743ad6c36b89008de84d0409a74fffa2,18227,3,True,False,0,True,True
garbage_v2,/content/waste_datasets/garbage_v2/original/plastic/plastic_534.jpg,plastic,plastic,True,512,384,RGB,fef4ba5b6207bb0c31a53b9906e7fea2f4906a59c9bce90953f0d8ea1555a77b,15140,3,True,False,0,True,True
garbage_v2,/content/waste_datasets/garbage_v2/original/metal/metal_710.jpg,metal,metal,True,512,384,RGB,fef949be03c4d314c3ff645a4a0f1a25edc95e5a228ad2e2ea9e8c798878447c,14551,3,True,False,0,True,True
garbage_v2,/content/waste_datasets/garbage_v2/original/cardboard/cardboard_1112.jpg,cardboard,cardboard,True,512,384,RGB,ff000a600923c11b57616f7d963f81e169d1c165bd093dfe02107b15fd75238b,15224,3,True,False,0,True,True
garbage_v2,/content/waste_datasets/garbage_v2/original/paper/paper_111.jpg,paper,paper,True,512,384,RGB,ff2e03162720c158127f10e12c9a812e82a343abadf46c08b2da0ec3a3bd5988,23535,3,True,False,0,True,True
garbage_v2,/content/waste_datasets/garbage_v2/original/metal/metal_314.jpg,metal,metal,True,512,384,RGB,ff3491a1b204be3e76ad92bcf8158dd26e7b9b35b2e291528e651876ee5125f4,36821,3,True,False,0,True,True
garbage_v2,/content/waste_datasets/garbage_v2/original/paper/paper_287.jpg,paper,paper,True,512,384,RGB,ff8505d60892033473294569da6b0d6a215340c17fccb27bace9e3e3fbc26c13,22687,3,True,False,0,True,True
garbage_v2,/content/waste_datasets/garbage_v2/original/metal/metal_62.jpg,metal,metal,True,512,384,RGB,ff8a42e7cce6aba5867c9704fada633fe471af3d448a73a2903aaae00ffeaa2f,18365,3,True,False,0,True,True
garbage_v2,/content/waste_datasets/garbage_v2/original/metal/metal_388.jpg,metal,metal,True,512,384,RGB,ff96d022756043a5d1242f7b69f67e49ede5a5711ad5b2526f5015662a0fb007,10894,3,True,False,0,True,True
garbage_v2,/content/waste_datasets/garbage_v2/original/paper/paper_895.jpg,paper,paper,True,512,384,RGB,ffa7acc8e93dc44ef4965ece108bbe8639bad46dfc4089ec905e931582f9b93f,9853,3,True,False,0,True,True
garbage_v2,/content/waste_datasets/garbage_v2/original/cardboard/cardboard_981.jpg,cardboard,cardboard,True,512,384,RGB,ffa853cb7c8dc3fe1ef474084dbb5a275a132175096b3534090183d87569e9c9,24848,3,True,False,0,True,True
garbage_v2,/content/waste_datasets/garbage_v2/original/plastic/plastic_263.jpg,plastic,plastic,True,512,384,RGB,ffb16cf4378081e2786a7bde7969da45ebc7d14c98bea4ba2fea6af4974cf123,7905,3,True,False,0,True,True
garbage_v2,/content/waste_datasets/garbage_v2/original/cardboard/cardboard_1154.jpg,cardboard,cardboard,True,512,384,RGB,ffbdf7c4ccb857bc8eb6f1626a8c761b47d3471caea41f73f95637a6a1173685,18101,3,True,False,0,True,True
garbage_v2,/content/waste_datasets/garbage_v2/original/paper/paper_208.jpg,paper,paper,True,512,384,RGB,fffeb7a6d2d37225aee38ba0943b14b052529f3c4113c651913731b8eb80d52e,14348,3,True,False,0,True,True
household,/content/waste_datasets/household/garbage_classification/cardboard/cardboard150.jpg,cardboard,cardboard,True,512,384,RGB,00780d2f2abc38c3f1f3c2a89c017702e890c652cfa8c6b70597278bb80d5ae0,24106,3,True,False,0,True,True
household,/content/waste_datasets/household/garbage_classification/plastic/plastic363.jpg,plastic,plastic,True,512,384,RGB,00827843e2717008273bcc743c442864e5c9dcd150ac6158efd4952125ac1fb6,9588,3,True,False,0,True,True
household,/content/waste_datasets/household/garbage_classification/plastic/plastic177.jpg,plastic,plastic,True,512,384,RGB,008d570e2620f929bad28e8b1a5dfe5eb4abb861c02598f9f98349aae2289692,16795,3,True,False,0,True,True
household,/content/waste_datasets/household/garbage_classification/paper/paper599.jpg,paper,paper,True,512,384,RGB,0097b8f965f69b557da82846482508e27a2b7c12f56bd3bdaaa43f69ee5c22fb,12321,3,True,False,0,True,True
household,/content/waste_datasets/household/garbage_classification/paper/paper938.jpg,paper,paper,True,512,384,RGB,00c4d3ae3fb39a268af2e2ab7d567d64a6275a88ea04ea6e34e727570a3c541d,12438,3,True,False,0,True,True
household,/content/waste_datasets/household/garbage_classification/metal/metal30.jpg,metal,metal,True,512,384,RGB,00cb113efab64e877fe763e04113e4d6cd0f7448fad899bac05164614edf779a,17170,3,True,False,0,True,True
household,/content/waste_datasets/household/garbage_classification/white-glass/white-glass186.jpg,white-glass,glass,True,512,384,RGB,00cba166ae35f321e828c3a5bf23a3f626b027ffa14e43c11423994972f319a0,12421,3,True,False,0,True,True
household,/content/waste_datasets/household/garbage_classification/plastic/plastic263.jpg,plastic,plastic,True,512,384,RGB,00e0bbcc0a75007fb79cb8e2e96a48c3d32941ee9ae8918590f846261d5aaac1,12113,3,True,False,0,True,True
household,/content/waste_datasets/household/garbage_classification/cardboard/cardboard97.jpg,cardboard,cardboard,True,512,384,RGB,00e86b371fee7ff97b1709cf88e5ef4859ac4fd7463a9f15f2c67e7696be8029,34918,3,True,False,0,True,True
household,/content/waste_datasets/household/garbage_classification/plastic/plastic399.jpg,plastic,plastic,True,512,384,RGB,00fda87186fdaf0484e7e3e3c5a56a22556c6c12c1d042c65d19821cfa460bc2,10938,3,True,False,0,True,True
household,/content/waste_datasets/household/garbage_classification/paper/paper629.jpg,paper,paper,True,512,384,RGB,010398aaaa4a7510fe1437862435d88013bce4f386a2f891ca3cb8180ebdd50c,9499,3,True,False,0,True,True
household,/content/waste_datasets/household/garbage_classification/metal/metal182.jpg,metal,metal,True,512,384,RGB,010951f3951c2ec38c5ee138f620c5ee83bf032e36944959ad028ae8f80e5b2a,28231,3,True,False,0,True,True
household,/content/waste_datasets/household/garbage_classification/green-glass/green-glass150.jpg,green-glass,glass,True,512,384,RGB,0112afaa0a92911ec345fbf99723dad11d1b7005cb0d923b2526cb4cb33cc56c,14615,3,True,False,0,True,True
household,/content/waste_datasets/household/garbage_classification/brown-glass/brown-glass253.jpg,brown-glass,glass,True,512,384,RGB,012aa0ac30af6c1f186d7b8b89350b17daa7cebe05722c4e8dd781b9f992e4e2,11049,2,True,False,0,True,True
household,/content/waste_datasets/household/garbage_classification/paper/paper555.jpg,paper,paper,True,512,384,RGB,0154670a99ea33a7df713e3c1d46b3ddbaae489fe243844947b242e395041fe8,26990,3,True,False,0,True,True
household,/content/waste_datasets/household/garbage_classification/white-glass/white-glass759.jpg,white-glass,glass,True,512,384,RGB,01ab3f001cc739fff5eeb801be46140c80d43a4577384ff20a1acef9f446cf84,16389,3,True,False,0,True,True
household,/content/waste_datasets/household/garbage_classification/paper/paper1035.jpg,paper,paper,True,512,384,RGB,01de0e642d3da0ca996db66780a0de0494a68a4f9897fdd8747850bcbac51174,13436,3,True,False,0,True,True
household,/content/waste_datasets/household/garbage_classification/plastic/plastic428.jpg,plastic,plastic,True,512,384,RGB,01f8d026e7a6f1fc6bc47cf9ddb98e7c23d0cfb538a2f1822bf5287beceb6872,14394,3,True,False,0,True,True
household,/content/waste_datasets/household/garbage_classification/plastic/plastic285.jpg,plastic,plastic,True,512,384,RGB,023c1c633cd1d69cac64abb54d1d300f51fe2c208770db4732584e35382591c5,17885,3,True,False,0,True,True
household,/content/waste_datasets/household/garbage_classification/metal/metal349.jpg,metal,metal,True,512,384,RGB,0240d79e364cd38b6b0ae37f8fa09d5121a65e2ba21eb4229f9931346aa460c6,14179,3,True,False,0,True,True
household,/content/waste_datasets/household/garbage_classification/metal/metal350.jpg,metal,metal,True,512,384,RGB,0253bcb2f1b13887013ce924d61ff67f63a02b377ae6ee189541e4d18acde7ba,9812,3,True,False,0,True,True
household,/content/waste_datasets/household/garbage_classification/paper/paper1033.jpg,paper,paper,True,512,384,RGB,026ff2aaf51863144d94ac30c00a9ebad58cdb01335f58128474e1b3bc386ca7,10995,3,True,False,0,True,True
household,/content/waste_datasets/household/garbage_classification/white-glass/white-glass141.jpg,white-glass,glass,True,512,384,RGB,02a46a9c5478fbcd6c96d8d10229ac80ddf002dc839efe95be2d9eba97bacd0a,9288,3,True,False,0,True,True
household,/content/waste_datasets/household/garbage_classification/plastic/plastic91.jpg,plastic,plastic,True,512,384,RGB,02ac4f6ea8c3bb88022ae62c041f10aba417a89b9bff40882d5b906267b2132d,22219,3,True,False,0,True,True
household,/content/waste_datasets/household/garbage_classification/cardboard/cardboard10.jpg,cardboard,cardboard,True,512,384,RGB,02d2fd8bf5530e970dbef1107cee1a731c781a838d61174953a3d171963f5d94,21821,3,True,False,0,True,True
household,/content/waste_datasets/household/garbage_classification/metal/metal462.jpg,metal,metal,True,512,384,RGB,02ec8cb34c4e1121098fb1f5b050d94e72bf149165e2679134188001b5b4bc06,42526,3,True,False,0,True,True
household,/content/waste_datasets/household/garbage_classification/metal/metal178.jpg,metal,metal,True,512,384,RGB,030338f9dd3986a571552865e0fda1d91e13293fb370b1c0b110fc4043d03484,17148,3,True,False,0,True,True
household,/content/waste_datasets/household/garbage_classification/paper/paper472.jpg,paper,paper,True,512,384,RGB,031dd1191a2dbacb3366708667ea6ba4fe68d87619ba9366e36d7a68bc8f7e9b,11363,3,True,False,0,True,True
household,/content/waste_datasets/household/garbage_classification/plastic/plastic320.jpg,plastic,plastic,True,512,384,RGB,035d22330d0d075cc9f336a640224688346994d7f0f9e7512216aca90d1fc505,14088,3,True,False,0,True,True
household,/content/waste_datasets/household/garbage_classification/white-glass/white-glass188.jpg,white-glass,glass,True,512,384,RGB,0381217bb245aadb51014ebd8f8cd802013dc1ee9a3cfd263c5fa9563a346760,12894,3,True,False,0,True,True
household,/content/waste_datasets/household/garbage_classification/brown-glass/brown-glass134.jpg,brown-glass,glass,True,512,384,RGB,03dc0b4a954ae8b2a9044eb853ccb35c232b5d0bb7077c3cff09ddc1e813708d,9596,3,True,False,0,True,True
household,/content/waste_datasets/household/garbage_classification/metal/metal375.jpg,metal,metal,True,512,384,RGB,03df33467ca34568ab435414614bb91881b006510bfa7fcc5cb131f51990ec9c,13290,3,True,False,0,True,True
household,/content/waste_datasets/household/garbage_classification/white-glass/white-glass11.jpg,white-glass,glass,True,512,384,RGB,03fc1a7c0a8ae695a6718ef0ed67f2c702a551a220dc86546e7aefa56754a097,6789,3,True,False,0,True,True
household,/content/waste_datasets/household/garbage_classification/metal/metal203.jpg,metal,metal,True,512,384,RGB,0413e18095f291a9981eef27ef111f46bc08d420777b5866fc6293b36f80eed7,23563,3,True,False,0,True,True
household,/content/waste_datasets/household/garbage_classification/cardboard/cardboard235.jpg,cardboard,cardboard,True,512,384,RGB,0417170e5e24a3210f42957a6b7c058c5985b2e01c11a76384cf4ede41fc6580,21567,3,True,False,0,True,True
household,/content/waste_datasets/household/garbage_classification/paper/paper635.jpg,paper,paper,True,512,384,RGB,04290269968b9c9713d5c0fa1fb026529d365c90a2cf268089b048b8262470e6,33662,3,True,False,0,True,True
household,/content/waste_datasets/household/garbage_classification/plastic/plastic135.jpg,plastic,plastic,True,512,384,RGB,043b7646fdac3e6af282ae292b74a8cca39e8d5edc36b004046cf348689644da,10316,3,True,False,0,True,True
household,/content/waste_datasets/household/garbage_classification/white-glass/white-glass221.jpg,white-glass,glass,True,512,384,RGB,04450fe6aa64a795c4826aa5cf8f60143d9171049ffb07a97546b9aa1792867e,16524,2,True,False,0,True,True
household,/content/waste_datasets/household/garbage_classification/plastic/plastic345.jpg,plastic,plastic,True,512,384,RGB,04765f074dd08bdae1387eac7aad0ea5b047071a2a4ee4ca494b4f868471029e,22897,2,True,False,0,True,True
household,/content/waste_datasets/household/garbage_classification/paper/paper527.jpg,paper,paper,True,512,384,RGB,0490e06c49cc09e801b5a3b988c0e4cae3a277e0c0dcf1532dd2481ec12f541c,13620,3,True,False,0,True,True
household,/content/waste_datasets/household/garbage_classification/plastic/plastic256.jpg,plastic,plastic,True,512,384,RGB,049e0cca6b8514626cb43768ed556f745589a26b0ab91b9e69d648aa00324495,16318,3,True,False,0,True,True
household,/content/waste_datasets/household/garbage_classification/paper/paper48.jpg,paper,paper,True,512,384,RGB,04ae1ef1fa24fe00ce75eb46612e3858b38992218613a17e1fdb42072ffd227d,27076,2,True,False,0,True,True
household,/content/waste_datasets/household/garbage_classification/cardboard/cardboard266.jpg,cardboard,cardboard,True,512,384,RGB,0508c9888988e9c335d2ed849c10f4206e73bef9c2603b5fca4c73cb8d956eb4,22339,3,True,False,0,True,True
household,/content/waste_datasets/household/garbage_classification/white-glass/white-glass368.jpg,white-glass,glass,True,512,384,RGB,0519ad30f76d691d2e55d6b920aeb5726da99cb839b5a44d1452a5178e109444,18981,2,True,False,0,True,True
household,/content/waste_datasets/household/garbage_classification/metal/metal309.jpg,metal,metal,True,512,384,RGB,05293a24ebfa31caa438ba522996f715de17ba84a8618e0a3db7d17cbcc14eaa,16000,3,True,False,0,True,True
household,/content/waste_datasets/household/garbage_classification/plastic/plastic230.jpg,plastic,plastic,True,512,384,RGB,054a9303cef789e03f84b8ec018cece84beb906a64c6aaba75c15e1c4d4d1027,9538,3,True,False,0,True,True
household,/content/waste_datasets/household/garbage_classification/metal/metal437.jpg,metal,metal,True,512,384,RGB,05712498b243211d0e0e6292cbb8ed6c2df586212ab5009bb470b87c5f362bec,26838,3,True,False,0,True,True
household,/content/waste_datasets/household/garbage_classification/paper/paper489.jpg,paper,paper,True,512,384,RGB,057644efe18833281f00eb77a07ad4024d626d1c6f3bc2130b97868def2e6408,14096,3,True,False,0,True,True
household,/content/waste_datasets/household/garbage_classification/brown-glass/brown-glass260.jpg,brown-glass,glass,True,512,384,RGB,05b945d5d004b3c64416a2b92727d8b493f87b63732e03fb5180376d34600c70,10388,3,True,False,0,True,True
household,/content/waste_datasets/household/garbage_classification/plastic/plastic706.jpg,plastic,plastic,True,512,384,RGB,05da256767172a2eb0619d0014d6763bb4cbb92b75e3fd328c5db86f6f80f6bc,10109,3,True,False,0,True,True
household,/content/waste_datasets/household/garbage_classification/paper/paper766.jpg,paper,paper,True,512,384,RGB,060686c8212b009e41d21712e8d132d4e5a0a0eacf07bee5d81095c63f384164,10869,3,True,False,0,True,True
household,/content/waste_datasets/household/garbage_classification/paper/paper479.jpg,paper,paper,True,512,384,RGB,0611db0e706c308fb625bb6c83494421f71d00c224956430cb258017d3fd286e,45507,3,True,False,0,True,True
household,/content/waste_datasets/household/garbage_classification/plastic/plastic408.jpg,plastic,plastic,True,512,384,RGB,06210ee684574356308ab6a75b5c7cdedc9959a0b1033b968d98d1dee7fb5b90,19339,3,True,False,0,True,True
household,/content/waste_datasets/household/garbage_classification/brown-glass/brown-glass175.jpg,brown-glass,glass,True,512,384,RGB,0645108795eb95f8206e17995470fbe0ff6d76f7bd352db55770dc49718eb4e6,9989,3,True,False,0,True,True
household,/content/waste_datasets/household/garbage_classification/metal/metal207.jpg,metal,metal,True,512,384,RGB,0647d5376a54912ffb1ad2a53a18139a3d78d5901f34f9e372dab207f6dc7c3c,32406,3,True,False,0,True,True
household,/content/waste_datasets/household/garbage_classification/plastic/plastic418.jpg,plastic,plastic,True,512,384,RGB,067d32a5afde16199cbe295b57d04bde2495c5f5f54c1053982d9ee706733af1,8235,3,True,False,0,True,True
household,/content/waste_datasets/household/garbage_classification/metal/metal67.jpg,metal,metal,True,512,384,RGB,06a375005afe2eaa148c3151b5887374b35724bd7f0998027602c111a468565c,23265,3,True,False,0,True,True
household,/content/waste_datasets/household/garbage_classification/paper/paper1003.jpg,paper,paper,True,512,384,RGB,06a3fd636f031d89e3fb4420c4642c335a68cb22e2b40a6e9264e46520e2e6ab,25851,3,True,False,0,True,True
household,/content/waste_datasets/household/garbage_classification/white-glass/white-glass177.jpg,white-glass,glass,True,512,384,RGB,06ac9e96b53cdb3cbc59e519a989e082f0093a7b03c3f9accda3eb0946d29300,18893,2,True,False,0,True,True
household,/content/waste_datasets/household/garbage_classification/metal/metal210.jpg,metal,metal,True,512,384,RGB,06c1dd04695d400b37ba96e1fb2455b6bd8dbb6e7f0cb5b9b6cc0ffc4b6eb32b,17456,3,True,False,0,True,True
household,/content/waste_datasets/household/garbage_classification/cardboard/cardboard204.jpg,cardboard,cardboard,True,512,384,RGB,06ed07ee05770c9b54c0bb775e50183a898985c514ec191ad00432c0bae46583,22991,3,True,False,0,True,True
household,/content/waste_datasets/household/garbage_classification/plastic/plastic318.jpg,plastic,plastic,True,512,384,RGB,06f511f3f263c68b88df3da413392322c6615510bcc0844abf7e47fb822e94a5,13137,3,True,False,0,True,True
household,/content/waste_datasets/household/garbage_classification/cardboard/cardboard312.jpg,cardboard,cardboard,True,512,384,RGB,06fdb00605265afacb58e4a5d28ee093f209acb79b9703354cbcbc4a17059e91,10534,2,True,False,0,True,True
household,/content/waste_datasets/household/garbage_classification/metal/metal39.jpg,metal,metal,True,512,384,RGB,077c55b3fedbef7bed89a822a33b6543cc7724b6160928d58d8bfc8354c4cba6,9528,3,True,False,0,True,True
household,/content/waste_datasets/household/garbage_classification/metal/metal447.jpg,metal,metal,True,512,384,RGB,07d65036157aa88ae26a72341a2f6a2af41af43729bca6f3d88b994e6d66c693,12657,3,True,False,0,True,True
household,/content/waste_datasets/household/garbage_classification/cardboard/cardboard331.jpg,cardboard,cardboard,True,512,384,RGB,082481ed884286c4380d107d5c20ec264ad27808210a960f2d7fe1acbfaeb2ca,19565,3,True,False,0,True,True
household,/content/waste_datasets/household/garbage_classification/brown-glass/brown-glass132.jpg,brown-glass,glass,True,512,384,RGB,084511aff76ddb2668538ed7a25fe803d53e625cd3734f5a5656e00a76fb7a92,8296,3,True,False,0,True,True
household,/content/waste_datasets/household/garbage_classification/cardboard/cardboard69.jpg,cardboard,cardboard,True,512,384,RGB,085d315f8e07cc02331078e9eec61642a2b69101b20e234ceb69e2e6535680cf,27373,3,True,False,0,True,True
household,/content/waste_datasets/household/garbage_classification/paper/paper661.jpg,paper,paper,True,512,384,RGB,0877a4c8265392dbf72773bab97107db33249a7add9b12df7d3568f51d8eca4a,12076,3,True,False,0,True,True
household,/content/waste_datasets/household/garbage_classification/cardboard/cardboard627.jpg,cardboard,cardboard,True,512,384,RGB,087c11b5a5003eaabded9748b1ee459baaed56492c02cd1bcdf17587aac01233,16325,3,True,False,0,True,True
household,/content/waste_datasets/household/garbage_classification/cardboard/cardboard5.jpg,cardboard,cardboard,True,512,384,RGB,088abe8da4601c733f63ab5ac545693835a927ae20a66c49e6906ac7ff157bd2,28797,3,True,False,0,True,True
household,/content/waste_datasets/household/garbage_classification/paper/paper637.jpg,paper,paper,True,512,384,RGB,08d34a8e2c1c957356bac99fe209d888a26de1567219a05c709f9bad4622d902,20903,3,True,False,0,True,True
household,/content/waste_datasets/household/garbage_classification/paper/paper679.jpg,paper,paper,True,512,384,RGB,08d8d85108c138824c66df05dce02dde50342d846881f4de81f4a64c8acd3391,14859,3,True,False,0,True,True
household,/content/waste_datasets/household/garbage_classification/brown-glass/brown-glass180.jpg,brown-glass,glass,True,512,384,RGB,090284c9439f7721302127d75180f285d148ead5f923a3b0ca020260bacf18fa,8295,3,True,False,0,True,True
household,/content/waste_datasets/household/garbage_classification/metal/metal414.jpg,metal,metal,True,512,384,RGB,093bb7624598febe1376792108f31ea7039798e4e6e248148817a9999ef39bc1,27598,3,True,False,0,True,True
household,/content/waste_datasets/household/garbage_classification/plastic/plastic283.jpg,plastic,plastic,True,512,384,RGB,094c6c3a65cbea6b2a26f25e763b073b57a90786a13eeb010b5d139426a90a5f,12293,3,True,False,0,True,True
household,/content/waste_datasets/household/garbage_classification/paper/paper513.jpg,paper,paper,True,512,384,RGB,0970cd522f3edfd684615e01241735c3e6feb4f81d7088bdc4b174e199819666,13601,3,True,False,0,True,True
household,/content/waste_datasets/household/garbage_classification/plastic/plastic113.jpg,plastic,plastic,True,512,384,RGB,09a6d4927b5d8d3c819db94ab60cc96a484abd731c2c08f323033a80430e3467,16322,3,True,False,0,True,True
household,/content/waste_datasets/household/garbage_classification/brown-glass/brown-glass297.jpg,brown-glass,glass,True,512,384,RGB,09c42f13f1174b8a13f64af3d6fe4589a14b8a2b4124819bead0f3fbfc467d1e,9089,3,True,False,0,True,True
household,/content/waste_datasets/household/garbage_classification/paper/paper872.jpg,paper,paper,True,512,384,RGB,09c9a789456404445c500cd5e50903e020456e25ffdf9aa5caa638440347cc5d,21259,3,True,False,0,True,True
household,/content/waste_datasets/household/garbage_classification/paper/paper857.jpg,paper,paper,True,512,384,RGB,09e48f6be6e26e151c8fe44499a14c46d23e80d92a2478d990b14ff8d1be5fad,9936,3,True,False,0,True,True
household,/content/waste_datasets/household/garbage_classification/plastic/plastic377.jpg,plastic,plastic,True,512,384,RGB,09e75e68f5b4514645b59e090f13b430d448b9ba03ea05a648a0ed83be35d4ec,20022,3,True,False,0,True,True
household,/content/waste_datasets/household/garbage_classification/paper/paper975.jpg,paper,paper,True,512,384,RGB,09e7eccd73b0f56d3daa6656d3a1388e92b9b25aff046816caba9c7d05b244d4,13018,3,True,False,0,True,True
household,/content/waste_datasets/household/garbage_classification/cardboard/cardboard258.jpg,cardboard,cardboard,True,512,384,RGB,09ef119ac332f41df67786cd6a579806abbe9cb55591f0dd817c986dc6a306af,21906,3,True,False,0,True,True
household,/content/waste_datasets/household/garbage_classification/metal/metal133.jpg,metal,metal,True,512,384,RGB,0a0206ae58033eba8cd830128181304756920c01ec3c7e599cad6ec9d71ef70b,16097,3,True,False,0,True,True
household,/content/waste_datasets/household/garbage_classification/cardboard/cardboard228.jpg,cardboard,cardboard,True,512,384,RGB,0a2811895c18884b47751b2c019fa4e4c4786d9e85ab39d64148527df00648ed,19251,3,True,False,0,True,True
household,/content/waste_datasets/household/garbage_classification/plastic/plastic351.jpg,plastic,plastic,True,512,384,RGB,0a2a53f134050e58c85c7d6899103ec006d8caa7a33d3d2dc3aef44e955b179d,13828,2,True,False,0,True,True
household,/content/waste_datasets/household/garbage_classification/plastic/plastic207.jpg,plastic,plastic,True,512,384,RGB,0a31fee31053146410b99eb9734305556d5cc7b83c0c3c88931353d3753ba4ff,23171,3,True,False,0,True,True
household,/content/waste_datasets/household/garbage_classification/plastic/plastic128.jpg,plastic,plastic,True,512,384,RGB,0a443cac418bc3985c61276257e424f64b630492a54dcdb79658199339143c7c,12701,3,True,False,0,True,True
household,/content/waste_datasets/household/garbage_classification/plastic/plastic404.jpg,plastic,plastic,True,512,384,RGB,0a5f58a0cf30bc2e81f6b5b9305db468ff5ab6feb7537a6877bc5a5e9d4f28a2,12507,3,True,False,0,True,True
household,/content/waste_datasets/household/garbage_classification/paper/paper933.jpg,paper,paper,True,512,384,RGB,0a79fde1ce7784eaffff4d5902eb37de1a0f9b7500bb3ce3c1b7c5a97cb8f46d,42996,3,True,False,0,True,True
household,/content/waste_datasets/household/garbage_classification/metal/metal143.jpg,metal,metal,True,512,384,RGB,0a85c75cdd7a30aafbb140bd84ced4847380370e5a901b7e4935e3cd7328e9cc,10752,3,True,False,0,True,True
household,/content/waste_datasets/household/garbage_classification/metal/metal48.jpg,metal,metal,True,512,384,RGB,0a87299066ebc0b2188ceb3b7191bacef452188b6aaaf17aeb6c44227a0001d1,14051,3,True,False,0,True,True
household,/content/waste_datasets/household/garbage_classification/cardboard/cardboard245.jpg,cardboard,cardboard,True,512,384,RGB,0a96edefa1adab48bcad66f206d7785629a5c08c1d16e957e4cb33971ac3b236,13985,2,True,False,0,True,True
household,/content/waste_datasets/household/garbage_classification/cardboard/cardboard269.jpg,cardboard,cardboard,True,512,384,RGB,0aaf69cb9229ac6d01d5e9d12c2e64018beb1fa0906c98b07004b4ebbaf748c3,11422,3,True,False,0,True,True
household,/content/waste_datasets/household/garbage_classification/cardboard/cardboard272.jpg,cardboard,cardboard,True,512,384,RGB,0adfed199fc150b2e773ac4953de42be1a5e13d4bd1fa9ac0611ea829a3d3a83,22101,3,True,False,0,True,True
household,/content/waste_datasets/household/garbage_classification/green-glass/green-glass74.jpg,green-glass,glass,True,512,384,RGB,0ae973374777878d2f29b4ae38a5f70b901573e8aa4d17b2ac2f9340eb781804,12238,3,True,False,0,True,True
household,/content/waste_datasets/household/garbage_classification/cardboard/cardboard88.jpg,cardboard,cardboard,True,512,384,RGB,0b10a1d8d6c09965c27c30e4f76422f8b76318acf08a02ef93b54d9616308280,21786,3,True,False,0,True,True
household,/content/waste_datasets/household/garbage_classification/white-glass/white-glass27.jpg,white-glass,glass,True,512,384,RGB,0b1f41875318dd10c74038efcc46c9457b4a3dcb5616fc54394a9b6e58d32291,20523,2,True,False,0,True,True
household,/content/waste_datasets/household/garbage_classification/white-glass/white-glass75.jpg,white-glass,glass,True,512,384,RGB,0b3aad79e2f0cd38d038386947500132cbc9693b34576ecfc9f2c0e33d90125c,8647,3,True,False,0,True,True
household,/content/waste_datasets/household/garbage_classification/plastic/plastic175.jpg,plastic,plastic,True,512,384,RGB,0b529f3d5ce73e58b4168a271e5e29bb66ade9eb0ddd9616b55ed7e3068a9104,16812,3,True,False,0,True,True
household,/content/waste_datasets/household/garbage_classification/plastic/plastic344.jpg,plastic,plastic,True,512,384,RGB,0bac49f6aa2001bde9dce18c6fdbed4eb5762f89202a5745ad2223c638ebd30a,12316,2,True,False,0,True,True
household,/content/waste_datasets/household/garbage_classification/paper/paper893.jpg,paper,paper,True,512,384,RGB,0bda48fe1972ebbcf982f8934f9f171df7c6109772be028f8605ad06ecd529c5,30584,3,True,False,0,True,True
household,/content/waste_datasets/household/garbage_classification/plastic/plastic30.jpg,plastic,plastic,True,512,384,RGB,0bf1327c0f1a2d08994b88c56e332f4f36c3b8dac07c59c8965e85c7e9741a30,12285,3,True,False,0,True,True
household,/content/waste_datasets/household/garbage_classification/cardboard/cardboard322.jpg,cardboard,cardboard,True,512,384,RGB,0c0f13539196d62fd91ddf05ace7a2d4d980dbc3800cb532e97f9e75362f3f8b,10110,3,True,False,0,True,True
household,/content/waste_datasets/household/garbage_classification/cardboard/cardboard221.jpg,cardboard,cardboard,True,512,384,RGB,0c2f1933daca344522a87b444d5cac5ef2bed44da2c1d5276e21432aa2c7eae7,20847,3,True,False,0,True,True
household,/content/waste_datasets/household/garbage_classification/cardboard/cardboard140.jpg,cardboard,cardboard,True,512,384,RGB,0c2f6c0edcbe5048e00e8cf3544c7d88da44ba424ef3ee6cf0124abef83ce311,20220,3,True,False,0,True,True
household,/content/waste_datasets/household/garbage_classification/paper/paper714.jpg,paper,paper,True,512,384,RGB,0c31ace71078d7fd3f7b527b20e8785e8eee71089956ef01deda3849119cfe2f,33586,3,True,False,0,True,True
household,/content/waste_datasets/household/garbage_classification/metal/metal58.jpg,metal,metal,True,512,384,RGB,0c3984b1ae67a32430a3628a0e11bf2c6e95687649badaedaf6b0f64b8882a34,14032,3,True,False,0,True,True
household,/content/waste_datasets/household/garbage_classification/paper/paper471.jpg,paper,paper,True,512,384,RGB,0c64f8aa4b5edbed72fd5f0683dcd3285df7300b973ae2b5013b4eabedc8f7d0,17627,3,True,False,0,True,True
household,/content/waste_datasets/household/garbage_classification/green-glass/green-glass147.jpg,green-glass,glass,True,512,384,RGB,0c7cefb069557730f9db56d0d4ee585a0dbc675721f0eea74e523466d6950136,13921,3,True,False,0,True,True
household,/content/waste_datasets/household/garbage_classification/metal/metal227.jpg,metal,metal,True,512,384,RGB,0ca9f3bbece958bc3b601a84ba4c89cd09513172f1047a602fa0712ec66b7452,8748,3,True,False,0,True,True
household,/content/waste_datasets/household/garbage_classification/metal/metal406.jpg,metal,metal,True,512,384,RGB,0cbb9f87d347d1be4ecebb5988a8a450bd844cafafd79958f07fc933b28952e6,16657,3,True,False,0,True,True
household,/content/waste_datasets/household/garbage_classification/green-glass/green-glass204.jpg,green-glass,glass,True,512,384,RGB,0cc5dfca0ae745d898ef5b6b9cc68c1f82e19f51fc35d6db997afabd0a26dec4,15693,3,True,False,0,True,True
household,/content/waste_datasets/household/garbage_classification/metal/metal465.jpg,metal,metal,True,512,384,RGB,0d0b1ce11bfc48bc657944a59ac091295f76850647837293666d1413525bb999,21345,3,True,False,0,True,True
household,/content/waste_datasets/household/garbage_classification/plastic/plastic216.jpg,plastic,plastic,True,512,384,RGB,0d1045d59f049c16a905ecdb1f2e35dccf3c631313c6ade6301b211fcd064191,15379,3,True,False,0,True,True
household,/content/waste_datasets/household/garbage_classification/cardboard/cardboard26.jpg,cardboard,cardboard,True,512,384,RGB,0d19e7e6ef97e06bae787b9283eaa8f08df88b9b653e5be0e9ff75720d0239fb,13820,3,True,False,0,True,True
household,/content/waste_datasets/household/garbage_classification/metal/metal407.jpg,metal,metal,True,512,384,RGB,0d7a4d93a05909296f09b8e7717252bf51dd2630ac120418155f590beb005e93,22325,3,True,False,0,True,True
household,/content/waste_datasets/household/garbage_classification/paper/paper978.jpg,paper,paper,True,512,384,RGB,0d8032903e348d8797d74caa956af7613e3adf78d98eb7d44f5de41324122187,29400,3,True,False,0,True,True
household,/content/waste_datasets/household/garbage_classification/cardboard/cardboard144.jpg,cardboard,cardboard,True,512,384,RGB,0d8e4333a63dd90e6312acb99840d7ea42c0ae632b9cc269703235a6afcd445f,19048,3,True,False,0,True,True
household,/content/waste_datasets/household/garbage_classification/paper/paper680.jpg,paper,paper,True,512,384,RGB,0de99ccf58fd88570e851dcef50c2599a84b63890fe66c40506e429dcc73781f,33488,3,True,False,0,True,True
household,/content/waste_datasets/household/garbage_classification/paper/paper1047.jpg,paper,paper,True,512,384,RGB,0e1fe4cbdbe701ceabdc1edebd372231c473d32037e93f9f034c7d3f4f5f2c7d,12571,3,True,False,0,True,True
household,/content/waste_datasets/household/garbage_classification/paper/paper518.jpg,paper,paper,True,512,384,RGB,0e358d72119e9683595d119f511d65212e0bff253196494c48d31a297cdf976f,30109,3,True,False,0,True,True
household,/content/waste_datasets/household/garbage_classification/metal/metal424.jpg,metal,metal,True,512,384,RGB,0e4e8e413f4b1d56a22dafd8cc1487c4193933aff1984a2a97f741271bfd0c5c,14100,3,True,False,0,True,True
household,/content/waste_datasets/household/garbage_classification/plastic/plastic268.jpg,plastic,plastic,True,512,384,RGB,0e5498eeb7c54c88280aacb7e375089fba40be8473c73127fc592fc6e763db5e,11013,3,True,False,0,True,True
household,/content/waste_datasets/household/garbage_classification/white-glass/white-glass202.jpg,white-glass,glass,True,512,384,RGB,0e561c15c18303512b8baad98b5e5b7920b44cc23ae0d7cb6565d7c5aa5022ef,16694,3,True,False,0,True,True
household,/content/waste_datasets/household/garbage_classification/cardboard/cardboard178.jpg,cardboard,cardboard,True,512,384,RGB,0e59c74d7c807699786867d35ca45e7b68e1bb7743dba994de8e55d9ff997cf3,29829,3,True,False,0,True,True
household,/content/waste_datasets/household/garbage_classification/plastic/plastic151.jpg,plastic,plastic,True,512,384,RGB,0e9dc24bca2711e36948b1f1192007c7331f3502544d561d7e8123c05034e8b6,7585,3,True,False,0,True,True
household,/content/waste_datasets/household/garbage_classification/plastic/plastic412.jpg,plastic,plastic,True,512,384,RGB,0eaf0d06661b144a9c06dfd259403eabd5b2f10e1fd31d51dc658b69e93a6068,7857,3,True,False,0,True,True
household,/content/waste_datasets/household/garbage_classification/white-glass/white-glass115.jpg,white-glass,glass,True,512,384,RGB,0ee7095b9a08e846175af981ca30cbd3d56d28fa7147eb48109ba5659b699a46,13015,3,True,False,0,True,True
household,/content/waste_datasets/household/garbage_classification/paper/paper478.jpg,paper,paper,True,512,384,RGB,0eed8d0b7441939e509e4e056569c75e0b316d5f90bcbd76e3dfc68ef7dc329f,10182,3,True,False,0,True,True
household,/content/waste_datasets/household/garbage_classification/paper/paper47.jpg,paper,paper,True,512,384,RGB,0f50acbfb49029b1b650b57ea8a7d8564ec544d9c9f5d541892f9f04d217070e,27828,3,True,False,0,True,True
household,/content/waste_datasets/household/garbage_classification/cardboard/cardboard12.jpg,cardboard,cardboard,True,512,384,RGB,0fabbacd1a327ee0220db83ada47c24b77645a6bee64aa5969b8e2ad9dee98f5,14730,3,True,False,0,True,True
household,/content/waste_datasets/household/garbage_classification/cardboard/cardboard123.jpg,cardboard,cardboard,True,512,384,RGB,0fb29fab42bce798a7d4731ba232acfc60f96096c5beb59160714ee1ab8e7c0d,12652,3,True,False,0,True,True
household,/content/waste_datasets/household/garbage_classification/metal/metal397.jpg,metal,metal,True,512,384,RGB,0fbba5809d8eeaf7ab980ce7acc5941b01c530d09ee62a778f53735320a4a664,11746,2,True,False,0,True,True
household,/content/waste_datasets/household/garbage_classification/metal/metal403.jpg,metal,metal,True,512,384,RGB,0fd71c2e973de5faf29906659e41c111a8cb023f6dade971af1a2fc972ba0004,40890,3,True,False,0,True,True
household,/content/waste_datasets/household/garbage_classification/plastic/plastic92.jpg,plastic,plastic,True,512,384,RGB,0fd8314480e6b635f86ca6d27360b5bf5eb7a1a211b7216bfc5271164baf1801,18009,3,True,False,0,True,True
household,/content/waste_datasets/household/garbage_classification/paper/paper586.jpg,paper,paper,True,512,384,RGB,0ffb51316baae31451594d9a305fe3ebc4f0ead80e790451ca476363c223528c,29498,3,True,False,0,True,True
household,/content/waste_datasets/household/garbage_classification/paper/paper543.jpg,paper,paper,True,512,384,RGB,0ffc10afaa6661b7ce9373bcdf1a1ec0de0f5415f6da4e441ff4f15dbd9e9429,12669,3,True,False,0,True,True
household,/content/waste_datasets/household/garbage_classification/green-glass/green-glass202.jpg,green-glass,glass,True,512,384,RGB,10490c2ee9d22a38bcb20dac6987c562c537b3b35cb4e0c74ed7ff1d229fb5fd,14141,3,True,False,0,True,True
household,/content/waste_datasets/household/garbage_classification/paper/paper757.jpg,paper,paper,True,512,384,RGB,106f0183419c48fb9812cffed986f8acdcbd46e30f1074479b11f36af44775e0,9632,3,True,False,0,True,True
household,/content/waste_datasets/household/garbage_classification/plastic/plastic410.jpg,plastic,plastic,True,512,384,RGB,1078b4398ee115a73d3ab007959c970e3230ca232d840e2d00d4f6038949d6fe,18653,3,True,False,0,True,True
household,/content/waste_datasets/household/garbage_classification/metal/metal262.jpg,metal,metal,True,512,384,RGB,10a3fc85213fd07e55170ad101ec266cab908c3fcee492114a29abb944943270,21224,3,True,False,0,True,True
household,/content/waste_datasets/household/garbage_classification/metal/metal274.jpg,metal,metal,True,512,384,RGB,10bff8c5d8e0dc1bdd5785f57de5e4a0b69913813781b10cf5ecf09b42bbe6b9,25717,3,True,False,0,True,True
household,/content/waste_datasets/household/garbage_classification/cardboard/cardboard452.jpg,cardboard,cardboard,True,512,384,RGB,10ceb0bffebd2fa284a0bd4000dfb9a0ee68af5412279cedcb414300be18161a,13601,3,True,False,0,True,True
household,/content/waste_datasets/household/garbage_classification/brown-glass/brown-glass208.jpg,brown-glass,glass,True,512,384,RGB,10e792bc96429a72d468bed74d16b2d96dddc62d58fd1a004e33bd0c25e9d795,10163,3,True,False,0,True,True
household,/content/waste_datasets/household/garbage_classification/metal/metal385.jpg,metal,metal,True,512,384,RGB,1133b997083dcc2d802b01f5b2a8926c3d1e591e25f316be3530039fb5190348,18373,3,True,False,0,True,True
household,/content/waste_datasets/household/garbage_classification/paper/paper931.jpg,paper,paper,True,512,384,RGB,11a101697e8208d6e2aefcb95ce575b51cba2c109c054eee5638c52f6e3a66d8,16505,3,True,False,0,True,True
household,/content/waste_datasets/household/garbage_classification/paper/paper821.jpg,paper,paper,True,512,384,RGB,11b00c996d8dbb01f72f7463d4a9f3bc1b0f73398480cf9145d9faf6ed7dee25,33760,3,True,False,0,True,True
household,/content/waste_datasets/household/garbage_classification/white-glass/white-glass183.jpg,white-glass,glass,True,512,384,RGB,11cb062afa3db500529c6d040c119597825aaffed8bb5122c74aabbd36dcadf4,7967,3,True,False,0,True,True
household,/content/waste_datasets/household/garbage_classification/white-glass/white-glass771.jpg,white-glass,glass,True,512,384,RGB,11d2459e02f00f7dddad98494065c8268f184c81ec84666e8529945cb67afd2f,8735,3,True,False,0,True,True
household,/content/waste_datasets/household/garbage_classification/paper/paper554.jpg,paper,paper,True,512,384,RGB,120c752ed14a6666ade37725af9e32fb854dfe96f692f007bb8df43edbaf1b85,49264,3,True,False,0,True,True
household,/content/waste_datasets/household/garbage_classification/cardboard/cardboard8.jpg,cardboard,cardboard,True,512,384,RGB,121f732624ef127b41164313832909f2fb582583f035112c8232bc421e29a5b0,18642,3,True,False,0,True,True
household,/content/waste_datasets/household/garbage_classification/paper/paper53.jpg,paper,paper,True,512,384,RGB,12407e13f6331b69927bbf9dfae1e08a6d0c7117fb0712d896f47269ef86730c,22823,3,True,False,0,True,True
household,/content/waste_datasets/household/garbage_classification/white-glass/white-glass180.jpg,white-glass,glass,True,512,384,RGB,125ea008cda28ac07de88f2e38ef261dd1bddf1772b7590eee68f02a69601595,11827,3,True,False,0,True,True
household,/content/waste_datasets/household/garbage_classification/metal/metal138.jpg,metal,metal,True,512,384,RGB,12faaf4bf45f86a12f004e8518748b0abc1a6ff6b090aaac80e2a2dde32c2c16,22124,3,True,False,0,True,True
household,/content/waste_datasets/household/garbage_classification/brown-glass/brown-glass248.jpg,brown-glass,glass,True,512,384,RGB,130b7cc1e6167abff8ee9989341858b5a9362a13b1de8e512975394833469b09,8560,3,True,False,0,True,True
household,/content/waste_datasets/household/garbage_classification/cardboard/cardboard223.jpg,cardboard,cardboard,True,512,384,RGB,13277fa7ae788f6f342a7d41ada36d4adcd20c58e504f2302b619f3b79087b92,14884,3,True,False,0,True,True
household,/content/waste_datasets/household/garbage_classification/paper/paper888.jpg,paper,paper,True,512,384,RGB,1334821287382e98480ed9ac66becaa31cc8046b01806abaa9e37e3673ad2f40,13881,3,True,False,0,True,True
household,/content/waste_datasets/household/garbage_classification/cardboard/cardboard252.jpg,cardboard,cardboard,True,512,384,RGB,1378754e2ca5c4a0b7db35f370dcc2e5a10ed5e0480b6f6f9b0ac8c788641e87,25746,3,True,False,0,True,True
household,/content/waste_datasets/household/garbage_classification/metal/metal248.jpg,metal,metal,True,512,384,RGB,13aa829cf9765a02f5a1f3d882b6040545e93b79cca6bd9aa840725c2587c839,17243,3,True,False,0,True,True
household,/content/waste_datasets/household/garbage_classification/green-glass/green-glass30.jpg,green-glass,glass,True,512,384,RGB,147fb6fb09720eeb49f382ff03d691eb5899530a6fc51bf99de1741c1c059422,10294,2,True,False,0,True,True
household,/content/waste_datasets/household/garbage_classification/white-glass/white-glass207.jpg,white-glass,glass,True,512,384,RGB,148241b10a89ba47d73e54e19de0bcd19e3504e70ee6504580fd431b164e14c9,11415,2,True,False,0,True,True
household,/content/waste_datasets/household/garbage_classification/brown-glass/brown-glass261.jpg,brown-glass,glass,True,512,384,RGB,14882250d08eb7d7e509275d44e326b5db190634c97221b3e8d93e3030c6e22c,12471,3,True,False,0,True,True
household,/content/waste_datasets/household/garbage_classification/white-glass/white-glass58.jpg,white-glass,glass,True,512,384,RGB,14ad5395a54cf1a0376e7bcc8d40f6abc6066e921606226597b6139ca5664793,33806,3,True,False,0,True,True
household,/content/waste_datasets/household/garbage_classification/metal/metal31.jpg,metal,metal,True,512,384,RGB,14b1e55361254bf0f699f918a33ef03b92a6ab54dd5637520652652746056c9b,17830,3,True,False,0,True,True
household,/content/waste_datasets/household/garbage_classification/paper/paper828.jpg,paper,paper,True,512,384,RGB,14b420ee53548bf7cf8b43990916202a6e125df8de67d33d55fe4c2e230a946a,25479,3,True,False,0,True,True
household,/content/waste_datasets/household/garbage_classification/paper/paper578.jpg,paper,paper,True,512,384,RGB,14b7f37bbbf8db4370e18c90ac0f57bda7d7d31e263fe086353bbae93836c499,10054,3,True,False,0,True,True
household,/content/waste_datasets/household/garbage_classification/paper/paper640.jpg,paper,paper,True,512,384,RGB,14cc62b51c56500c63ad16aebc086f6168492be4b2bc6d5e475276d1060b8ec4,14150,3,True,False,0,True,True
household,/content/waste_datasets/household/garbage_classification/cardboard/cardboard649.jpg,cardboard,cardboard,True,512,384,RGB,14d11e57928a1db1778bc6731d4fab8746cef8224fb13f95ced869e614c8f1e3,16182,3,True,False,0,True,True
household,/content/waste_datasets/household/garbage_classification/paper/paper988.jpg,paper,paper,True,512,384,RGB,14ef96013dfd73a1278327d6bce4d3884b675f12ccf5bf026d796be58d5c5793,25383,2,True,False,0,True,True
household,/content/waste_datasets/household/garbage_classification/white-glass/white-glass747.jpg,white-glass,glass,True,512,384,RGB,14f4d3594f588ff75368975e954cbe0383e63b5b7444bdd477924b6576f2c29c,18509,2,True,False,0,True,True
household,/content/waste_datasets/household/garbage_classification/paper/paper648.jpg,paper,paper,True,512,384,RGB,15408d98468edb4da70e9c4710f5a70d2ffa57d1e04a8fd98cb2d0f879213585,19012,3,True,False,0,True,True
household,/content/waste_datasets/household/garbage_classification/cardboard/cardboard328.jpg,cardboard,cardboard,True,512,384,RGB,154aa49e8581d68981e2c0048c51b1ae448babc4cc08c03a91a815af12f66f80,23807,3,True,False,0,True,True
household,/content/waste_datasets/household/garbage_classification/metal/metal362.jpg,metal,metal,True,512,384,RGB,1567cb561fcaa4502770dbd22a086f11189ab40e39817b4554544ca2614edc56,16020,3,True,False,0,True,True
household,/content/waste_datasets/household/garbage_classification/white-glass/white-glass132.jpg,white-glass,glass,True,512,384,RGB,156c79b6c5a7219b4a066d9bbbdf53db03c73bc493d40bbe6aa4f036a01e8686,11167,3,True,False,0,True,True
household,/content/waste_datasets/household/garbage_classification/metal/metal96.jpg,metal,metal,True,512,384,RGB,15789e4b13e115718d5b2362d6663f0c1c868904088e5fc83ff33884e162991d,10251,3,True,False,0,True,True
household,/content/waste_datasets/household/garbage_classification/cardboard/cardboard154.jpg,cardboard,cardboard,True,512,384,RGB,158ec60972d4e8744a17d7c303bdb4eab9c7189b28c371bc298552b2fc4d8972,21262,3,True,False,0,True,True
household,/content/waste_datasets/household/garbage_classification/green-glass/green-glass161.jpg,green-glass,glass,True,512,384,RGB,15a8c957f25b6d3e6041e66c39d2f9edee0df009217a7312966ca50a843eb56e,8186,3,True,False,0,True,True
household,/content/waste_datasets/household/garbage_classification/metal/metal44.jpg,metal,metal,True,512,384,RGB,162fd7c08fe5f6d50729da3fe59b8da398db2e4616d03cc39d1a8665da7faeb4,10993,3,True,False,0,True,True
household,/content/waste_datasets/household/garbage_classification/cardboard/cardboard199.jpg,cardboard,cardboard,True,512,384,RGB,163aa7dcc4a05bbab15c462392b9806b5a064ab1c606ea103c96262f044658ce,22573,3,True,False,0,True,True
household,/content/waste_datasets/household/garbage_classification/plastic/plastic118.jpg,plastic,plastic,True,512,384,RGB,163c1534d5cb13b304af123c5961f60ac3dd1773148675e96fdb7e468c155c9a,15904,3,True,False,0,True,True
household,/content/waste_datasets/household/garbage_classification/brown-glass/brown-glass195.jpg,brown-glass,glass,True,512,384,RGB,164810ae1e213437a55f4ea5b91ee15778f979837ed5a93f4047620062744e63,11117,3,True,False,0,True,True
household,/content/waste_datasets/household/garbage_classification/plastic/plastic396.jpg,plastic,plastic,True,512,384,RGB,16518e0987964ac97caa28fe32fe0f0908e7c33db070418126d5cc9c05f0e22d,10748,3,True,False,0,True,True
household,/content/waste_datasets/household/garbage_classification/paper/paper776.jpg,paper,paper,True,512,384,RGB,16796aba75ec18dc20dfd1c4e918724df1fd3747b052c01c74cbd6a56128a1d6,34217,3,True,False,0,True,True
household,/content/waste_datasets/household/garbage_classification/cardboard/cardboard616.jpg,cardboard,cardboard,True,512,384,RGB,1696ceb0931601a838034f60f36e90b802e78dc87146b0cca102afe9cc55c4f7,18936,3,True,False,0,True,True
household,/content/waste_datasets/household/garbage_classification/metal/metal214.jpg,metal,metal,True,512,384,RGB,16985596a876dcca2d8b5519979e180f6496771551ea262346ac37f3f4d9099b,25460,3,True,False,0,True,True
household,/content/waste_datasets/household/garbage_classification/metal/metal318.jpg,metal,metal,True,512,384,RGB,169d8a86cdf976aa6f1c15d4a6b059dd60da707735164a2192a8fb31fec206d1,12725,3,True,False,0,True,True
household,/content/waste_datasets/household/garbage_classification/paper/paper767.jpg,paper,paper,True,512,384,RGB,16a3d7a5b78f08397ba1ba7e9c611b37412d103a43ab4b6804b0718c69b7b5cb,11950,3,True,False,0,True,True
household,/content/waste_datasets/household/garbage_classification/plastic/plastic15.jpg,plastic,plastic,True,512,384,RGB,16c0e9985f713cc81522592dc1d0a6fcc18019f222792b6045cbdb5c3d9ceb46,17647,3,True,False,0,True,True
household,/content/waste_datasets/household/garbage_classification/paper/paper705.jpg,paper,paper,True,512,384,RGB,1708ae1e698d0accfc0f698a3859a0ea4ff6bbc0efa27db32c919eab93017177,32756,3,True,False,0,True,True
household,/content/waste_datasets/household/garbage_classification/cardboard/cardboard59.jpg,cardboard,cardboard,True,512,384,RGB,17111e478c7b5036548661b8c4ea6453a562f0cdc8a3ea3a6f4645b331893348,17727,3,True,False,0,True,True
household,/content/waste_datasets/household/garbage_classification/cardboard/cardboard264.jpg,cardboard,cardboard,True,512,384,RGB,1731b5a1bb78a2b82eeb0e49085d59c4c4f8d9b0327369e322b0d28fa6b072b3,17989,3,True,False,0,True,True
household,/content/waste_datasets/household/garbage_classification/plastic/plastic197.jpg,plastic,plastic,True,512,384,RGB,1765bc4ce8ac204b9831d5f5f3ca23354ceaf6d5c438362745775448424515bd,13847,3,True,False,0,True,True
household,/content/waste_datasets/household/garbage_classification/plastic/plastic782.jpg,plastic,plastic,True,512,384,RGB,1782030f5438851c5b95628ba661fc0815070591ef12835903cccb2c2550106a,12112,3,True,False,0,True,True
household,/content/waste_datasets/household/garbage_classification/plastic/plastic130.jpg,plastic,plastic,True,512,384,RGB,178bcccdc927df8f61789569ea50814d110b0443355ecbb4227e4ae6452293d9,20053,3,True,False,0,True,True
household,/content/waste_datasets/household/garbage_classification/metal/metal56.jpg,metal,metal,True,512,384,RGB,17a57deae02dfa268f964fde93494e8504565bcf2de190663d621e9b4d9df439,14459,3,True,False,0,True,True
household,/content/waste_datasets/household/garbage_classification/paper/paper631.jpg,paper,paper,True,512,384,RGB,17ac0be9f178cbadb594a85d055f1b079c60fccc180bb113c2cd0b6bce730357,22371,3,True,False,0,True,True
household,/content/waste_datasets/household/garbage_classification/cardboard/cardboard124.jpg,cardboard,cardboard,True,512,384,RGB,17b467e667f6ec479e92721a9f9022c2d7f127bae2afd95cf25c0ac5c8d49935,21221,3,True,False,0,True,True
household,/content/waste_datasets/household/garbage_classification/metal/metal384.jpg,metal,metal,True,512,384,RGB,17c58a4d59b4b066d5e511cdc2e8199f0122019c1464abf527b3521917fc3ad7,22220,2,True,False,0,True,True
household,/content/waste_datasets/household/garbage_classification/metal/metal125.jpg,metal,metal,True,512,384,RGB,17e8f88f88ba0c360dc6b1c819704bb51c771f0aee389fb64fe3f62637bf1e87,13484,3,True,False,0,True,True
household,/content/waste_datasets/household/garbage_classification/paper/paper529.jpg,paper,paper,True,512,384,RGB,17fa7521b3f1a57768196f7e3643c6cda93a87a40cec20048c4bb324420a090a,23993,3,True,False,0,True,True
household,/content/waste_datasets/household/garbage_classification/paper/paper650.jpg,paper,paper,True,512,384,RGB,185094a156a4f7e66bf42e8901621859727d5835eedf36102c2ca4a4419c9b9a,28353,3,True,False,0,True,True
household,/content/waste_datasets/household/garbage_classification/metal/metal360.jpg,metal,metal,True,512,384,RGB,185c5013b71afe133a27dd604c72fc9f76620dff3e8f2e604829cac1d749d405,28533,3,True,False,0,True,True
household,/content/waste_datasets/household/garbage_classification/cardboard/cardboard311.jpg,cardboard,cardboard,True,512,384,RGB,1898227eb225da726a809bdc5edc4b26f3251b93c445161e96ff80508650f25c,14976,3,True,False,0,True,True
household,/content/waste_datasets/household/garbage_classification/cardboard/cardboard39.jpg,cardboard,cardboard,True,512,384,RGB,189f3c6c3c086d1c64a557be1206c99c7867c49cb890ac9e3890f8c4b5a64546,10616,3,True,False,0,True,True
household,/content/waste_datasets/household/garbage_classification/plastic/plastic231.jpg,plastic,plastic,True,512,384,RGB,18a2627a793528eae5fe2eae4c4b6aaf17764d75899c30c4a9e2f9d4c8f36c76,25994,3,True,False,0,True,True
household,/content/waste_datasets/household/garbage_classification/cardboard/cardboard44.jpg,cardboard,cardboard,True,512,384,RGB,18aaa625b4d836e878b024712e47e0dda8682faf64fed862a806fbcbfe260a1e,20838,3,True,False,0,True,True
household,/content/waste_datasets/household/garbage_classification/paper/paper5.jpg,paper,paper,True,512,384,RGB,18e0117f5f511fdeeb8a0561d5df892b1136c923ccc992a9c6e83f728d06a0e1,9813,3,True,False,0,True,True
household,/content/waste_datasets/household/garbage_classification/metal/metal245.jpg,metal,metal,True,512,384,RGB,191035be31b64e1edad395dce380f5be67ff59fb68a33b57d3051e8bd218a7e8,21154,3,True,False,0,True,True
household,/content/waste_datasets/household/garbage_classification/paper/paper455.jpg,paper,paper,True,512,384,RGB,1915e10d9a06d378d44b26f76b869e79734e45058d5f6551b6d0c88443a22cfe,39500,2,True,False,0,True,True
household,/content/waste_datasets/household/garbage_classification/cardboard/cardboard132.jpg,cardboard,cardboard,True,512,384,RGB,1928c692335255284b24fb66446d694cc8b0ff360db60ddd21662f25158d07d4,12341,3,True,False,0,True,True
household,/content/waste_datasets/household/garbage_classification/plastic/plastic400.jpg,plastic,plastic,True,512,384,RGB,193a15fa9c0f2b9385bd569c056122ae9c27c6f2784bd5efbb50d1dd6c1026d1,18451,3,True,False,0,True,True
household,/content/waste_datasets/household/garbage_classification/metal/metal400.jpg,metal,metal,True,512,384,RGB,194ed5721d2846e9c2314fc154fa4eef33f1ca269d5e4de497d4c4c99eb61df4,28400,3,True,False,0,True,True
household,/content/waste_datasets/household/garbage_classification/plastic/plastic185.jpg,plastic,plastic,True,512,384,RGB,19908813035b3c9616d2c5e2a0770b0609c643964158f976106483bea9db6153,20804,3,True,False,0,True,True
household,/content/waste_datasets/household/garbage_classification/plastic/plastic334.jpg,plastic,plastic,True,512,384,RGB,199d47eb6ffe222c8aec598467b1c9a4f5d4928f5911eb6ed0205e9378a11d92,5988,2,True,False,0,True,True
household,/content/waste_datasets/household/garbage_classification/paper/paper984.jpg,paper,paper,True,512,384,RGB,19de2c32e6481800bb60f418780fa2062e40501ef9b4ebc6e1ddfec513d4169b,32403,3,True,False,0,True,True
household,/content/waste_datasets/household/garbage_classification/paper/paper1042.jpg,paper,paper,True,512,384,RGB,19ef2e438b9aa7a2cb382288f9f3cfee6db7e61c6918752cac3992ef28bb9fd8,24750,3,True,False,0,True,True
household,/content/waste_datasets/household/garbage_classification/plastic/plastic310.jpg,plastic,plastic,True,512,384,RGB,1a04ee128c41326e7c3a9dc1e10503a50bcfc852f7e40cf91a7079c0aac1c8d3,15949,3,True,False,0,True,True
household,/content/waste_datasets/household/garbage_classification/white-glass/white-glass196.jpg,white-glass,glass,True,512,384,RGB,1a0c4e76e0413a6539d501fbb65d3b7b530eaa3306da3a6b5398ca0300691268,11803,2,True,False,0,True,True
household,/content/waste_datasets/household/garbage_classification/plastic/plastic425.jpg,plastic,plastic,True,512,384,RGB,1a2af231f4f280680a67d841707a6b36d9438e816be6fdaf70e2e2609a2979bf,10337,3,True,False,0,True,True
household,/content/waste_datasets/household/garbage_classification/plastic/plastic509.jpg,plastic,plastic,True,512,384,RGB,1a2f52e6f942c7283041e4a49dda2f309941c2a1fc2de0dd1b8a832b3ba26f89,13292,3,True,False,0,True,True
household,/content/waste_datasets/household/garbage_classification/paper/paper702.jpg,paper,paper,True,512,384,RGB,1a379d0f692cb10da9c67fae20088f9ec24c5225286d3eac1bdc81826609120b,23933,3,True,False,0,True,True
household,/content/waste_datasets/household/garbage_classification/cardboard/cardboard715.jpg,cardboard,cardboard,True,512,384,RGB,1a6498eb76db159d786146ea850b90b628d4dce34144e856863f804194ee6347,27876,3,True,False,0,True,True
household,/content/waste_datasets/household/garbage_classification/brown-glass/brown-glass282.jpg,brown-glass,glass,True,512,384,RGB,1a7e9b0947a8a7cd79f069d5d5ebd42c6978f759f5069cdb975b5e94f55f519a,8145,3,True,False,0,True,True
household,/content/waste_datasets/household/garbage_classification/paper/paper568.jpg,paper,paper,True,512,384,RGB,1a8485d649565f9c85da488ff12a528f307acdebcdc2632d9d4617ee4835ba7d,33039,3,True,False,0,True,True
household,/content/waste_datasets/household/garbage_classification/cardboard/cardboard122.jpg,cardboard,cardboard,True,512,384,RGB,1a9a65f62c99390c99e17c3b929ecc449f88e3586721b0e2113834336395a0f1,25101,3,True,False,0,True,True
household,/content/waste_datasets/household/garbage_classification/white-glass/white-glass104.jpg,white-glass,glass,True,512,384,RGB,1aa33cc9b8206a4b81e95575a94e02020a52f33504772f5518af448e3469dd93,7371,3,True,False,0,True,True
household,/content/waste_datasets/household/garbage_classification/paper/paper632.jpg,paper,paper,True,512,384,RGB,1ab95b775216e6cd863740cc9da770d680904f698f054bd22f625ae9ad84b83b,33871,3,True,False,0,True,True
household,/content/waste_datasets/household/garbage_classification/metal/metal387.jpg,metal,metal,True,512,384,RGB,1ac3a2f5ec85a7a9ba1da24a89c37258696f89dd9233fad8b26537b9be4ef7eb,23192,3,True,False,0,True,True
household,/content/waste_datasets/household/garbage_classification/metal/metal327.jpg,metal,metal,True,512,384,RGB,1ac43424f74276c3ea1c27c2a685414a66c126cd37f4809f64967d110021b7c6,15778,3,True,False,0,True,True
household,/content/waste_datasets/household/garbage_classification/paper/paper699.jpg,paper,paper,True,512,384,RGB,1b2e07a5f186e185e8961da0478ec0bc0c88ac6161d0cfaa3c53dcf45b57479e,9053,3,True,False,0,True,True
household,/content/waste_datasets/household/garbage_classification/plastic/plastic338.jpg,plastic,plastic,True,512,384,RGB,1bac9d75550551aa591d5c7cb136283cea796c2052cd42a65f664822698d0933,8213,3,True,False,0,True,True
household,/content/waste_datasets/household/garbage_classification/plastic/plastic423.jpg,plastic,plastic,True,512,384,RGB,1bb07d23d88c135a03b8ccb4ab47497dc3bf231cf194a0cf936310d9766195c2,10972,3,True,False,0,True,True
household,/content/waste_datasets/household/garbage_classification/green-glass/green-glass195.jpg,green-glass,glass,True,512,384,RGB,1bbf5456c82ebced8c1e322acbe71a886ddc9f6a615342cee3fcd177f9a585ce,13573,2,True,False,0,True,True
household,/content/waste_datasets/household/garbage_classification/metal/metal81.jpg,metal,metal,True,512,384,RGB,1bc190a99efaeaeb043af606f8597b42bb2c0563b94ac9a19f13fadd40eb27b6,8696,3,True,False,0,True,True
household,/content/waste_datasets/household/garbage_classification/plastic/plastic7.jpg,plastic,plastic,True,512,384,RGB,1bd51773840a0c85ba787d7a486edc9ccef32e782b31760c3d5324ac39042de8,16861,3,True,False,0,True,True
household,/content/waste_datasets/household/garbage_classification/plastic/plastic55.jpg,plastic,plastic,True,512,384,RGB,1bdb6cb2949721018b1a4cb80cfee4c0eea5965df935a5ff2a28603b946ed3ee,7475,3,True,False,0,True,True
household,/content/waste_datasets/household/garbage_classification/plastic/plastic431.jpg,plastic,plastic,True,512,384,RGB,1c12d12b9af2e54c77d4e48d40ee831c67f699f251e391ff8864b881a6203c87,23267,3,True,False,0,True,True
household,/content/waste_datasets/household/garbage_classification/green-glass/green-glass247.jpg,green-glass,glass,True,512,384,RGB,1c1de73c97844dd318c3373005c897bc825a5ff42c60424337322dbee603638c,7689,3,True,False,0,True,True
household,/content/waste_datasets/household/garbage_classification/plastic/plastic298.jpg,plastic,plastic,True,512,384,RGB,1c639ba85cffc1704c6661df756984b81d362366b6190e42966b39018e2d4f61,13497,3,True,False,0,True,True
household,/content/waste_datasets/household/garbage_classification/plastic/plastic863.jpg,plastic,plastic,True,512,384,RGB,1cd2a95dc91965a8d4ac5829aadf0b9db5d2457ff685a3d315b35b9b2ede8dce,13066,3,True,False,0,True,True
household,/content/waste_datasets/household/garbage_classification/paper/paper624.jpg,paper,paper,True,512,384,RGB,1cd940e2f515d0ad6e37fdd86cac3fe27605f7b1ef4b5157aec2fa38f1d6ef41,12032,3,True,False,0,True,True
household,/content/waste_datasets/household/garbage_classification/paper/paper949.jpg,paper,paper,True,512,384,RGB,1cde634898618890a7817c791f5f818b6cd269d7b651be591ca76607d1388190,26916,3,True,False,0,True,True
household,/content/waste_datasets/household/garbage_classification/plastic/plastic203.jpg,plastic,plastic,True,512,384,RGB,1ceda9efb08fa9866fef408b343eb382b613bc08106c2dbfb774ac27b72f045f,15636,3,True,False,0,True,True
household,/content/waste_datasets/household/garbage_classification/cardboard/cardboard58.jpg,cardboard,cardboard,True,512,384,RGB,1cf3b1a8e31d787ec92f311f8cee8e6b8112d07e43a4bab02403515ee86da762,20825,3,True,False,0,True,True
household,/content/waste_datasets/household/garbage_classification/paper/paper469.jpg,paper,paper,True,512,384,RGB,1cf5a1cd632b57cfdcd4e68b4feddc9711e5008753dde4aa56b63781763d3e1e,14556,3,True,False,0,True,True
household,/content/waste_datasets/household/garbage_classification/paper/paper512.jpg,paper,paper,True,512,384,RGB,1d57d7983cd65298c13a0aede73a25cbc3578887442cb7218cf64d751fed3319,28867,3,True,False,0,True,True
household,/content/waste_datasets/household/garbage_classification/paper/paper502.jpg,paper,paper,True,512,384,RGB,1d9a4c7dc1e7afc0c8eda2583df39ad606295a00c6a045b336b41bcddd086567,34665,3,True,False,0,True,True
household,/content/waste_datasets/household/garbage_classification/plastic/plastic246.jpg,plastic,plastic,True,512,384,RGB,1db8f6f300a11f18fc6a82833ae08ba187230fc922c4abf5a92d4fc8d67b39a9,12122,3,True,False,0,True,True
household,/content/waste_datasets/household/garbage_classification/metal/metal209.jpg,metal,metal,True,512,384,RGB,1dc73acaeeb07c595c7154f110d6ef94b446323dd5855ddbf0e9b8c4c4934965,22993,3,True,False,0,True,True
household,/content/waste_datasets/household/garbage_classification/metal/metal442.jpg,metal,metal,True,512,384,RGB,1dcc0551cb0e8f5bee5c0bab9918081916d5f4a9eb6c068e48919543c81ad4b5,12544,2,True,False,0,True,True
household,/content/waste_datasets/household/garbage_classification/white-glass/white-glass200.jpg,white-glass,glass,True,512,384,RGB,1de10cce060ab22ef82969829fb3562acd4bbfdefe8d955311eb10b4304fbcd4,11494,2,True,False,0,True,True
household,/content/waste_datasets/household/garbage_classification/plastic/plastic67.jpg,plastic,plastic,True,512,384,RGB,1df8d5c5690689c8d0119bbb7f8fd98d94943931e281a0776f84a89eecb4250d,10706,3,True,False,0,True,True
household,/content/waste_datasets/household/garbage_classification/plastic/plastic701.jpg,plastic,plastic,True,512,384,RGB,1e0b2094a10bec25a65f4c01b6f7f8ecd6da63825f27829d9631360f8ba3aeda,23379,3,True,False,0,True,True
household,/content/waste_datasets/household/garbage_classification/paper/paper59.jpg,paper,paper,True,512,384,RGB,1e8d901da0c91216f96152b1e168b8809760b403c707342c8d79b33c309ea7fd,11187,3,True,False,0,True,True
household,/content/waste_datasets/household/garbage_classification/green-glass/green-glass614.jpg,green-glass,glass,True,512,384,RGB,1e912ca9b00ec92195eeec5a755ce01e8c0a4bc438e799331e0a99468cd3971b,13831,3,True,False,0,True,True
household,/content/waste_datasets/household/garbage_classification/paper/paper953.jpg,paper,paper,True,512,384,RGB,1eae712ac200b7a5ab02ac1b977126371780dc32cb556e62e837c67b3d20dde5,8966,3,True,False,0,True,True
household,/content/waste_datasets/household/garbage_classification/paper/paper4.jpg,paper,paper,True,512,384,RGB,1ebebe6611cdb391116d723ea4429446eccfb74a3df35e94fe071360443c9725,12580,3,True,False,0,True,True
household,/content/waste_datasets/household/garbage_classification/paper/paper1022.jpg,paper,paper,True,512,384,RGB,1ec12a8ca7d10883c4fa60b804438a71b2ca53ca69f39ed04be43feee3b97bc9,17528,3,True,False,0,True,True
household,/content/waste_datasets/household/garbage_classification/paper/paper1019.jpg,paper,paper,True,512,384,RGB,1eeea1a90dbe6ca66e223936ca6e5d6e329d880e547d69ab217c8d1459a8d185,25031,3,True,False,0,True,True
household,/content/waste_datasets/household/garbage_classification/cardboard/cardboard100.jpg,cardboard,cardboard,True,512,384,RGB,1efc1fb34636f7858de75a33e0ceac560bcc5adf80d63cbebf1524cb44bd3889,28084,2,True,False,0,True,True
household,/content/waste_datasets/household/garbage_classification/paper/paper934.jpg,paper,paper,True,512,384,RGB,1f25675ede26acd44a7d1ea9a683c72e0bce39cf33860f5c6dac475d76ff0b4d,22830,3,True,False,0,True,True
household,/content/waste_datasets/household/garbage_classification/plastic/plastic844.jpg,plastic,plastic,True,512,384,RGB,1f3bbd7da2c877ba9a65f9083d7ec14b211994001f10f8f01d2a081c8d604301,19123,3,True,False,0,True,True
household,/content/waste_datasets/household/garbage_classification/plastic/plastic235.jpg,plastic,plastic,True,512,384,RGB,1f4467071265642d3170c0336c19644f5f9b7b3944cfb5b5ad41f8771094e801,7796,3,True,False,0,True,True
household,/content/waste_datasets/household/garbage_classification/green-glass/green-glass143.jpg,green-glass,glass,True,512,384,RGB,1f7c0e7670491a0bde248fd920d681f49b3c8ab41aacdcd32ac559ef8f4d27a3,24163,3,True,False,0,True,True
household,/content/waste_datasets/household/garbage_classification/paper/paper1028.jpg,paper,paper,True,512,384,RGB,1f870076b896fe0bf5cf4f9f0417c16cb32010e05b42d1fdcf0a76dff46f061c,22470,3,True,False,0,True,True
household,/content/waste_datasets/household/garbage_classification/white-glass/white-glass88.jpg,white-glass,glass,True,512,384,RGB,1f876e515ba41c92ef8616d40465937437957a7c52cb64d5bd47a503f6b5bf16,11353,2,True,False,0,True,True
household,/content/waste_datasets/household/garbage_classification/plastic/plastic755.jpg,plastic,plastic,True,512,384,RGB,1fa0f0b2c0ff6e61c85ad20f23460bdbbd9cb96a27cec75c76763747716c9324,27783,3,True,False,0,True,True
household,/content/waste_datasets/household/garbage_classification/plastic/plastic356.jpg,plastic,plastic,True,512,384,RGB,1fa506d340c028a17fa2b600b7d3d0d3285e47ebc57aa5788ce9b55d648939bb,15675,3,True,False,0,True,True
household,/content/waste_datasets/household/garbage_classification/paper/paper724.jpg,paper,paper,True,512,384,RGB,1fb0815ea681a3fd401551c8e7573dfc12abafeeced521d526973a6e0338312c,11256,3,True,False,0,True,True
household,/content/waste_datasets/household/garbage_classification/green-glass/green-glass209.jpg,green-glass,glass,True,512,384,RGB,1fca3600cc698479de1f770c2e39fd1f140a049547832b1d42fe8220f6f3ec45,12035,2,True,False,0,True,True
household,/content/waste_datasets/household/garbage_classification/plastic/plastic381.jpg,plastic,plastic,True,512,384,RGB,1fdbdc9e1f510230b101766576439b374929864f1fe6e9a2d146205e73eb724d,22052,3,True,False,0,True,True
household,/content/waste_datasets/household/garbage_classification/metal/metal398.jpg,metal,metal,True,512,384,RGB,1fe2f89d48cc09373cdd7899c07c090ffec93bab339d660066c9fe4d1c430667,29519,3,True,False,0,True,True
household,/content/waste_datasets/household/garbage_classification/plastic/plastic105.jpg,plastic,plastic,True,512,384,RGB,1fe34344d11d325abae025ab4ac0cf6d7322b4cd54ce846b3d725eeea6f4c965,12752,3,True,False,0,True,True
household,/content/waste_datasets/household/garbage_classification/paper/paper11.jpg,paper,paper,True,512,384,RGB,202989661312ee01f985e621b8da49d47785e2fe5e25fa05e0da86acd19fd0bd,10396,3,True,False,0,True,True
household,/content/waste_datasets/household/garbage_classification/brown-glass/brown-glass153.jpg,brown-glass,glass,True,512,384,RGB,203050f1489b3941b808b018c627288e73a65871120a60dc172aa2846a83f4b5,10884,2,True,False,0,True,True
household,/content/waste_datasets/household/garbage_classification/plastic/plastic247.jpg,plastic,plastic,True,512,384,RGB,204739a2e73afca691e41130f49ffa8c5b40d25a110b56aa2a67041a07bc259d,9808,3,True,False,0,True,True
household,/content/waste_datasets/household/garbage_classification/paper/paper676.jpg,paper,paper,True,512,384,RGB,204aec08ea3e72d57d09f1f25b692c23ca2be48268914d5aa8dc5264ccd0c54d,10337,3,True,False,0,True,True
household,/content/waste_datasets/household/garbage_classification/white-glass/white-glass220.jpg,white-glass,glass,True,512,384,RGB,2050554a0968b5b5485edfff6d821f399fad3a9e16b85353bf3d8fc514b189f4,10351,3,True,False,0,True,True
household,/content/waste_datasets/household/garbage_classification/metal/metal104.jpg,metal,metal,True,512,384,RGB,207268345869e042ad945c8fa4d9bcc3580e69840c102b1119d86e3c7c54b5a7,21223,3,True,False,0,True,True
household,/content/waste_datasets/household/garbage_classification/paper/paper779.jpg,paper,paper,True,512,384,RGB,207579ec41fc712009583d28ed48674accdf919b6ec0c3ed89874fc066656118,35321,3,True,False,0,True,True
household,/content/waste_datasets/household/garbage_classification/plastic/plastic131.jpg,plastic,plastic,True,512,384,RGB,209d2d10773d74e2c829d4bac3b4e3d592c486baf852f332b8435fb9fd6f7987,9959,3,True,False,0,True,True
household,/content/waste_datasets/household/garbage_classification/cardboard/cardboard250.jpg,cardboard,cardboard,True,512,384,RGB,20a458f8b0ad7afb390acc577c2a88944f74bbfffbbf240b5a7dd00b35c61320,22569,3,True,False,0,True,True
household,/content/waste_datasets/household/garbage_classification/paper/paper937.jpg,paper,paper,True,512,384,RGB,20a83da01cbf24694407ea3efaf2d842005ef4958151189c5da1364e65dae808,15104,3,True,False,0,True,True
household,/content/waste_datasets/household/garbage_classification/plastic/plastic771.jpg,plastic,plastic,True,512,384,RGB,20b51c7dd0604e23b351783aaee67367ffcd8edfe34df32fc83e338fe5e13b9f,18878,3,True,False,0,True,True
household,/content/waste_datasets/household/garbage_classification/paper/paper1050.jpg,paper,paper,True,512,384,RGB,2105d5c225846bb12c844ce82e7b2ecb3e8c7d73c37dce1c5f8e623528e486ad,28688,3,True,False,0,True,True
household,/content/waste_datasets/household/garbage_classification/paper/paper811.jpg,paper,paper,True,512,384,RGB,2109a41137370708c08412fa7c49492b52b57f90b1302f013b80e2a5d79c20c1,18821,3,True,False,0,True,True
household,/content/waste_datasets/household/garbage_classification/brown-glass/brown-glass191.jpg,brown-glass,glass,True,512,384,RGB,211797dd047e88933c132162f6be8c32d378e60b9daad30a9b9f232fe4910256,15331,2,True,False,0,True,True
household,/content/waste_datasets/household/garbage_classification/paper/paper473.jpg,paper,paper,True,512,384,RGB,2127805bc503ef123e6583e403fad22c9aa8c76c2f41d4a6eefbbeaff3cad00b,10134,3,True,False,0,True,True
household,/content/waste_datasets/household/garbage_classification/metal/metal91.jpg,metal,metal,True,512,384,RGB,2142ccd5346addd31bb14056d17acaddfa61738d85b4a9a424714059263ac574,19173,3,True,False,0,True,True
household,/content/waste_datasets/household/garbage_classification/plastic/plastic667.jpg,plastic,plastic,True,512,384,RGB,214c390cd34fce2b18dd269926f2dce3f7defb135278d800bcc0cea0db207aca,8610,3,True,False,0,True,True
household,/content/waste_datasets/household/garbage_classification/white-glass/white-glass518.jpg,white-glass,glass,True,512,384,RGB,2158481040487aed487df9d4870094dcc3008b4de81d66e8bea206b27a293192,14359,2,True,False,0,True,True
household,/content/waste_datasets/household/garbage_classification/cardboard/cardboard310.jpg,cardboard,cardboard,True,512,384,RGB,21611cf22abe1189b1ef40c04f9794bae470937977bba35527af7270cd596f2b,18714,3,True,False,0,True,True
household,/content/waste_datasets/household/garbage_classification/cardboard/cardboard148.jpg,cardboard,cardboard,True,512,384,RGB,216d0a8818c95e559ded0f4671401ff7923b6c3141dea7497e5022e65bed4260,25181,3,True,False,0,True,True
household,/content/waste_datasets/household/garbage_classification/paper/paper966.jpg,paper,paper,True,512,384,RGB,2192c4e4d3e7abbe057e4ea29633c1a1bc34ebe571191a94f856e16588ada713,13483,3,True,False,0,True,True
household,/content/waste_datasets/household/garbage_classification/plastic/plastic644.jpg,plastic,plastic,True,512,384,RGB,219faadf8ca0140bbe363127e9414f3e53718c2ff180c4ac1a6173a66a2abae1,11207,3,True,False,0,True,True
household,/content/waste_datasets/household/garbage_classification/cardboard/cardboard62.jpg,cardboard,cardboard,True,512,384,RGB,21b47fabac906f045ea315b7fe3fa0e235014e41c001226446e226327fd59032,16636,3,True,False,0,True,True
household,/content/waste_datasets/household/garbage_classification/cardboard/cardboard134.jpg,cardboard,cardboard,True,512,384,RGB,21c3c200b36649b8790df2a1ec57c2da2643db3c32e051cd4583aec9b450f5cd,8722,3,True,False,0,True,True
household,/content/waste_datasets/household/garbage_classification/green-glass/green-glass164.jpg,green-glass,glass,True,512,384,RGB,21ce1057d4c8e3a9b9e262b9e45c8ece711af7d71c1e058cb166c64a20b94a35,13731,2,True,False,0,True,True
household,/content/waste_datasets/household/garbage_classification/paper/paper665.jpg,paper,paper,True,512,384,RGB,21d49892bad71dd6d10216d8afdeb8ec8fb18f969ba5eca49673dab08ba2759e,9424,3,True,False,0,True,True
household,/content/waste_datasets/household/garbage_classification/paper/paper50.jpg,paper,paper,True,512,384,RGB,21d783b57bfbe3bbf0da89a38e4d7414955ab366e7d29222e450fe6754f6df82,35412,3,True,False,0,True,True
household,/content/waste_datasets/household/garbage_classification/paper/paper501.jpg,paper,paper,True,512,384,RGB,21ede1cb8d8163fd7255917d18dce29e6ef5e083970ffcf8a7abc28154994173,24152,3,True,False,0,True,True
household,/content/waste_datasets/household/garbage_classification/cardboard/cardboard21.jpg,cardboard,cardboard,True,512,384,RGB,21fca9f2141321b5856dd917ef588b9c60dd431e6435169d6120e4dac61c820d,18009,3,True,False,0,True,True
household,/content/waste_datasets/household/garbage_classification/plastic/plastic449.jpg,plastic,plastic,True,512,384,RGB,221592ad0b4ca84ab9b2d75dd82d279e9c2635056caa6e1e478544bd9ebae2d7,10024,3,True,False,0,True,True
household,/content/waste_datasets/household/garbage_classification/paper/paper726.jpg,paper,paper,True,512,384,RGB,221d9e293369fb6b18da0ea0094988ccaebfbb198fdaf3bb71666b63fcd412b9,13703,3,True,False,0,True,True
household,/content/waste_datasets/household/garbage_classification/metal/metal427.jpg,metal,metal,True,512,384,RGB,22389a79d35d5e8d121394e093dd723724e2184fd007f4c03b98c43b8c8fa48a,14840,3,True,False,0,True,True
household,/content/waste_datasets/household/garbage_classification/paper/paper26.jpg,paper,paper,True,512,384,RGB,224a8e782d1f02b4a38aa93fc839af27a1da07ad51a3bce061f84b43e58c64c9,18190,3,True,False,0,True,True
household,/content/waste_datasets/household/garbage_classification/plastic/plastic186.jpg,plastic,plastic,True,512,384,RGB,22552b8e2196dccb5bb80c34b899f2a6bc7880270818e6586c1a4e9f45b0af90,9052,3,True,False,0,True,True
household,/content/waste_datasets/household/garbage_classification/paper/paper795.jpg,paper,paper,True,512,384,RGB,225710ad5bb0476af876d7f2007335da8fa5457649cca500341cfceb65fe0b75,55370,3,True,False,0,True,True
household,/content/waste_datasets/household/garbage_classification/white-glass/white-glass214.jpg,white-glass,glass,True,512,384,RGB,226f7a63cc93a3c9c4297b5fe1200bbc7a5fd37fd3a940814e2406bf81266a62,10260,3,True,False,0,True,True
household,/content/waste_datasets/household/garbage_classification/paper/paper912.jpg,paper,paper,True,512,384,RGB,22c8b0e6530b57c37b73985c1c74394372c9c2d4cb70d080c01cf6689143cfe3,32880,3,True,False,0,True,True
household,/content/waste_datasets/household/garbage_classification/metal/metal272.jpg,metal,metal,True,512,384,RGB,22d1e8a8ac35fba47d17ffe47b11c363801e379a2ede5fe480c8d9394f9ad611,22381,3,True,False,0,True,True
household,/content/waste_datasets/household/garbage_classification/cardboard/cardboard18.jpg,cardboard,cardboard,True,512,384,RGB,235a53570abbad7adcb2901ead6d7385e36c679f1a3aa7bce179a641d4d1a873,16548,3,True,False,0,True,True
household,/content/waste_datasets/household/garbage_classification/paper/paper476.jpg,paper,paper,True,512,384,RGB,23a180b7424767954f5babb1509dfa2dfe8628dd221be271a1685f31a8094e0d,9362,3,True,False,0,True,True
household,/content/waste_datasets/household/garbage_classification/metal/metal82.jpg,metal,metal,True,512,384,RGB,23bd72dbde307e0c02e8563657075a93647072a7e69efce85d20de58f9461a91,6244,3,True,False,0,True,True
household,/content/waste_datasets/household/garbage_classification/brown-glass/brown-glass193.jpg,brown-glass,glass,True,512,384,RGB,23cc05ab246bebe4da8836386df7c56da500ff7b6f4ede68d4d8e45182a3ed98,22895,3,True,False,0,True,True
household,/content/waste_datasets/household/garbage_classification/paper/paper765.jpg,paper,paper,True,512,384,RGB,23db8d661b2814c349d03707bf918afe1a19f419397b0b10e6581984e9175bdc,39886,3,True,False,0,True,True
household,/content/waste_datasets/household/garbage_classification/metal/metal388.jpg,metal,metal,True,512,384,RGB,23e20d8dd91193b3a6df158a8d0e80fd2524cd609d998dcda5a055a8ed9c5074,16064,3,True,False,0,True,True
household,/content/waste_datasets/household/garbage_classification/paper/paper853.jpg,paper,paper,True,512,384,RGB,23e78e4678ddb10aa6d602d59c6bc6050bf66f6fcedd4c46265ada535706f265,24137,3,True,False,0,True,True
household,/content/waste_datasets/household/garbage_classification/plastic/plastic286.jpg,plastic,plastic,True,512,384,RGB,2420707c919e4d373408adf3d85620610d701a9bf667e61e5d3e3d60ada78dbd,15125,3,True,False,0,True,True
household,/content/waste_datasets/household/garbage_classification/paper/paper869.jpg,paper,paper,True,512,384,RGB,242a6ec8181c6d33f83822c9ddcd4287c8a0f9e927ec8695794777182d0890d7,14692,3,True,False,0,True,True
household,/content/waste_datasets/household/garbage_classification/plastic/plastic557.jpg,plastic,plastic,True,512,384,RGB,24470846efab9351855d86998eaa42f45963d6189bd138754a49a6bbc869bf71,24665,3,True,False,0,True,True
household,/content/waste_datasets/household/garbage_classification/cardboard/cardboard339.jpg,cardboard,cardboard,True,512,384,RGB,244fd7b2518017bf260f2e3a251e8adba9b1150dd0e1c0b479b16f889227da87,10058,3,True,False,0,True,True
household,/content/waste_datasets/household/garbage_classification/metal/metal152.jpg,metal,metal,True,512,384,RGB,249e102551f9b38e40bc026485a7be3a7623f3abbfcd0108ee8cea531d0532f4,11229,3,True,False,0,True,True
household,/content/waste_datasets/household/garbage_classification/cardboard/cardboard55.jpg,cardboard,cardboard,True,512,384,RGB,24a795211199b3e25140dd3d856b8d306d4f16078fc828587d70d03b4b273de4,14811,3,True,False,0,True,True
household,/content/waste_datasets/household/garbage_classification/white-glass/white-glass123.jpg,white-glass,glass,True,512,384,RGB,24ad3a3342e4f1fbf4ff5060171fb26835225df98dba3dbc0fa2269a71582110,16427,3,True,False,0,True,True
household,/content/waste_datasets/household/garbage_classification/plastic/plastic211.jpg,plastic,plastic,True,512,384,RGB,24c0388ee64be0310fc3b57fdf0fcc894e3e56c4fec1675e00ffc91caa919ade,12764,3,True,False,0,True,True
household,/content/waste_datasets/household/garbage_classification/cardboard/cardboard301.jpg,cardboard,cardboard,True,512,384,RGB,24c750b1dc48feec1847b04bd82abab80b66082365cebc9f61960f189f349605,13743,3,True,False,0,True,True
household,/content/waste_datasets/household/garbage_classification/paper/paper451.jpg,paper,paper,True,512,384,RGB,25063c2320fd0fff4dc04317a7627418695c9970618a48073bb79cb3e542859c,17487,3,True,False,0,True,True
household,/content/waste_datasets/household/garbage_classification/paper/paper677.jpg,paper,paper,True,512,384,RGB,25162460e1c82fbc04724477c03da515d8f138719fbdb6efe42bf6a73e95d396,11096,3,True,False,0,True,True
household,/content/waste_datasets/household/garbage_classification/green-glass/green-glass162.jpg,green-glass,glass,True,512,384,RGB,2536244dbb00085c64a7b6154c2e91418ed7e08a31f8332fc78760fdc0fb5ff8,6640,3,True,False,0,True,True
household,/content/waste_datasets/household/garbage_classification/cardboard/cardboard193.jpg,cardboard,cardboard,True,512,384,RGB,257611cab3bdb086ace64cb249436bb66da6a52ac2fc292a2b8a74b62b49c768,17676,3,True,False,0,True,True
household,/content/waste_datasets/household/garbage_classification/brown-glass/brown-glass158.jpg,brown-glass,glass,True,512,384,RGB,2590305619aabe0c56b7b62a7ead15a5e1734fd93e40f951934046e1385d54c6,10199,2,True,False,0,True,True
household,/content/waste_datasets/household/garbage_classification/cardboard/cardboard157.jpg,cardboard,cardboard,True,512,384,RGB,25d47a740100c9ffbc37f5efe9f49113f9edc75208fdeed383b3ee88f1de2167,25517,3,True,False,0,True,True
household,/content/waste_datasets/household/garbage_classification/cardboard/cardboard326.jpg,cardboard,cardboard,True,512,384,RGB,25ed31f2cb519f4af3f49d1888c8ba42b97e68fa28d10d038b3e6131d0cb5d7f,22820,3,True,False,0,True,True
household,/content/waste_datasets/household/garbage_classification/paper/paper993.jpg,paper,paper,True,512,384,RGB,26029bd2af59b209283f8bff5b91cd6521f2e56e5b7c6bd771695e6a448ab6c8,8572,3,True,False,0,True,True
household,/content/waste_datasets/household/garbage_classification/paper/paper944.jpg,paper,paper,True,512,384,RGB,2658cc2c0491706f7b2cef7383c367295ca39291c1c26989e035eede274e268d,10421,3,True,False,0,True,True
household,/content/waste_datasets/household/garbage_classification/metal/metal269.jpg,metal,metal,True,512,384,RGB,265b600061409e515719e77a2773a08c1147de53d7ade912324872aa219de9a6,15815,3,True,False,0,True,True
household,/content/waste_datasets/household/garbage_classification/metal/metal237.jpg,metal,metal,True,512,384,RGB,2667ce6cb65c06bb6826444ffb2c2389042494b54c4a3cf0aee2a098d5a4220e,15269,3,True,False,0,True,True
household,/content/waste_datasets/household/garbage_classification/plastic/plastic94.jpg,plastic,plastic,True,512,384,RGB,26712c0ba852ba181bd2c50e93cbee2e380c13dbcdd03e69b2f8dfd7eb77501e,18417,3,True,False,0,True,True
household,/content/waste_datasets/household/garbage_classification/metal/metal320.jpg,metal,metal,True,512,384,RGB,26a14c609e2c6987fa33338986e0396b3fcc018938742916d732ef52848862d8,18364,2,True,False,0,True,True
household,/content/waste_datasets/household/garbage_classification/paper/paper577.jpg,paper,paper,True,512,384,RGB,2775c77ee5bc11bd6fe0a164eecea0ab9e58ac62af1cbab3cd94f56f4e7a1b03,10131,3,True,False,0,True,True
household,/content/waste_datasets/household/garbage_classification/green-glass/green-glass160.jpg,green-glass,glass,True,512,384,RGB,279c81c430424acbf50186b7a25ba91c978a86a1d0e8bff699119b93f5fcc961,8593,3,True,False,0,True,True
household,/content/waste_datasets/household/garbage_classification/metal/metal443.jpg,metal,metal,True,512,384,RGB,27ba278703688aff66f44741d735886bbdbecfdc4d8749daa021004bc91c8cbb,8249,2,True,False,0,True,True
household,/content/waste_datasets/household/garbage_classification/plastic/plastic694.jpg,plastic,plastic,True,512,384,RGB,27c2ea40bb631374f93d50e184e9cd31cfc4f211a471f7dc6e8b2a209856798c,6344,3,True,False,0,True,True
household,/content/waste_datasets/household/garbage_classification/cardboard/cardboard72.jpg,cardboard,cardboard,True,512,384,RGB,27c5990593a694d2efada37217663b621c2475cd8333d0070cba01c828887d2a,26347,3,True,False,0,True,True
household,/content/waste_datasets/household/garbage_classification/metal/metal187.jpg,metal,metal,True,512,384,RGB,27e7beb769fd119c0e86ea90e580ce7dbb8dd7b0934dd568c375ed894c9917ea,13207,3,True,False,0,True,True
household,/content/waste_datasets/household/garbage_classification/plastic/plastic501.jpg,plastic,plastic,True,512,384,RGB,281f3d7df5b3343a51832a2c06ab6c95d9999ff8e30c40c55684d670dbfaf6eb,18526,3,True,False,0,True,True
household,/content/waste_datasets/household/garbage_classification/plastic/plastic313.jpg,plastic,plastic,True,512,384,RGB,286de05a374690c68be861de898597c49905225c0962731c24cac142caaa9141,12932,3,True,False,0,True,True
household,/content/waste_datasets/household/garbage_classification/cardboard/cardboard286.jpg,cardboard,cardboard,True,512,384,RGB,287ff00ff0f172099b74b41526c880cbaa6bec85b065c6b0c82d677e1294b796,19835,3,True,False,0,True,True
household,/content/waste_datasets/household/garbage_classification/white-glass/white-glass219.jpg,white-glass,glass,True,512,384,RGB,2885b55e189a43dec7092927818fdba46638703a7d8e224b70f00e37260ce780,20742,3,True,False,0,True,True
household,/content/waste_datasets/household/garbage_classification/paper/paper482.jpg,paper,paper,True,512,384,RGB,289b6c98f3bcbda3bdf8cdf6b0570ebde2be0c309a2feeab53d07904bebbe4a1,13194,3,True,False,0,True,True
household,/content/waste_datasets/household/garbage_classification/paper/paper875.jpg,paper,paper,True,512,384,RGB,28a89d70d811cdbc534b659a7692f948a40de7415f76b3028a593c9fb6e43c52,10282,3,True,False,0,True,True
household,/content/waste_datasets/household/garbage_classification/white-glass/white-glass166.jpg,white-glass,glass,True,512,384,RGB,2926e04d80fe0333810e2238647cd4797f203e6477d48421ebb26757009438aa,18910,3,True,False,0,True,True
household,/content/waste_datasets/household/garbage_classification/paper/paper1025.jpg,paper,paper,True,512,384,RGB,293810fb17f833f24d38525b7cfd33c049c95ac0e2b760652d39e4a19555203b,35185,3,True,False,0,True,True
household,/content/waste_datasets/household/garbage_classification/paper/paper731.jpg,paper,paper,True,512,384,RGB,29427083290aacb32621496450610f915e0eee1fa2b492557075e082fb963eeb,16774,3,True,False,0,True,True
household,/content/waste_datasets/household/garbage_classification/cardboard/cardboard891.jpg,cardboard,cardboard,True,512,384,RGB,294aa55989decf8a64e054f4b880897e11b310007655fee733a6d25c3187bc95,14021,3,True,False,0,True,True
household,/content/waste_datasets/household/garbage_classification/metal/metal292.jpg,metal,metal,True,512,384,RGB,294c88e5d6d03d5b9a9c4cea826286adde0491f22b82ca87a50cadd798d6364b,20851,3,True,False,0,True,True
household,/content/waste_datasets/household/garbage_classification/paper/paper727.jpg,paper,paper,True,512,384,RGB,2957de05a0ebc4770b9dd721f852e600073330914fa756728629a308d15b9f2c,12828,3,True,False,0,True,True
household,/content/waste_datasets/household/garbage_classification/metal/metal393.jpg,metal,metal,True,512,384,RGB,295e15363ee7393963f785f7a43dad7207460e041c43a1f36e7514e635300626,19473,3,True,False,0,True,True
household,/content/waste_datasets/household/garbage_classification/metal/metal240.jpg,metal,metal,True,512,384,RGB,297060838f7d1c26eaff5197a66b55084a4de90475477198fe36dfccba5e4d5f,18472,3,True,False,0,True,True
household,/content/waste_datasets/household/garbage_classification/cardboard/cardboard194.jpg,cardboard,cardboard,True,512,384,RGB,29717507e973bbdd88947ef1e867f2ff29dfc65e15287cbecae1a9440c7b25a5,15772,3,True,False,0,True,True
household,/content/waste_datasets/household/garbage_classification/brown-glass/brown-glass151.jpg,brown-glass,glass,True,512,384,RGB,29b5d945fee290819fe065f9672c46b79f77cf0cc9efd8a3a20fb61fc1d345cb,11909,3,True,False,0,True,True
household,/content/waste_datasets/household/garbage_classification/plastic/plastic86.jpg,plastic,plastic,True,512,384,RGB,29bbc6186b2064a1b1a38c648ec3a8ba0eb35ee3929e3e2a869d43023f8a5b30,16701,3,True,False,0,True,True
household,/content/waste_datasets/household/garbage_classification/paper/paper843.jpg,paper,paper,True,512,384,RGB,29d700d928ab21e6605fa069fe0cccb9d80867eff31d5ab5c61349b4456f10c4,11245,3,True,False,0,True,True
household,/content/waste_datasets/household/garbage_classification/cardboard/cardboard318.jpg,cardboard,cardboard,True,512,384,RGB,29eba1d56170aff46dba36017ba310b0e72101448f8a03551ca9e23aafdad4c2,21596,3,True,False,0,True,True
household,/content/waste_datasets/household/garbage_classification/white-glass/white-glass102.jpg,white-glass,glass,True,512,384,RGB,2a05d2057ef441bb72b549c2faf5d5f519d1f0ba7e3f69b765fff30f5d91f0ea,12148,3,True,False,0,True,True
household,/content/waste_datasets/household/garbage_classification/cardboard/cardboard40.jpg,cardboard,cardboard,True,512,384,RGB,2a0b62fda0ff643a92fea69f05c0c1d6bb75d8f11e93b684b6eb052337e89334,16442,3,True,False,0,True,True
household,/content/waste_datasets/household/garbage_classification/cardboard/cardboard107.jpg,cardboard,cardboard,True,512,384,RGB,2a5936d0ecd31b7ca320925993fa0b0cfb561803a1407c57ad627c996ae8a7f7,10395,3,True,False,0,True,True
household,/content/waste_datasets/household/garbage_classification/paper/paper942.jpg,paper,paper,True,512,384,RGB,2a68e92046611c511dc12c44eeec7509cdf44e93a7ee64abfd4a77f37d0091ac,9054,3,True,False,0,True,True
household,/content/waste_datasets/household/garbage_classification/plastic/plastic822.jpg,plastic,plastic,True,512,384,RGB,2a9d33453f886a84673eca85a60d2ef62d0bc5783c6200b52adc1dab01841664,17174,3,True,False,0,True,True
household,/content/waste_datasets/household/garbage_classification/paper/paper1043.jpg,paper,paper,True,512,384,RGB,2aa131bae0e09410858f8fd4cb174fac80f25bb8dfd19add1cb6af2148a851ac,11733,3,True,False,0,True,True
household,/content/waste_datasets/household/garbage_classification/cardboard/cardboard52.jpg,cardboard,cardboard,True,512,384,RGB,2ad343008c70f6944bfa9c17e20d739957622803e62c54b9ccc0e27bbf4ab3b2,15829,3,True,False,0,True,True
household,/content/waste_datasets/household/garbage_classification/plastic/plastic417.jpg,plastic,plastic,True,512,384,RGB,2ad4c7f1ff68e4c36e00222a1ff14d2c3b10084b13a040c69b6b8af0e10dc802,13123,3,True,False,0,True,True
household,/content/waste_datasets/household/garbage_classification/metal/metal282.jpg,metal,metal,True,512,384,RGB,2b0bf75581cbeb9eaaa4fb7788362fe87cce5089f2ab4ff58ee9541a072f0e78,14003,3,True,False,0,True,True
household,/content/waste_datasets/household/garbage_classification/plastic/plastic780.jpg,plastic,plastic,True,512,384,RGB,2b4099e51228220b28a0960f3bac42200765f00d88c1bacc1420740b8a645dd3,12738,3,True,False,0,True,True
household,/content/waste_datasets/household/garbage_classification/green-glass/green-glass144.jpg,green-glass,glass,True,512,384,RGB,2b43bc547ce40566b8eff014c87b19f02e1705745ad0b3186e99177bae16963e,14658,3,True,False,0,True,True
household,/content/waste_datasets/household/garbage_classification/cardboard/cardboard6.jpg,cardboard,cardboard,True,512,384,RGB,2b82e19cb55b982d291c8838f84c7e4d3639013727fc814fe4aa7589f20fadad,24826,3,True,False,0,True,True
household,/content/waste_datasets/household/garbage_classification/cardboard/cardboard85.jpg,cardboard,cardboard,True,512,384,RGB,2b8355bbf7e90d8690ef27a299aaf413176cfa7fd6c90594a530e98ca4d66d37,17339,3,True,False,0,True,True
household,/content/waste_datasets/household/garbage_classification/plastic/plastic623.jpg,plastic,plastic,True,512,384,RGB,2b8514ca220fb7845a3d00a99c9264aeb973ec292e43ee04adacda7d86436b45,16695,3,True,False,0,True,True
household,/content/waste_datasets/household/garbage_classification/paper/paper1041.jpg,paper,paper,True,512,384,RGB,2b86b60d03f14160ad6c118006403224ca898823a3150f2d2eaefac171ee36da,33312,3,True,False,0,True,True
household,/content/waste_datasets/household/garbage_classification/plastic/plastic768.jpg,plastic,plastic,True,512,384,RGB,2b8b7b53c225e04948f7c1c875ebc4be4382268dd5ec4b0184bcaddae505273e,9313,3,True,False,0,True,True
household,/content/waste_datasets/household/garbage_classification/paper/paper987.jpg,paper,paper,True,512,384,RGB,2bfd415e787ffaa602c1eb66d53b7ccf998a1cb29516cbeafcb1c507d51298bd,25027,3,True,False,0,True,True
household,/content/waste_datasets/household/garbage_classification/metal/metal129.jpg,metal,metal,True,512,384,RGB,2bfe1e25bb903eb45c8494f4645d081d9a34c337e716840868cefb3e8f850f40,23086,3,True,False,0,True,True
household,/content/waste_datasets/household/garbage_classification/cardboard/cardboard879.jpg,cardboard,cardboard,True,512,384,RGB,2c0f7b6223c9143f9ed4202b398f2e65febeb1b1edf50e65c2fdd7ac83da4260,26388,3,True,False,0,True,True
household,/content/waste_datasets/household/garbage_classification/metal/metal417.jpg,metal,metal,True,512,384,RGB,2c1b7263f7e1adeb64bba4692d887752d3f6462213d1d6f6673e42aac37b91bc,10589,3,True,False,0,True,True
household,/content/waste_datasets/household/garbage_classification/plastic/plastic88.jpg,plastic,plastic,True,512,384,RGB,2ce4e21a095a78498b34cd16bb87fb9359e6961873eed50e2c402de2ede77d18,17316,3,True,False,0,True,True
household,/content/waste_datasets/household/garbage_classification/plastic/plastic379.jpg,plastic,plastic,True,512,384,RGB,2d1992d1550347f99e6aeba304ca7794d2021aad257d048e1a3d2303a524f304,7349,3,True,False,0,True,True
household,/content/waste_datasets/household/garbage_classification/metal/metal15.jpg,metal,metal,True,512,384,RGB,2d292a6bed9ca1414ac38f46008cdb9869804ed4e1681d75cd191a5116b70337,13486,3,True,False,0,True,True
household,/content/waste_datasets/household/garbage_classification/paper/paper849.jpg,paper,paper,True,512,384,RGB,2d38a56f93deb17e1ce71b48564ee56fdcb103c35b17e0bf98e4821d9eef04ec,18346,3,True,False,0,True,True
household,/content/waste_datasets/household/garbage_classification/green-glass/green-glass192.jpg,green-glass,glass,True,512,384,RGB,2d420703ffe1daa3b7966c2faa247c02bd020602c080940fc96f887634a7ba00,11536,3,True,False,0,True,True
household,/content/waste_datasets/household/garbage_classification/paper/paper743.jpg,paper,paper,True,512,384,RGB,2d4e555b298b81c20de1b743c09bcb76d8322fe6f9e4e258a0eb036ad020a805,41321,3,True,False,0,True,True
household,/content/waste_datasets/household/garbage_classification/brown-glass/brown-glass256.jpg,brown-glass,glass,True,512,384,RGB,2d7b7fde2787693571743a9819c05c7e203ad1e5b1a56a91e5f958b7e8be4c53,9914,3,True,False,0,True,True
household,/content/waste_datasets/household/garbage_classification/plastic/plastic239.jpg,plastic,plastic,True,512,384,RGB,2d80cd1f9c21c9b56e5a20fa3b011128fb34b36782c3503404bfb0bec57432f7,14573,3,True,False,0,True,True
household,/content/waste_datasets/household/garbage_classification/cardboard/cardboard890.jpg,cardboard,cardboard,True,512,384,RGB,2d92e10fe0efb5cb4b68e2ddb150cd7ff5e21ef770972c71d6b8432823447e05,16153,3,True,False,0,True,True
household,/content/waste_datasets/household/garbage_classification/plastic/plastic632.jpg,plastic,plastic,True,512,384,RGB,2da1dc04aecdffdf22714aff09a76c9c6aa591544130d2c7c3a0b1b2896eb867,17145,3,True,False,0,True,True
household,/content/waste_datasets/household/garbage_classification/metal/metal86.jpg,metal,metal,True,512,384,RGB,2db6e692e6f70e497acd068167546bb14ee4b3e423e8c80deb5a35a7215c2453,8395,3,True,False,0,True,True
household,/content/waste_datasets/household/garbage_classification/paper/paper659.jpg,paper,paper,True,512,384,RGB,2de03f5598ae7f6182e5a3ce33516d2508185bedb6fba0987624483558c9e1c3,22135,3,True,False,0,True,True
household,/content/waste_datasets/household/garbage_classification/white-glass/white-glass210.jpg,white-glass,glass,True,512,384,RGB,2e027e4b02ee2d3cb5a743bb61b874f762ee88302b9d3c02e45694a6e19d4181,9753,3,True,False,0,True,True
household,/content/waste_datasets/household/garbage_classification/metal/metal87.jpg,metal,metal,True,512,384,RGB,2e124740d495a71472fbaf4f174c6cebaedb862c5b0c1921d99798e644434960,33722,3,True,False,0,True,True
household,/content/waste_datasets/household/garbage_classification/cardboard/cardboard11.jpg,cardboard,cardboard,True,512,384,RGB,2e2814038c3594bb3d50fa40a8a4763ad9087a2b53e21c061f51d7cf0a90b78b,17546,3,True,False,0,True,True
household,/content/waste_datasets/household/garbage_classification/cardboard/cardboard518.jpg,cardboard,cardboard,True,512,384,RGB,2e3bc470e7c2d4838739df371a850a1abadcdaa3c1d98c9f06a6c9416502910d,11967,2,True,False,0,True,True
household,/content/waste_datasets/household/garbage_classification/brown-glass/brown-glass264.jpg,brown-glass,glass,True,512,384,RGB,2e4c7b202b8f60c93c9a64315a7f2340dd9cacafebcd3ddc031d363004a88865,13469,3,True,False,0,True,True
household,/content/waste_datasets/household/garbage_classification/cardboard/cardboard105.jpg,cardboard,cardboard,True,512,384,RGB,2e4f22b829c7ee7ea58f2245f11b3ad1424f773314c89cf3925880ba03c9b6b8,21175,3,True,False,0,True,True
household,/content/waste_datasets/household/garbage_classification/paper/paper495.jpg,paper,paper,True,512,384,RGB,2e51e5375c6ff51842ee556c2d31ed0447c8fe4836b523821dc0eaaa03174d97,41498,2,True,False,0,True,True
household,/content/waste_datasets/household/garbage_classification/metal/metal382.jpg,metal,metal,True,512,384,RGB,2e62194aacab189aabc30d0902af1afa699f75341cbc4baaaa12cd38dbfab739,15236,3,True,False,0,True,True
household,/content/waste_datasets/household/garbage_classification/plastic/plastic441.jpg,plastic,plastic,True,512,384,RGB,2e772db456e0cedc180bbbdceb428d6b5a071981d81c6968e7db385e5418a2ac,13890,3,True,False,0,True,True
household,/content/waste_datasets/household/garbage_classification/metal/metal441.jpg,metal,metal,True,512,384,RGB,2e867917ddf0222c4a22a26729372113496b6eeea690d819fd08ea5d0e34c8f8,13116,3,True,False,0,True,True
household,/content/waste_datasets/household/garbage_classification/cardboard/cardboard704.jpg,cardboard,cardboard,True,512,384,RGB,2e89f7e3c69e7520d2897fb65ae91e05969fa3e51b16f1eab01d1277edaa6a7d,20387,3,True,False,0,True,True
household,/content/waste_datasets/household/garbage_classification/cardboard/cardboard323.jpg,cardboard,cardboard,True,512,384,RGB,2eb0bb8ef2c6da8e6d82698f32a6c3efcd6fc4a1509e31d37f5d60445ecc45d7,8940,3,True,False,0,True,True
household,/content/waste_datasets/household/garbage_classification/cardboard/cardboard211.jpg,cardboard,cardboard,True,512,384,RGB,2ec5c45faa603f8df4771d73c961445b6e9fc634c550a379a8d5ea4f7bf570f4,21699,3,True,False,0,True,True
household,/content/waste_datasets/household/garbage_classification/brown-glass/brown-glass207.jpg,brown-glass,glass,True,512,384,RGB,2efba352cb9707db288287257c31bfb3270610ec759ae9229c64485a6ca408b0,16288,3,True,False,0,True,True
household,/content/waste_datasets/household/garbage_classification/plastic/plastic72.jpg,plastic,plastic,True,512,384,RGB,2f032358d0a9c0f9eb1782f04438907900eff8595cd6d90827a524f2be451170,17378,3,True,False,0,True,True
household,/content/waste_datasets/household/garbage_classification/cardboard/cardboard334.jpg,cardboard,cardboard,True,512,384,RGB,2f3dafed35830c61c3464c876f7cfb82ad3b635078f6306bca02a03f8e90d00f,14289,3,True,False,0,True,True
household,/content/waste_datasets/household/garbage_classification/paper/paper593.jpg,paper,paper,True,512,384,RGB,2f3f3552a8d8fa4e80648fa19af5c83e21f0c0c20b013545ebfd1f8cd833c8f6,48835,2,True,False,0,True,True
household,/content/waste_datasets/household/garbage_classification/metal/metal71.jpg,metal,metal,True,512,384,RGB,2f48e712ac253a576e000248b523c970264a95e572c23e9ccb57404c15a16857,12942,3,True,False,0,True,True
household,/content/waste_datasets/household/garbage_classification/paper/paper1032.jpg,paper,paper,True,512,384,RGB,2fa1f0646d8d321df59ea70a0980785d4f364ed05897eec367d66728f601c469,18369,3,True,False,0,True,True
household,/content/waste_datasets/household/garbage_classification/metal/metal167.jpg,metal,metal,True,512,384,RGB,2fd98a7e68ab6e53e0833e7a0bcfe638b18292d5a4dd92dbfb59bc58649bc96d,24377,3,True,False,0,True,True
household,/content/waste_datasets/household/garbage_classification/plastic/plastic248.jpg,plastic,plastic,True,512,384,RGB,301e771d2ea138815666f1f0345f7ebb7fc92f8fe15e865ca6d93e81cba14f79,11305,3,True,False,0,True,True
household,/content/waste_datasets/household/garbage_classification/paper/paper976.jpg,paper,paper,True,512,384,RGB,3028470d0eee7c5c2030e78b086fa6c656467788ce7953867ae728262e197f50,17702,3,True,False,0,True,True
household,/content/waste_datasets/household/garbage_classification/metal/metal304.jpg,metal,metal,True,512,384,RGB,3032a269b17eb35e3aa0d6bb07f57b1d467de26df78748ac4669765820c1e99f,19610,3,True,False,0,True,True
household,/content/waste_datasets/household/garbage_classification/cardboard/cardboard108.jpg,cardboard,cardboard,True,512,384,RGB,304d59b9bebef1d2437320651c81e9e29be9b17cd85925cdb1fc01e3f4ef2d6a,16957,2,True,False,0,True,True
household,/content/waste_datasets/household/garbage_classification/plastic/plastic202.jpg,plastic,plastic,True,512,384,RGB,3062dd65794d177b88ba6dabe3948a1256a890eccdbdab7dac29e47d97748ba5,16823,3,True,False,0,True,True
household,/content/waste_datasets/household/garbage_classification/plastic/plastic290.jpg,plastic,plastic,True,512,384,RGB,306c7ebe95c1736d28d1cc93d3ec4cde04003cf1279fcfed8bc246af10ac6d36,8450,3,True,False,0,True,True
household,/content/waste_datasets/household/garbage_classification/cardboard/cardboard218.jpg,cardboard,cardboard,True,512,384,RGB,306d6a0f7fc048387a150f63699c79151d09dcc267e801840df7694720fc5c05,17249,2,True,False,0,True,True
household,/content/waste_datasets/household/garbage_classification/paper/paper901.jpg,paper,paper,True,512,384,RGB,309be609a5cd266a1dd34b7e2bc17770e274ce1ac156b7a59f2b2c36b0e5e072,42871,3,True,False,0,True,True
household,/content/waste_datasets/household/garbage_classification/metal/metal76.jpg,metal,metal,True,512,384,RGB,30cc41ce392d1c1ef10164a44cf4026e0c4534547f191b30856a9b1dc3eb1978,13966,3,True,False,0,True,True
household,/content/waste_datasets/household/garbage_classification/plastic/plastic778.jpg,plastic,plastic,True,512,384,RGB,30d4a12de850e642437cd40013f09f68b32193d7d935ec2ef3a3200c0a80b4b3,6655,3,True,False,0,True,True
household,/content/waste_datasets/household/garbage_classification/paper/paper746.jpg,paper,paper,True,512,384,RGB,30e1b52627648dd1befa6133789e732a2fa77ca53ca802b112af4053972397fb,33369,3,True,False,0,True,True
household,/content/waste_datasets/household/garbage_classification/metal/metal211.jpg,metal,metal,True,512,384,RGB,3132b1888728f6f1aae7b578c08b2d4c153a18876eb4bece31f5523100a3168b,14870,3,True,False,0,True,True
household,/content/waste_datasets/household/garbage_classification/white-glass/white-glass390.jpg,white-glass,glass,True,512,384,RGB,313cb0d4734ff40ab3077207506121db14b6227c944a80f39cc16ccc1bd0e8f0,18009,3,True,False,0,True,True
household,/content/waste_datasets/household/garbage_classification/cardboard/cardboard48.jpg,cardboard,cardboard,True,512,384,RGB,315ebaad65063f231a4d92ec7079a65f4d3ce88b89727c36be32ad807653e36c,22185,3,True,False,0,True,True
household,/content/waste_datasets/household/garbage_classification/white-glass/white-glass465.jpg,white-glass,glass,True,512,384,RGB,316177ec6eecd3def5da9a85f80236cb5802f2829a3672bee659ca6fea2c7381,13109,3,True,False,0,True,True
household,/content/waste_datasets/household/garbage_classification/white-glass/white-glass71.jpg,white-glass,glass,True,512,384,RGB,317b8d9894ffb98bf8c0b3aa81206fe1ffa19c19ef3bf012e7fc174f549ffb27,18473,3,True,False,0,True,True
household,/content/waste_datasets/household/garbage_classification/white-glass/white-glass18.jpg,white-glass,glass,True,512,384,RGB,31a17a6916daacbe83312541816ab61b9d687cec15245f362b855a83ed0947fc,7170,3,True,False,0,True,True
household,/content/waste_datasets/household/garbage_classification/plastic/plastic210.jpg,plastic,plastic,True,512,384,RGB,31b4750d5072f1c4e7ae5b66a3fecb0f94f9439307627952e810b3764fd40ef5,13010,3,True,False,0,True,True
household,/content/waste_datasets/household/garbage_classification/paper/paper667.jpg,paper,paper,True,512,384,RGB,31c828e47426bc14e44ea6c75457d880e32ec9f59d85c79565ef1f7fba7bd184,11027,3,True,False,0,True,True
household,/content/waste_datasets/household/garbage_classification/paper/paper592.jpg,paper,paper,True,512,384,RGB,32036f52a8b6d1cbd055a120bc234bbdfdf72eec4a51128ec344f11f3dfe5dd2,10513,3,True,False,0,True,True
household,/content/waste_datasets/household/garbage_classification/green-glass/green-glass75.jpg,green-glass,glass,True,512,384,RGB,3229686b4115cbc35b594bbd4ea28bf31ada04955cfb7a7c4388e4c358e7b9b3,16811,3,True,False,0,True,True
household,/content/waste_datasets/household/garbage_classification/plastic/plastic218.jpg,plastic,plastic,True,512,384,RGB,324ebee870f39532e3e6b6e6dac3ae826d0f02e85b37acefec52ea8121bdf521,10891,3,True,False,0,True,True
household,/content/waste_datasets/household/garbage_classification/plastic/plastic27.jpg,plastic,plastic,True,512,384,RGB,32883143e21cc8e56415a794b74d1e4770bb8f1a44710d17ab4b59b626221b79,30711,3,True,False,0,True,True
household,/content/waste_datasets/household/garbage_classification/white-glass/white-glass92.jpg,white-glass,glass,True,512,384,RGB,32d575a9f636744896f9b3594655990cd662955575244feadbdc23ef50964714,18270,3,True,False,0,True,True
household,/content/waste_datasets/household/garbage_classification/paper/paper884.jpg,paper,paper,True,512,384,RGB,330019bcede08076860bad6d91aff0c352af470c12ebff3bf02a8072ead81c44,25095,3,True,False,0,True,True
household,/content/waste_datasets/household/garbage_classification/white-glass/white-glass16.jpg,white-glass,glass,True,512,384,RGB,330cd3c9cbae56f0567972c58b3d187bc3864f203ff06f6af3ca3bac4edb2318,10126,3,True,False,0,True,True
household,/content/waste_datasets/household/garbage_classification/paper/paper58.jpg,paper,paper,True,512,384,RGB,331304638e9b9bbf25588b2a3f4c3f726f7c1a05c271186c7e28517f26424152,21628,3,True,False,0,True,True
household,/content/waste_datasets/household/garbage_classification/cardboard/cardboard196.jpg,cardboard,cardboard,True,512,384,RGB,3324e4a5a61aa8fc1a7764e1131ab92968f10a5ff02aeb29e5ef4513fbd55ebc,11907,3,True,False,0,True,True
household,/content/waste_datasets/household/garbage_classification/cardboard/cardboard131.jpg,cardboard,cardboard,True,512,384,RGB,33355577b83c41982cf47d4f28ef2d977af0c7e596a3dae45170b6bb40fe9e63,14848,3,True,False,0,True,True
household,/content/waste_datasets/household/garbage_classification/white-glass/white-glass70.jpg,white-glass,glass,True,512,384,RGB,33493a9b11bd9c6a626a303d9248deeb8cd96101a7f7e7f1a834873d2f926eba,9721,2,True,False,0,True,True
household,/content/waste_datasets/household/garbage_classification/cardboard/cardboard165.jpg,cardboard,cardboard,True,512,384,RGB,334bdb99d42e0956314413ccc65d70b8663a942612a9373bd2b8c3153b8a6caf,14744,3,True,False,0,True,True
household,/content/waste_datasets/household/garbage_classification/paper/paper1004.jpg,paper,paper,True,512,384,RGB,3364b945cd88b7238cd23dab9b5e95ec3da2ec3310082b3eef4db34b5f5ef833,10409,3,True,False,0,True,True
household,/content/waste_datasets/household/garbage_classification/white-glass/white-glass156.jpg,white-glass,glass,True,512,384,RGB,33b18defd00b310a029b3c920f4be2aa8ec60d0beb744f56d986dd239bdc2cf9,17664,3,True,False,0,True,True
household,/content/waste_datasets/household/garbage_classification/plastic/plastic79.jpg,plastic,plastic,True,512,384,RGB,33c554d03819abd4f0f326cf8b07b00611ea4d2c92dbaa53e51718989e9a2166,9714,3,True,False,0,True,True
household,/content/waste_datasets/household/garbage_classification/metal/metal344.jpg,metal,metal,True,512,384,RGB,33cb876f9ce5af156674ad6cc7bb5a065991506eefdcc76d5b7a3a05f4f75b1f,11812,3,True,False,0,True,True
household,/content/waste_datasets/household/garbage_classification/plastic/plastic192.jpg,plastic,plastic,True,512,384,RGB,33e291289b32fe975a1576aa28fdebcb24f94b5b28657ab1ac268adae14328bc,13856,3,True,False,0,True,True
household,/content/waste_datasets/household/garbage_classification/plastic/plastic367.jpg,plastic,plastic,True,512,384,RGB,33e4e2e3eb43881488a6c6390e0d02a38d35c1a1851a5a04471fa8b08c21727b,7732,2,True,False,0,True,True
household,/content/waste_datasets/household/garbage_classification/metal/metal370.jpg,metal,metal,True,512,384,RGB,33ed5bedbe97a9b8244afc1603b335cb88b397475eb0a064f542fd7d0a0193ec,14599,3,True,False,0,True,True
household,/content/waste_datasets/household/garbage_classification/metal/metal435.jpg,metal,metal,True,512,384,RGB,3406db8187036cc95eb4e5795ce11926c3f6a287cd0e208dbc01b3a276461d4d,27292,3,True,False,0,True,True
household,/content/waste_datasets/household/garbage_classification/brown-glass/brown-glass171.jpg,brown-glass,glass,True,512,384,RGB,3430d0b2565c343875a381e5777e9a70154def774c2c1c353c8fa02e3fafa2b7,9198,2,True,False,0,True,True
household,/content/waste_datasets/household/garbage_classification/metal/metal92.jpg,metal,metal,True,512,384,RGB,344a7f02c7d2f4cfeb25b734c802eda5e8c1a683a0ffc57e14a3d1f045bbc696,20614,3,True,False,0,True,True
household,/content/waste_datasets/household/garbage_classification/metal/metal299.jpg,metal,metal,True,512,384,RGB,346c7ac6c6bf721810b67332d4311769adb5620da52e3b063522c649ba11ccbc,10020,3,True,False,0,True,True
household,/content/waste_datasets/household/garbage_classification/cardboard/cardboard158.jpg,cardboard,cardboard,True,512,384,RGB,348d553c251eecfc62b7068976deeea134c4b0f1650a736cc64b8b6e54fbdbc7,17227,3,True,False,0,True,True
household,/content/waste_datasets/household/garbage_classification/white-glass/white-glass185.jpg,white-glass,glass,True,512,384,RGB,34ab31ec6509b7f941f83b85362d25f99793cfc024b514ae79265456c6c1b55f,11194,3,True,False,0,True,True
household,/content/waste_datasets/household/garbage_classification/cardboard/cardboard304.jpg,cardboard,cardboard,True,512,384,RGB,34aff6ecdb35badcdf43d49dd388103e0e17102dcb97f649a5f71fd5d6f0175b,24567,3,True,False,0,True,True
household,/content/waste_datasets/household/garbage_classification/plastic/plastic349.jpg,plastic,plastic,True,512,384,RGB,34b4d88c722b12483f73e1ff39947bd464e2ce8a0eaeb1e7c0971dea6bb3893c,17327,3,True,False,0,True,True
household,/content/waste_datasets/household/garbage_classification/metal/metal460.jpg,metal,metal,True,512,384,RGB,34bb6d791f9df9caaa1970204bdb6fd5f27a7739a94bc695d37e21adf26048c0,12382,3,True,False,0,True,True
household,/content/waste_datasets/household/garbage_classification/metal/metal255.jpg,metal,metal,True,512,384,RGB,34bc4ee4ce56e91e3e0561067d5a05ad377b3dcd26175c6f732ae583d89683c3,25355,3,True,False,0,True,True
household,/content/waste_datasets/household/garbage_classification/plastic/plastic421.jpg,plastic,plastic,True,512,384,RGB,350124b58b826b16e7e73331b4c16846229343a1099c61b3868bfd8bd9ca8075,17265,3,True,False,0,True,True
household,/content/waste_datasets/household/garbage_classification/paper/paper642.jpg,paper,paper,True,512,384,RGB,35110d355588aff72ce48cd838f1993a63b2f84c93f07724655b3a887b17cf50,16601,3,True,False,0,True,True
household,/content/waste_datasets/household/garbage_classification/white-glass/white-glass454.jpg,white-glass,glass,True,512,384,RGB,351ab211091b0b9550ef3ab53ea11bc68e38b1117f4da3c60cfe68806905ea56,17459,2,True,False,0,True,True
household,/content/waste_datasets/household/garbage_classification/cardboard/cardboard162.jpg,cardboard,cardboard,True,512,384,RGB,352bd249d8783b2b576e8d95ad3bc2b1b44161004de7c1b4e77af1ef5c41d185,23641,3,True,False,0,True,True
household,/content/waste_datasets/household/garbage_classification/green-glass/green-glass390.jpg,green-glass,glass,True,512,384,RGB,352c72230d19272f86d3c2b3a27fcb57f8e64ad24894dec8c6b584f151f6b995,18900,3,True,False,0,True,True
household,/content/waste_datasets/household/garbage_classification/plastic/plastic859.jpg,plastic,plastic,True,512,384,RGB,353979eb66dcf41890687639974f69993de17321c0d38082341eb4af831df4fd,14360,3,True,False,0,True,True
household,/content/waste_datasets/household/garbage_classification/paper/paper799.jpg,paper,paper,True,512,384,RGB,35415039975290f0c7d36c93f5fc684c147e8632e93e9abddacb2cff35f0aad9,30238,3,True,False,0,True,True
household,/content/waste_datasets/household/garbage_classification/metal/metal410.jpg,metal,metal,True,512,384,RGB,35603bfbca4ee38bdfb80d48b080595399f7d2429355140d29f4954ff7a52876,41167,3,True,False,0,True,True
household,/content/waste_datasets/household/garbage_classification/white-glass/white-glass763.jpg,white-glass,glass,True,512,384,RGB,3571a427b37b09269634bd0457245df7b63e0c5165e486596d1a40a54032a385,8661,2,True,False,0,True,True
household,/content/waste_datasets/household/garbage_classification/white-glass/white-glass229.jpg,white-glass,glass,True,512,384,RGB,35a60a89ff0913df2c0c068470fd9ea069abe2c383a2464ec2af765b52b1d282,15192,2,True,False,0,True,True
household,/content/waste_datasets/household/garbage_classification/cardboard/cardboard222.jpg,cardboard,cardboard,True,512,384,RGB,35f9c610d3146313b087df883c8276bf97f37565de61cdc7a75c7721129e2382,21080,3,True,False,0,True,True
household,/content/waste_datasets/household/garbage_classification/paper/paper656.jpg,paper,paper,True,512,384,RGB,35facfc8651ad7df30cb2e5c8af7cff56612bc9e241d06790eb9eb68ea7e944f,34945,3,True,False,0,True,True
household,/content/waste_datasets/household/garbage_classification/paper/paper672.jpg,paper,paper,True,512,384,RGB,36335b010a2b78c5d5ad34f2e8ad5e410ac61d836ec86eae8437c15bd0a002c1,11073,3,True,False,0,True,True
household,/content/waste_datasets/household/garbage_classification/brown-glass/brown-glass280.jpg,brown-glass,glass,True,512,384,RGB,3634290f2e8e578e36042841453d307eb95437fdc0001834403b3a3f9b7d27e2,10104,3,True,False,0,True,True
household,/content/waste_datasets/household/garbage_classification/white-glass/white-glass77.jpg,white-glass,glass,True,512,384,RGB,3662f40f19482d7d470ccf97b095297251d584e6d395fcbef4822c63e58ebf93,8916,2,True,False,0,True,True
household,/content/waste_datasets/household/garbage_classification/cardboard/cardboard254.jpg,cardboard,cardboard,True,512,384,RGB,36ca36eff9248b61e3087fda771b26dd2b7d79af7735ffe513e4e0e05276e0ba,27126,3,True,False,0,True,True
household,/content/waste_datasets/household/garbage_classification/paper/paper6.jpg,paper,paper,True,512,384,RGB,36e9d6b35ec278b7a3c049bca5498f48796d2afd4fea3cc27451d29e857e4a33,8604,3,True,False,0,True,True
household,/content/waste_datasets/household/garbage_classification/metal/metal419.jpg,metal,metal,True,512,384,RGB,37091e78c6dcb2b65011ff77534e0c24008c8ec6f6cdec4252e2b94ddcbbc64b,6369,2,True,False,0,True,True
household,/content/waste_datasets/household/garbage_classification/white-glass/white-glass167.jpg,white-glass,glass,True,512,384,RGB,37a4389fd332b9872644bc5c4d8a44fcd1e3378878ff6cf201d70b659735cfc6,13749,3,True,False,0,True,True
household,/content/waste_datasets/household/garbage_classification/paper/paper468.jpg,paper,paper,True,512,384,RGB,37ae511f773ad52c8fdb11a5cbf2d77110e7c0c3c022cfe283948792e93d5c00,31441,3,True,False,0,True,True
household,/content/waste_datasets/household/garbage_classification/green-glass/green-glass151.jpg,green-glass,glass,True,512,384,RGB,37b39b89ac20b1e95790047208d505c94e11284d100b2005bf27fb297b278e3e,10752,3,True,False,0,True,True
household,/content/waste_datasets/household/garbage_classification/white-glass/white-glass95.jpg,white-glass,glass,True,512,384,RGB,37b42d8eb83eb9db4e31a090cb2b6959b501e202885a996ee31180a3d44c5e86,9505,2,True,False,0,True,True
household,/content/waste_datasets/household/garbage_classification/green-glass/green-glass235.jpg,green-glass,glass,True,512,384,RGB,37c2e5159358ab9cd6a644e910018c716cf7310dbe6edc76f87606e22e146316,18982,3,True,False,0,True,True
household,/content/waste_datasets/household/garbage_classification/metal/metal428.jpg,metal,metal,True,512,384,RGB,37dcdb6d7935644f3ddab0087fd7844392d4cab26670f36cbfc029204550c5a2,14294,3,True,False,0,True,True
household,/content/waste_datasets/household/garbage_classification/paper/paper34.jpg,paper,paper,True,512,384,RGB,37e247538da94b32432136e589f382a91bab6ae45b79e93d097e3f54519b5d40,19894,3,True,False,0,True,True
household,/content/waste_datasets/household/garbage_classification/cardboard/cardboard208.jpg,cardboard,cardboard,True,512,384,RGB,38014677d0ca639b0c8a5ec235b9f7b7987cc95a77764c7dbcd5955f936b5f3e,19699,3,True,False,0,True,True
household,/content/waste_datasets/household/garbage_classification/plastic/plastic258.jpg,plastic,plastic,True,512,384,RGB,3805dc91d17d98623af7b5c2d018b85944d42796b4fa9395323177d86119225b,16757,3,True,False,0,True,True
household,/content/waste_datasets/household/garbage_classification/metal/metal54.jpg,metal,metal,True,512,384,RGB,3811593a63b4190976121c5d43287d3b70342ed35acc52b4a47aa45999f44740,22508,3,True,False,0,True,True
household,/content/waste_datasets/household/garbage_classification/paper/paper1037.jpg,paper,paper,True,512,384,RGB,38119fcc2f80936b404ef9b72083cae5e9d8fc8d97ec28e771e3b7fd5c215680,37647,3,True,False,0,True,True
household,/content/waste_datasets/household/garbage_classification/cardboard/cardboard210.jpg,cardboard,cardboard,True,512,384,RGB,382b0693c5d560a52b8632547013392b9dcc18cdf0b84c9fe7035073497b854c,16672,3,True,False,0,True,True
household,/content/waste_datasets/household/garbage_classification/metal/metal41.jpg,metal,metal,True,512,384,RGB,3836a0711418d666200b8372411a94b4c5ba6c904eb5a9e35284de911904a657,13655,3,True,False,0,True,True
household,/content/waste_datasets/household/garbage_classification/white-glass/white-glass756.jpg,white-glass,glass,True,512,384,RGB,3884af902ca01c8ee80ddd364d0f8a59c10946f545fc6a7ec32c71016ccc7b45,11183,2,True,False,0,True,True
household,/content/waste_datasets/household/garbage_classification/paper/paper666.jpg,paper,paper,True,512,384,RGB,388f298b78c8e58e0b3bbc5a4b570a6ef981cd8b5cf994aaa774c75d3076107d,21368,3,True,False,0,True,True
household,/content/waste_datasets/household/garbage_classification/brown-glass/brown-glass225.jpg,brown-glass,glass,True,512,384,RGB,38dec10915658f16888ee956e108457632dc1baf95b8f8a9d29d8d26c18c484a,9253,3,True,False,0,True,True
household,/content/waste_datasets/household/garbage_classification/cardboard/cardboard759.jpg,cardboard,cardboard,True,512,384,RGB,39385c062633523815827cdf6687d430bd880a937d7ca2ffc08ef11dd6bcdc35,28358,3,True,False,0,True,True
household,/content/waste_datasets/household/garbage_classification/plastic/plastic90.jpg,plastic,plastic,True,512,384,RGB,393c105a4f5bb2eb904f6b2e4bd9da533fc7ade97df1f3c79d8e51da9c2b9d14,15555,3,True,False,0,True,True
household,/content/waste_datasets/household/garbage_classification/paper/paper628.jpg,paper,paper,True,512,384,RGB,39744979d229b80403d359a89c10506d9fbed857b370a5705c4688694d156a0c,12036,3,True,False,0,True,True
household,/content/waste_datasets/household/garbage_classification/metal/metal111.jpg,metal,metal,True,512,384,RGB,397b8780b62f129acddb0758d07f8570542427e97750f11f0bac39c8908ca55d,10994,3,True,False,0,True,True
household,/content/waste_datasets/household/garbage_classification/white-glass/white-glass162.jpg,white-glass,glass,True,512,384,RGB,397ecafd3816d263b77e35923e90881b8b5577a93ae8ee8d65852a568766643e,16368,2,True,False,0,True,True
household,/content/waste_datasets/household/garbage_classification/white-glass/white-glass76.jpg,white-glass,glass,True,512,384,RGB,39b5c2bce4fa36bd900247e549871485ca3be3a2eb318a3b425da04583f460e7,20243,3,True,False,0,True,True
household,/content/waste_datasets/household/garbage_classification/plastic/plastic413.jpg,plastic,plastic,True,512,384,RGB,39f4528b48c35e138c9dc35a57987bb7c63084c759498487440c0ae1a7868549,20908,2,True,False,0,True,True
household,/content/waste_datasets/household/garbage_classification/plastic/plastic766.jpg,plastic,plastic,True,512,384,RGB,39fa46dfa5ddaace2af4e36919d320f5abad7718b7d00d227dd0decca92c92a3,9100,3,True,False,0,True,True
household,/content/waste_datasets/household/garbage_classification/cardboard/cardboard115.jpg,cardboard,cardboard,True,512,384,RGB,3a0e12d4d8e11d8d37f4404a56e4e675cb87f17146449a5e0c779db8035c5641,14717,3,True,False,0,True,True
household,/content/waste_datasets/household/garbage_classification/brown-glass/brown-glass156.jpg,brown-glass,glass,True,512,384,RGB,3a14177bc50b3e0785c831f68805dfcf2d707067ffcf8047c320ef25e0313166,15697,2,True,False,0,True,True
household,/content/waste_datasets/household/garbage_classification/cardboard/cardboard278.jpg,cardboard,cardboard,True,512,384,RGB,3a1bcbd1887b7c525cc5b1a4bf2007e221f32f17fddb6e7557da7a9b9194ad76,18932,3,True,False,0,True,True
household,/content/waste_datasets/household/garbage_classification/paper/paper532.jpg,paper,paper,True,512,384,RGB,3a2f5b1baa2445cdc1d776bb8c928c088f453e1f6576ac9c1486299fab84d2ad,12137,3,True,False,0,True,True
household,/content/waste_datasets/household/garbage_classification/white-glass/white-glass117.jpg,white-glass,glass,True,512,384,RGB,3a33c3a34bd6f93cb166d7502ba11fcc6b9d8f585e4ad96709bfa540d6883e0c,13490,3,True,False,0,True,True
household,/content/waste_datasets/household/garbage_classification/paper/paper460.jpg,paper,paper,True,512,384,RGB,3a43c3ca2559710cb8710467f46af86d480a6afcfa7064c1b66231cf21331d11,26563,3,True,False,0,True,True
household,/content/waste_datasets/household/garbage_classification/plastic/plastic162.jpg,plastic,plastic,True,512,384,RGB,3a8fdcb0c7b95bc9474fa8302f77da9eeb113aeb3bc3a1dbcd6f84d07161e748,15440,3,True,False,0,True,True
household,/content/waste_datasets/household/garbage_classification/paper/paper1048.jpg,paper,paper,True,512,384,RGB,3aafd94b9ef477f76fa3d6d86224b44680363abd0ebbb7af3a99930876290c3c,13700,3,True,False,0,True,True
household,/content/waste_datasets/household/garbage_classification/cardboard/cardboard291.jpg,cardboard,cardboard,True,512,384,RGB,3b0a8c4f56f40c65c2803095cb0e749c96f1fbda615ff23eec4fca0c0f8e1769,14830,3,True,False,0,True,True
household,/content/waste_datasets/household/garbage_classification/green-glass/green-glass185.jpg,green-glass,glass,True,512,384,RGB,3b2881134af110d59e8b4ccc50727239edfa5e5c03a63da792ae685edafe8c5a,7289,3,True,False,0,True,True
household,/content/waste_datasets/household/garbage_classification/white-glass/white-glass596.jpg,white-glass,glass,True,512,384,RGB,3b673c0a98f66b2153983e049f2231acd197da6322ec81a5e26dc4281dcf1edd,13899,3,True,False,0,True,True
household,/content/waste_datasets/household/garbage_classification/paper/paper919.jpg,paper,paper,True,512,384,RGB,3b82772d2649481097e9d843f019974ba6f375ecaaabcc8d4339b00fff38f9e0,10682,3,True,False,0,True,True
household,/content/waste_datasets/household/garbage_classification/plastic/plastic148.jpg,plastic,plastic,True,512,384,RGB,3b9ffe4f163e4626818b0ac88b0beee5cd018c2456b7c00eb46cbf05052be268,14014,3,True,False,0,True,True
household,/content/waste_datasets/household/garbage_classification/brown-glass/brown-glass289.jpg,brown-glass,glass,True,512,384,RGB,3bb32682a12512d9910974e21afa5a7384d072c28a84fc026f3fcf8abcb474a0,13575,3,True,False,0,True,True
household,/content/waste_datasets/household/garbage_classification/paper/paper856.jpg,paper,paper,True,512,384,RGB,3be8b3c06fd8ac3684fd3ef524d402f7fe00bd5ba88881de3574c9ec2209306a,19652,3,True,False,0,True,True
household,/content/waste_datasets/household/garbage_classification/plastic/plastic436.jpg,plastic,plastic,True,512,384,RGB,3bea414efe7ec324c143e02c7e84c5966cdcf702cd0e75e38b29783881d78d17,18959,3,True,False,0,True,True
household,/content/waste_datasets/household/garbage_classification/plastic/plastic772.jpg,plastic,plastic,True,512,384,RGB,3c1cc3b63ab1cdf605adfabb8fb059f2471645516fc99446a4c665d85f7541ff,14716,3,True,False,0,True,True
household,/content/waste_datasets/household/garbage_classification/paper/paper879.jpg,paper,paper,True,512,384,RGB,3c450100d7911dfc43bf22a2c9d385b15e41db51db99f57fbe71c331b704e40b,14539,3,True,False,0,True,True
household,/content/waste_datasets/household/garbage_classification/white-glass/white-glass78.jpg,white-glass,glass,True,512,384,RGB,3c6fd9489e4f34920a581c19930bb6288d757089c209e925cb24cf5988fe79a4,14294,2,True,False,0,True,True
household,/content/waste_datasets/household/garbage_classification/cardboard/cardboard219.jpg,cardboard,cardboard,True,512,384,RGB,3cab8da92906464c455c754c576cf7697ffb5d6ec169e7884f792f33cad264ab,23412,3,True,False,0,True,True
household,/content/waste_datasets/household/garbage_classification/metal/metal193.jpg,metal,metal,True,512,384,RGB,3cdc3eb989939aee0d5be291dbac6db8fde8561fb1bc1a053c81e18f77b225dd,14578,3,True,False,0,True,True
household,/content/waste_datasets/household/garbage_classification/plastic/plastic217.jpg,plastic,plastic,True,512,384,RGB,3cdfa94c9893bf571a8e46fdb728f1f6ea7da1a222c6f6573eb59981631d3d1d,14975,3,True,False,0,True,True
household,/content/waste_datasets/household/garbage_classification/plastic/plastic232.jpg,plastic,plastic,True,512,384,RGB,3cea91cd461f29869fb632d8e6e4ee625dcc6dcdaf4d2a3e5c457c70a0ed7bd9,17855,3,True,False,0,True,True
household,/content/waste_datasets/household/garbage_classification/plastic/plastic34.jpg,plastic,plastic,True,512,384,RGB,3d1e36e5e4c1af663d0509513d856d7430c70915e52c20cb1b9f2e0979a2a2fe,15793,3,True,False,0,True,True
household,/content/waste_datasets/household/garbage_classification/white-glass/white-glass64.jpg,white-glass,glass,True,512,384,RGB,3d20e97c12fd189de4743990657479f67326d30b66b8c14ed2a82f904610e25a,10943,3,True,False,0,True,True
household,/content/waste_datasets/household/garbage_classification/metal/metal64.jpg,metal,metal,True,512,384,RGB,3d427a2a75704ec9cdab1dd4253dfa54b5bf359f0dc3c8ed4430ea2856205c5b,19180,3,True,False,0,True,True
household,/content/waste_datasets/household/garbage_classification/cardboard/cardboard77.jpg,cardboard,cardboard,True,512,384,RGB,3d52014c2951d04cf94cebb05398f782e76614a815da114f6f0b925c7d5d0444,25810,3,True,False,0,True,True
household,/content/waste_datasets/household/garbage_classification/plastic/plastic182.jpg,plastic,plastic,True,512,384,RGB,3d697a4663ef8312ec806f1d35cb40331bad3dbf9bc190958983906808039a1d,9834,3,True,False,0,True,True
household,/content/waste_datasets/household/garbage_classification/white-glass/white-glass98.jpg,white-glass,glass,True,512,384,RGB,3dc88815b7460818c470fa8ae1e45fb439ac5fca8ca2009bf917367c2f00973e,11393,3,True,False,0,True,True
household,/content/waste_datasets/household/garbage_classification/white-glass/white-glass540.jpg,white-glass,glass,True,512,384,RGB,3e0867ff00914ae8338566ade7383c36ae2a0ce319c941ca1b2d12bc7ae92715,10563,3,True,False,0,True,True
household,/content/waste_datasets/household/garbage_classification/metal/metal142.jpg,metal,metal,True,512,384,RGB,3e24987057034d4bdb1e5f4efd6530f833f37bce839f38bed2c0f2dbdc22ae00,10354,3,True,False,0,True,True
household,/content/waste_datasets/household/garbage_classification/paper/paper927.jpg,paper,paper,True,512,384,RGB,3e2f85826777e8e31f054c8ef412589a0cf6904671fbd61e0eff6ca45570aeb7,9217,3,True,False,0,True,True
household,/content/waste_datasets/household/garbage_classification/cardboard/cardboard346.jpg,cardboard,cardboard,True,512,384,RGB,3e3a0532e27cab09824cc8de8dbc113e9597367ef0768c765bdad44f4e7869f1,20111,3,True,False,0,True,True
household,/content/waste_datasets/household/garbage_classification/paper/paper505.jpg,paper,paper,True,512,384,RGB,3e3bffeb082bd000d3432c0d0b094ce4c0c37ad0fec976199a53c6d9a41ca400,11180,3,True,False,0,True,True
household,/content/waste_datasets/household/garbage_classification/metal/metal354.jpg,metal,metal,True,512,384,RGB,3e5f126d709306c52a7ed69d1cd485fca28af671e17b741aab5f6747905efeb3,20054,3,True,False,0,True,True
household,/content/waste_datasets/household/garbage_classification/cardboard/cardboard213.jpg,cardboard,cardboard,True,512,384,RGB,3e69c4338acd879596b5c97185f04de6d09725f6273485154db96173aecd54f2,19320,3,True,False,0,True,True
household,/content/waste_datasets/household/garbage_classification/cardboard/cardboard63.jpg,cardboard,cardboard,True,512,384,RGB,3e8809962ba990c69e8e5cf5f85e13a720c32b59ce530b4757caa260778319af,11824,3,True,False,0,True,True
household,/content/waste_datasets/household/garbage_classification/white-glass/white-glass159.jpg,white-glass,glass,True,512,384,RGB,3f106cb0813a448be81714e980df86c50260283f262d10b2ab0a5c6f81cc4af7,11488,2,True,False,0,True,True
household,/content/waste_datasets/household/garbage_classification/white-glass/white-glass66.jpg,white-glass,glass,True,512,384,RGB,3f136831cbe89c6e52fa4e675a7d6f55b5ea5e97fc5422a2ffa633c35898ce8a,9412,3,True,False,0,True,True
household,/content/waste_datasets/household/garbage_classification/cardboard/cardboard159.jpg,cardboard,cardboard,True,512,384,RGB,3f35afdf48a24f5233f1e1f7a8711b108f806a00f1d012643a732a01ea004820,25479,3,True,False,0,True,True
household,/content/waste_datasets/household/garbage_classification/plastic/plastic288.jpg,plastic,plastic,True,512,384,RGB,3f3832c7c25c9b7f8fddaf2ade395408e7881c9624ede81e0ac7c02899a6e7e4,21305,3,True,False,0,True,True
household,/content/waste_datasets/household/garbage_classification/cardboard/cardboard38.jpg,cardboard,cardboard,True,512,384,RGB,3f5fba27f5c8a3e46bdbcbccb8e42ff38514e6bd5b6ac3aac96a8d44a05e52ea,9654,3,True,False,0,True,True
household,/content/waste_datasets/household/garbage_classification/paper/paper668.jpg,paper,paper,True,512,384,RGB,3f7ed65f05f1715380f8587b6866e130240666e7cd130a1fe47ce1b59428faa4,17959,3,True,False,0,True,True
household,/content/waste_datasets/household/garbage_classification/cardboard/cardboard82.jpg,cardboard,cardboard,True,512,384,RGB,3facd5e43ff1d5a9868bdb443b23967aebf11d2361e706b09857d8e5bdc06436,19983,3,True,False,0,True,True
household,/content/waste_datasets/household/garbage_classification/plastic/plastic122.jpg,plastic,plastic,True,512,384,RGB,3fb602d0fe1022300e1c63168f0f24a5c504ef3d3d026e93d8424d458c86ef9f,15727,3,True,False,0,True,True
household,/content/waste_datasets/household/garbage_classification/metal/metal250.jpg,metal,metal,True,512,384,RGB,3fb7d5f244ca5b4d02832532530628fba9afa99efe8bf20de9b7c1bcc1f3604f,11685,2,True,False,0,True,True
household,/content/waste_datasets/household/garbage_classification/cardboard/cardboard485.jpg,cardboard,cardboard,True,512,384,RGB,3fb80051a8aa0e7682187c6f9f806154eee6862d7cd1c596cf70c226ff7c03b7,16266,2,True,False,0,True,True
household,/content/waste_datasets/household/garbage_classification/metal/metal275.jpg,metal,metal,True,512,384,RGB,3fc1bdb490635c22909fa7893acac3824a50f66262e35f484f67ec609d0e5747,12024,3,True,False,0,True,True
household,/content/waste_datasets/household/garbage_classification/metal/metal402.jpg,metal,metal,True,512,384,RGB,3ff96fcc9bba133ea54d8b1169379a15386c4a0613e92fc7bc9dc259e6b89d89,12497,3,True,False,0,True,True
household,/content/waste_datasets/household/garbage_classification/paper/paper688.jpg,paper,paper,True,512,384,RGB,4047ea7e2f5dbfb3bef5606d105483ebc5e87ad824b83f61628d8a1d2c044829,25174,3,True,False,0,True,True
household,/content/waste_datasets/household/garbage_classification/white-glass/white-glass772.jpg,white-glass,glass,True,512,384,RGB,4064fb3f30d5fc4ab56449d58f0981239b0cc67ee5d5c267726b8ab9ad4cc6d3,7891,3,True,False,0,True,True
household,/content/waste_datasets/household/garbage_classification/plastic/plastic198.jpg,plastic,plastic,True,512,384,RGB,406d94f0202c91a7396337fffc1ab626151fccb951aa4ccc3b221ef87a1ea6ae,8023,3,True,False,0,True,True
household,/content/waste_datasets/household/garbage_classification/white-glass/white-glass401.jpg,white-glass,glass,True,512,384,RGB,40744cb88ba72cd24570d624727dd0d6c7ff94a6ecf813fbde0d52174acd7b84,12443,2,True,False,0,True,True
household,/content/waste_datasets/household/garbage_classification/metal/metal208.jpg,metal,metal,True,512,384,RGB,408da93fefe2c7c939e13aabdde2c8ede85690177d8377a244d0794ec38466a3,36481,3,True,False,0,True,True
household,/content/waste_datasets/household/garbage_classification/brown-glass/brown-glass163.jpg,brown-glass,glass,True,512,384,RGB,40c8393aae8bba3c72093e8e1085f898cff0ba21a28da08608f65c0dcfbf6c5d,13320,3,True,False,0,True,True
household,/content/waste_datasets/household/garbage_classification/metal/metal463.jpg,metal,metal,True,512,384,RGB,40e84ceaacd80fb905fdea88465d9bc8eadf725531d479aa614b5279f0f3c0df,12436,3,True,False,0,True,True
household,/content/waste_datasets/household/garbage_classification/white-glass/white-glass55.jpg,white-glass,glass,True,512,384,RGB,40fdf09542131e8ac3ec229e22558ec7ff4c7922f72fea5977e2565ac08a4393,10152,3,True,False,0,True,True
household,/content/waste_datasets/household/garbage_classification/paper/paper691.jpg,paper,paper,True,512,384,RGB,4124289a0d756472e2fb36c2b4eccc1614d68b1b6b1695147a5afde8fdb2a5b0,6500,3,True,False,0,True,True
household,/content/waste_datasets/household/garbage_classification/white-glass/white-glass176.jpg,white-glass,glass,True,512,384,RGB,412b46561dbf161c5f7882223d89c2b6fce78823a98d477947bb7e0372f573fa,15828,3,True,False,0,True,True
household,/content/waste_datasets/household/garbage_classification/metal/metal325.jpg,metal,metal,True,512,384,RGB,4151023e49f4fc4a400dcdf30976aa36702669294bafd6a7b8f94cd145b47527,31921,3,True,False,0,True,True
household,/content/waste_datasets/household/garbage_classification/plastic/plastic168.jpg,plastic,plastic,True,512,384,RGB,4153554f90520551ad05959e1e6631483d5f34669e59412d33e8ccac10ff7879,9805,3,True,False,0,True,True
household,/content/waste_datasets/household/garbage_classification/plastic/plastic253.jpg,plastic,plastic,True,512,384,RGB,41691dd04158ed6b0a2cffe6470a4e4c28bc1a172d6b0abc57233f7564872443,13621,3,True,False,0,True,True
household,/content/waste_datasets/household/garbage_classification/cardboard/cardboard147.jpg,cardboard,cardboard,True,512,384,RGB,416cf318238625e3c4a465e685e372ea5edbb69c10c832b666b2fdb1050bc17e,21563,3,True,False,0,True,True
household,/content/waste_datasets/household/garbage_classification/paper/paper1044.jpg,paper,paper,True,512,384,RGB,41b57d2c0c364edc6d89b34d2e318c64088db2d0eb6d54a3551f1fc892484359,11558,3,True,False,0,True,True
household,/content/waste_datasets/household/garbage_classification/plastic/plastic8.jpg,plastic,plastic,True,512,384,RGB,41b6b1ba77e63f97ad6f3d74272bbf00addd0d15b2120e3a7187860de3d1dcaa,17231,3,True,False,0,True,True
household,/content/waste_datasets/household/garbage_classification/paper/paper981.jpg,paper,paper,True,512,384,RGB,41db990d64d3070a7d5657566a307c6dfe30efc37ef87762e34882bffbacb011,14414,3,True,False,0,True,True
household,/content/waste_datasets/household/garbage_classification/cardboard/cardboard133.jpg,cardboard,cardboard,True,512,384,RGB,41ee3fc020aa9b670f392a81dba3dd965cf2bd79762b61fdb508f5ab79e2d55e,10241,3,True,False,0,True,True
household,/content/waste_datasets/household/garbage_classification/metal/metal278.jpg,metal,metal,True,512,384,RGB,4210dfa7e3521964cb46de56a87006830a54906c076fb0b9de9be498f1ceed65,17274,3,True,False,0,True,True
household,/content/waste_datasets/household/garbage_classification/plastic/plastic446.jpg,plastic,plastic,True,512,384,RGB,422899cba7912927777c3f682ca2eb7400f067b69a908e15c0026779e3fea928,10993,3,True,False,0,True,True
household,/content/waste_datasets/household/garbage_classification/metal/metal218.jpg,metal,metal,True,512,384,RGB,423df73e6a1bd921e9e7a1ffee26f7ab06f57bac182b063df421b5b728178f3b,26612,3,True,False,0,True,True
household,/content/waste_datasets/household/garbage_classification/paper/paper46.jpg,paper,paper,True,512,384,RGB,424e4b99c87b9a0bcde31b5835fb39f6428223508d1b3ed971d4d688b2d6aceb,10069,3,True,False,0,True,True
household,/content/waste_datasets/household/garbage_classification/metal/metal28.jpg,metal,metal,True,512,384,RGB,42724b3d2dd58e39269e0222b8fa4474e4b56e5a678e9c57757ac0f943021d88,19369,3,True,False,0,True,True
household,/content/waste_datasets/household/garbage_classification/white-glass/white-glass109.jpg,white-glass,glass,True,512,384,RGB,42936fee73ebeb8d5e733f9f3a0448c7a5cd6cab2694e501e2e82868c2902c7e,21019,2,True,False,0,True,True
household,/content/waste_datasets/household/garbage_classification/plastic/plastic374.jpg,plastic,plastic,True,512,384,RGB,42961ff5bb972e412575a53d3d24459a04e4ab47cbf18961d3cdbc70d49ca404,12683,3,True,False,0,True,True
household,/content/waste_datasets/household/garbage_classification/plastic/plastic80.jpg,plastic,plastic,True,512,384,RGB,42b050a661efcd6435a8a4175dda15a46fa92c70230aea91514e75eefb375dbf,9708,2,True,False,0,True,True
household,/content/waste_datasets/household/garbage_classification/white-glass/white-glass14.jpg,white-glass,glass,True,512,384,RGB,42bd941e901f1e87dbf0e61f3ad0f75686d462a6d9e8636d79fb5542e06287d6,7782,3,True,False,0,True,True
household,/content/waste_datasets/household/garbage_classification/paper/paper886.jpg,paper,paper,True,512,384,RGB,42d237120099c86a3061407b3ff0e7b1b669c3890726337d79ff33b41e33e01e,33792,2,True,False,0,True,True
household,/content/waste_datasets/household/garbage_classification/cardboard/cardboard287.jpg,cardboard,cardboard,True,512,384,RGB,42eca9d4f3d04039b1fda9f02b359dfd5399d91c4e1de7a194b577e484603356,24299,3,True,False,0,True,True
household,/content/waste_datasets/household/garbage_classification/metal/metal140.jpg,metal,metal,True,512,384,RGB,4302630b651a017c0c0e98695384f4373f67390a7472fac5105d388ffa131701,15677,3,True,False,0,True,True
household,/content/waste_datasets/household/garbage_classification/green-glass/green-glass297.jpg,green-glass,glass,True,512,384,RGB,432a5d3f5e82b75c82ee6b504329e27b3b55b34a0907d3faa6800f3bb2bd000e,13580,3,True,False,0,True,True
household,/content/waste_datasets/household/garbage_classification/paper/paper928.jpg,paper,paper,True,512,384,RGB,435ec5f06f2c3b17bdddb0c8df8c8a23e7a6cec9709026a9981beade2bf4c8cc,33365,3,True,False,0,True,True
household,/content/waste_datasets/household/garbage_classification/metal/metal229.jpg,metal,metal,True,512,384,RGB,436a9a4a5d914bc949558e40833bb456353635f1c2a766f5e58adff761e9972c,20714,3,True,False,0,True,True
household,/content/waste_datasets/household/garbage_classification/paper/paper822.jpg,paper,paper,True,512,384,RGB,4370dd35ca450cbd3185bc1aaa255fd339c44005e04956c1ffab801e5b5edea6,32749,2,True,False,0,True,True
household,/content/waste_datasets/household/garbage_classification/green-glass/green-glass218.jpg,green-glass,glass,True,512,384,RGB,4380bffed0658c92bce01740ecc84859161d2f32a1edaad8d9df2c428b68fd3b,17430,3,True,False,0,True,True
household,/content/waste_datasets/household/garbage_classification/paper/paper814.jpg,paper,paper,True,512,384,RGB,4393828d8f152f58a4e753b66a60a9207b1e0dc5cc151932625b58c3b76ad578,16442,3,True,False,0,True,True
household,/content/waste_datasets/household/garbage_classification/plastic/plastic25.jpg,plastic,plastic,True,512,384,RGB,4396b640336b9df28c71d007065045e2d56dd83bb6cd6bbaccb1f43f22df3cfc,16094,3,True,False,0,True,True
household,/content/waste_datasets/household/garbage_classification/paper/paper587.jpg,paper,paper,True,512,384,RGB,43dbb538bc61809e953ab1886bfeeae68a76ab2acfe6d1d01bf76768a0d334e2,42276,3,True,False,0,True,True
household,/content/waste_datasets/household/garbage_classification/plastic/plastic407.jpg,plastic,plastic,True,512,384,RGB,43e494e51a912320499ec75c5b73769668f094dc5982a13ea6dfafa50033ff8e,14979,3,True,False,0,True,True
household,/content/waste_datasets/household/garbage_classification/cardboard/cardboard75.jpg,cardboard,cardboard,True,512,384,RGB,43f7d35bcfd1392405f5e3e3d3a8cda18edeca51644c1a1afe44592a6e60d383,25600,3,True,False,0,True,True
household,/content/waste_datasets/household/garbage_classification/plastic/plastic786.jpg,plastic,plastic,True,512,384,RGB,443a178c7fe0793564fd8213aea0dc218c863f50fa6dd43f88e47b837f807e9a,8906,3,True,False,0,True,True
household,/content/waste_datasets/household/garbage_classification/metal/metal131.jpg,metal,metal,True,512,384,RGB,4440ceed66c69c6acd75164bccfe84c812fbbdcafa8fedf87725690dead684d0,12612,3,True,False,0,True,True
household,/content/waste_datasets/household/garbage_classification/cardboard/cardboard251.jpg,cardboard,cardboard,True,512,384,RGB,44474bf3fefd8dd4d0cbe096a918f7eb5cb8c54efe0d35e0f5ef1cc9fdb84635,19718,3,True,False,0,True,True
household,/content/waste_datasets/household/garbage_classification/white-glass/white-glass182.jpg,white-glass,glass,True,512,384,RGB,4464510c31bd81e7cf43cfa7e5ac1ba0ac03a462c44bd39925b36b723f3af415,14239,3,True,False,0,True,True
household,/content/waste_datasets/household/garbage_classification/cardboard/cardboard693.jpg,cardboard,cardboard,True,512,384,RGB,446a1f224747b2056f5fe0bf50903519608e559fd1ce7ecad8aaf3ad7077bd97,14405,3,True,False,0,True,True
household,/content/waste_datasets/household/garbage_classification/metal/metal205.jpg,metal,metal,True,512,384,RGB,446c9fe739a30a3c50308702b678c30e9a9ba110650dea6da94c1cab53d7c2b6,17475,3,True,False,0,True,True
household,/content/waste_datasets/household/garbage_classification/paper/paper39.jpg,paper,paper,True,512,384,RGB,446d91c53349d060d565485ee9be553f3f0a694b5b2f56f40bd03ca4be8e4abf,14797,3,True,False,0,True,True
household,/content/waste_datasets/household/garbage_classification/plastic/plastic415.jpg,plastic,plastic,True,512,384,RGB,447ead7e3de2c149161648bc34fcfbd4e9fe5d98efa686d617685631969b5159,8799,3,True,False,0,True,True
household,/content/waste_datasets/household/garbage_classification/cardboard/cardboard101.jpg,cardboard,cardboard,True,512,384,RGB,448e75e25fc89c0af92631d09fe6a6b3c86d121478ba1b9fd8f57a6ccb2a98e1,16303,3,True,False,0,True,True
household,/content/waste_datasets/household/garbage_classification/metal/metal72.jpg,metal,metal,True,512,384,RGB,44a528cec4142730c7e559a34c9b0552fa59a0d08a54bd9cdd1634bc9ca7c837,12699,3,True,False,0,True,True
household,/content/waste_datasets/household/garbage_classification/paper/paper960.jpg,paper,paper,True,512,384,RGB,44c3a8746de764692183aaba206853754323cb98b1c0853bae98f33ce520dc24,13239,3,True,False,0,True,True
household,/content/waste_datasets/household/garbage_classification/plastic/plastic448.jpg,plastic,plastic,True,512,384,RGB,44d8c7b8b344ab3ba030ea0492d186b786fdc4a8c2010aa2e8a0dc98cb4e1ede,16938,3,True,False,0,True,True
household,/content/waste_datasets/household/garbage_classification/metal/metal404.jpg,metal,metal,True,512,384,RGB,44edfada36d51d2098507fb89d79f50e79df3ea8c2b122c18502ae782e0ca4f2,13220,3,True,False,0,True,True
household,/content/waste_datasets/household/garbage_classification/metal/metal18.jpg,metal,metal,True,512,384,RGB,44efcc80b146735d5a7a0ffb6356641cd3ef996019ef43a0e16af87ff6d1354a,14770,3,True,False,0,True,True
household,/content/waste_datasets/household/garbage_classification/cardboard/cardboard239.jpg,cardboard,cardboard,True,512,384,RGB,450d323adb8f48ed84871a410ba3d17e3ab51b8c3a239654541127f6a10a5e99,13770,3,True,False,0,True,True
household,/content/waste_datasets/household/garbage_classification/plastic/plastic58.jpg,plastic,plastic,True,512,384,RGB,450d4d2935c87906b62afaea9d3cb7fac59bf764c6872b134761419c32240c75,18656,3,True,False,0,True,True
household,/content/waste_datasets/household/garbage_classification/white-glass/white-glass86.jpg,white-glass,glass,True,512,384,RGB,454aa11745490520219dd72eb6fe797f395c9a1d1f72ba0b77dbdad2d3583198,8982,2,True,False,0,True,True
household,/content/waste_datasets/household/garbage_classification/green-glass/green-glass342.jpg,green-glass,glass,True,512,384,RGB,456d3c327cc80e01f1c1bf8547be1cb4bbc1a987178b5aad384795f013e9c497,24086,3,True,False,0,True,True
household,/content/waste_datasets/household/garbage_classification/plastic/plastic745.jpg,plastic,plastic,True,512,384,RGB,45728f9cf17d582f05318c2b21ffaee274242199fd26a96f5a53aba032a37bbd,26740,3,True,False,0,True,True
household,/content/waste_datasets/household/garbage_classification/paper/paper1038.jpg,paper,paper,True,512,384,RGB,4574ebaaf26c9ed0c898f1fe81e11ff874832c5d880b33645d175be23f580fed,10929,3,True,False,0,True,True
household,/content/waste_datasets/household/garbage_classification/paper/paper698.jpg,paper,paper,True,512,384,RGB,45896b90501bf5c7a229f61470f20be296f3f682e01acda906db6a00d2e37d30,19987,3,True,False,0,True,True
household,/content/waste_datasets/household/garbage_classification/cardboard/cardboard682.jpg,cardboard,cardboard,True,512,384,RGB,458ac3217efd4424d16c41de6cbc367124594a43c8c8d988f733b007c31a4455,19719,3,True,False,0,True,True
household,/content/waste_datasets/household/garbage_classification/brown-glass/brown-glass304.jpg,brown-glass,glass,True,512,384,RGB,45a15d21f4556db785bfcc84229f87011fc1dd602dfc3b98c1a190d7bc8c4624,12684,3,True,False,0,True,True
household,/content/waste_datasets/household/garbage_classification/white-glass/white-glass574.jpg,white-glass,glass,True,512,384,RGB,45a69094577ef5145e52bf1885b5c52f90db42455c6382e663d99b11a0e9b21c,15950,3,True,False,0,True,True
household,/content/waste_datasets/household/garbage_classification/metal/metal149.jpg,metal,metal,True,512,384,RGB,45ac1160c83f9b3e15d55a4e440f2259a63b1bfbb6e85e0f94a9d8ff163a015b,10579,3,True,False,0,True,True
household,/content/waste_datasets/household/garbage_classification/plastic/plastic194.jpg,plastic,plastic,True,512,384,RGB,45b4e36df6c6750a9d602c296afec5c54d044d0b045352030e2c72a2198890ca,17892,3,True,False,0,True,True
household,/content/waste_datasets/household/garbage_classification/plastic/plastic862.jpg,plastic,plastic,True,512,384,RGB,45ccd79331785e8cc08dc6f31a02f471c4bbf44300d562a553e8fb21b18c3857,8317,3,True,False,0,True,True
household,/content/waste_datasets/household/garbage_classification/paper/paper790.jpg,paper,paper,True,512,384,RGB,45d7ecea2e79f7f7b57157775087ce63c4246815ea6e5b0b9f1678ae5191cc46,9872,3,True,False,0,True,True
household,/content/waste_datasets/household/garbage_classification/paper/paper675.jpg,paper,paper,True,512,384,RGB,45f205eb9498434c6a82f8deb9a4ec3a8650783062f4370e5936d021e6987b89,13177,3,True,False,0,True,True
household,/content/waste_datasets/household/garbage_classification/plastic/plastic273.jpg,plastic,plastic,True,512,384,RGB,4647225f2142d3d40c46ab71c47b062b2db1037d8a2c6041a4a4bc1f9ed29e97,14268,3,True,False,0,True,True
household,/content/waste_datasets/household/garbage_classification/plastic/plastic280.jpg,plastic,plastic,True,512,384,RGB,46589779c40299c82795d1ed0eb6d9f045e969eac0470a0e448e950a32db54da,11610,3,True,False,0,True,True
household,/content/waste_datasets/household/garbage_classification/white-glass/white-glass32.jpg,white-glass,glass,True,512,384,RGB,465ce672c482ee53530f99ce33b0bf787f13576bf6e3a6eb8147b2b15ee4d0ce,7190,3,True,False,0,True,True
household,/content/waste_datasets/household/garbage_classification/metal/metal126.jpg,metal,metal,True,512,384,RGB,4666c6f95e953bcfa6db4f274732a1864ff40b93fb19ddf76ec0f2e8c588ae62,19455,3,True,False,0,True,True
household,/content/waste_datasets/household/garbage_classification/plastic/plastic387.jpg,plastic,plastic,True,512,384,RGB,4674e3d6eee6f7ed7b4e67e6b00d0ad920daca0b38b3b1031c36e5a17067da94,13219,3,True,False,0,True,True
household,/content/waste_datasets/household/garbage_classification/plastic/plastic26.jpg,plastic,plastic,True,512,384,RGB,46790a275ac54d841ca2f6a981f192a2c212473a9408f9b2fd5c42e021019c4b,9917,3,True,False,0,True,True
household,/content/waste_datasets/household/garbage_classification/white-glass/white-glass96.jpg,white-glass,glass,True,512,384,RGB,469732764a37f039d827de6764e99a864d3fc95f2469d5397a6ef3f7c6a5e82f,20658,2,True,False,0,True,True
household,/content/waste_datasets/household/garbage_classification/metal/metal356.jpg,metal,metal,True,512,384,RGB,46ae76df42f34a292d93347d29f41c1f88cc0737e1e4e4a3f9759c3b1e270654,11467,3,True,False,0,True,True
household,/content/waste_datasets/household/garbage_classification/paper/paper717.jpg,paper,paper,True,512,384,RGB,46b051fc891308459fb97b93876386743eb143cde82fe90ae679e3dda550ff44,11161,3,True,False,0,True,True
household,/content/waste_datasets/household/garbage_classification/plastic/plastic366.jpg,plastic,plastic,True,512,384,RGB,46cbc05c854f0f1d952e1a79ea96de55e43928babecf1157424f7ef2a94e6686,17055,2,True,False,0,True,True
household,/content/waste_datasets/household/garbage_classification/cardboard/cardboard130.jpg,cardboard,cardboard,True,512,384,RGB,46e27e260d1ce2341235f162b7b7681dae08f8d8d494a9b50365b6a64ccfa7a0,19922,3,True,False,0,True,True
household,/content/waste_datasets/household/garbage_classification/plastic/plastic170.jpg,plastic,plastic,True,512,384,RGB,4737f744e32e648dc1711e84cb56d9f453afe9d9ee271f82fdfeaf4b752d48d7,10557,3,True,False,0,True,True
household,/content/waste_datasets/household/garbage_classification/metal/metal148.jpg,metal,metal,True,512,384,RGB,475900e7a90168e37fbaed9e9dde92cfde87db6e4578957f5d12e7ffd27c17dd,9019,3,True,False,0,True,True
household,/content/waste_datasets/household/garbage_classification/plastic/plastic571.jpg,plastic,plastic,True,512,384,RGB,475d2f7b09bac0c800b26af40dcfc9de1e7c85aec2c84d5390f3cbdee85bd7fe,12487,3,True,False,0,True,True
household,/content/waste_datasets/household/garbage_classification/plastic/plastic62.jpg,plastic,plastic,True,512,384,RGB,4763161eb2f6db915cd378a3c8b1e407d240030d4b1f924007853bdccf3352a1,12506,3,True,False,0,True,True
household,/content/waste_datasets/household/garbage_classification/white-glass/white-glass755.jpg,white-glass,glass,True,512,384,RGB,47ad13820f6809acc5574c672ea1b9e39a0f00929d3c3ee559598ba144ed66f1,11699,2,True,False,0,True,True
household,/content/waste_datasets/household/garbage_classification/white-glass/white-glass233.jpg,white-glass,glass,True,512,384,RGB,47e42f629e148b54a43f1a78297fd53080d2900763074fa08fca306bf66aeeb2,15378,3,True,False,0,True,True
household,/content/waste_datasets/household/garbage_classification/paper/paper611.jpg,paper,paper,True,512,384,RGB,47f1f7a13f9b323aad2ef7f11c2833d30e46a1ea40d51eedda64a91bd5c94201,8184,3,True,False,0,True,True
household,/content/waste_datasets/household/garbage_classification/cardboard/cardboard15.jpg,cardboard,cardboard,True,512,384,RGB,4803d51b94b42b9e3357e9c1b72f656f622d389743422215b63feb0eaad16d6d,13619,3,True,False,0,True,True
household,/content/waste_datasets/household/garbage_classification/paper/paper990.jpg,paper,paper,True,512,384,RGB,4809a161e34e14dfb8dc5a96f3ba7290fb382d810b31d82e81a8e3e2f64f3587,13863,3,True,False,0,True,True
household,/content/waste_datasets/household/garbage_classification/brown-glass/brown-glass172.jpg,brown-glass,glass,True,512,384,RGB,4811d0ec8c613c09afad8d87454314a4eee0298fcd7c505e8dfb0a1b5326924d,8371,2,True,False,0,True,True
household,/content/waste_datasets/household/garbage_classification/brown-glass/brown-glass161.jpg,brown-glass,glass,True,512,384,RGB,483cfb5199c8caade8ec6ed2ef878513bd33becf31989b503777417fca856cf8,9760,2,True,False,0,True,True
household,/content/waste_datasets/household/garbage_classification/metal/metal461.jpg,metal,metal,True,512,384,RGB,4879bc2f326d9d8413607d87a11de5341be4280349c24062a76a54b90e5b4973,20775,3,True,False,0,True,True
household,/content/waste_datasets/household/garbage_classification/cardboard/cardboard297.jpg,cardboard,cardboard,True,512,384,RGB,488b43fd579f12007c389291a746d121e2bc5a5741cebda417b202e42ef8a7d9,20651,3,True,False,0,True,True
household,/content/waste_datasets/household/garbage_classification/paper/paper842.jpg,paper,paper,True,512,384,RGB,48c32d52ab6f8552d56bc150d10972479efe616a6cd3eeacf4d157a2a6898b42,34872,3,True,False,0,True,True
household,/content/waste_datasets/household/garbage_classification/brown-glass/brown-glass167.jpg,brown-glass,glass,True,512,384,RGB,48e70823113177375748a7b0c3226614de98dd109ff3d665be2920f5e7264ada,7496,3,True,False,0,True,True
household,/content/waste_datasets/household/garbage_classification/plastic/plastic190.jpg,plastic,plastic,True,512,384,RGB,48f49b87a652760a34af2b71b85a03aa1f4f71b522d6abec5c9f917caeb60c22,10755,3,True,False,0,True,True
household,/content/waste_datasets/household/garbage_classification/paper/paper15.jpg,paper,paper,True,512,384,RGB,491eaf967ece7e09187a49d0cf2bf908c615750720905c8f2dd91171a1203ac0,12032,3,True,False,0,True,True
household,/content/waste_datasets/household/garbage_classification/plastic/plastic137.jpg,plastic,plastic,True,512,384,RGB,49318dd9db948da708c19047298d85870d0e764ca7d98be8e957d308b5781240,14947,3,True,False,0,True,True
household,/content/waste_datasets/household/garbage_classification/metal/metal283.jpg,metal,metal,True,512,384,RGB,4943033cf2fe0a3010b72017e9328bfeecc6e5d263959fb64a365937a57ed272,12037,3,True,False,0,True,True
household,/content/waste_datasets/household/garbage_classification/plastic/plastic860.jpg,plastic,plastic,True,512,384,RGB,498e64723afe4e5e440dddb990f636a44f2b166b699fd882e502cece63e20c85,10081,3,True,False,0,True,True
household,/content/waste_datasets/household/garbage_classification/paper/paper782.jpg,paper,paper,True,512,384,RGB,499c6b549dae2ff71971d0a23c002e2834f7966510ca3195237fbb2b8ed8dd7f,8718,3,True,False,0,True,True
household,/content/waste_datasets/household/garbage_classification/paper/paper612.jpg,paper,paper,True,512,384,RGB,49a03ac7988c3bbc92642471e484991c9b461787945887a58491f920c8a6a958,22887,3,True,False,0,True,True
household,/content/waste_datasets/household/garbage_classification/white-glass/white-glass45.jpg,white-glass,glass,True,512,384,RGB,49b80c75f7eef7b103083f8e1d61055a6aca02c33100c13ca19c752d9cd81c73,12022,3,True,False,0,True,True
household,/content/waste_datasets/household/garbage_classification/cardboard/cardboard45.jpg,cardboard,cardboard,True,512,384,RGB,49ecbabb2b1f30af7050c50d541873de3836c8f8a16e2e6c4b9e01a28ca81b8b,16666,3,True,False,0,True,True
household,/content/waste_datasets/household/garbage_classification/plastic/plastic255.jpg,plastic,plastic,True,512,384,RGB,49f9e8353c3d0018012c84d9611c662d906e7f452f5a97b8b754b750a88b9b8b,15719,3,True,False,0,True,True
household,/content/waste_datasets/household/garbage_classification/cardboard/cardboard76.jpg,cardboard,cardboard,True,512,384,RGB,4a102c2780d348520cb806607ba6b91199f7426fdcc909e358a22cae14c4ea3a,25229,3,True,False,0,True,True
household,/content/waste_datasets/household/garbage_classification/cardboard/cardboard79.jpg,cardboard,cardboard,True,512,384,RGB,4a2125f33133fc44e1b6a596c7a3c98fbac109b5c12bb8d6b69f92e04d2a31da,20142,3,True,False,0,True,True
household,/content/waste_datasets/household/garbage_classification/paper/paper601.jpg,paper,paper,True,512,384,RGB,4a270d6f2722cf14405c49a1747ed23e81c9104119836c49de66c62b65773504,17315,3,True,False,0,True,True
household,/content/waste_datasets/household/garbage_classification/white-glass/white-glass139.jpg,white-glass,glass,True,512,384,RGB,4a2ff79b97102f8d295b0455b2c5587909f2e64ab9df7a47dd8ae9b9c41a4980,15603,3,True,False,0,True,True
household,/content/waste_datasets/household/garbage_classification/plastic/plastic133.jpg,plastic,plastic,True,512,384,RGB,4a3ee8bb2e7a98d662172e9039daf4e4c7b231746aa619e7c150ad40dd24fe97,18773,3,True,False,0,True,True
household,/content/waste_datasets/household/garbage_classification/white-glass/white-glass486.jpg,white-glass,glass,True,512,384,RGB,4a4a4e2d5bab88aa1c75b92687f37caf32adff970946e999400ad398eb66693e,16107,3,True,False,0,True,True
household,/content/waste_datasets/household/garbage_classification/plastic/plastic40.jpg,plastic,plastic,True,512,384,RGB,4a52c4965541deef9a3c77cc7f21ba33917eea02e9c6b153f40960e17417e81f,20541,3,True,False,0,True,True
household,/content/waste_datasets/household/garbage_classification/cardboard/cardboard243.jpg,cardboard,cardboard,True,512,384,RGB,4a6146e74921414e224d8b49ee1341b8847eb68d2eeb563a8265361497b6c838,30805,3,True,False,0,True,True
household,/content/waste_datasets/household/garbage_classification/white-glass/white-glass161.jpg,white-glass,glass,True,512,384,RGB,4a7b06d066c3cd879e9664640df08587b987459ae55d771116a976e9be8b1d39,9980,2,True,False,0,True,True
household,/content/waste_datasets/household/garbage_classification/cardboard/cardboard30.jpg,cardboard,cardboard,True,512,384,RGB,4aadc37b0c115185220dd1d207fa5bc3633c93cb09c5fd193b19b3f10e0be0a9,13968,3,True,False,0,True,True
household,/content/waste_datasets/household/garbage_classification/white-glass/white-glass99.jpg,white-glass,glass,True,512,384,RGB,4ab77e1502e76a8cadff8519b63614610314de00d6046eaf22e850dd33dce2f5,12254,3,True,False,0,True,True
household,/content/waste_datasets/household/garbage_classification/paper/paper935.jpg,paper,paper,True,512,384,RGB,4ace1c20aae76c7c5dc3fe1e9db206fe8abc5565d9f67be21d02c96dd941ae8a,43709,3,True,False,0,True,True
household,/content/waste_datasets/household/garbage_classification/plastic/plastic337.jpg,plastic,plastic,True,512,384,RGB,4b3baf362454ca82fa25407200355a6646ee8d2fd89bad5f146a35fe1ce61ebd,14465,3,True,False,0,True,True
household,/content/waste_datasets/household/garbage_classification/green-glass/green-glass283.jpg,green-glass,glass,True,512,384,RGB,4b4c2b6c1b12ae00bd8b4075aacaf05c4127f26a70f71a389060155f8adc475f,14643,2,True,False,0,True,True
household,/content/waste_datasets/household/garbage_classification/paper/paper520.jpg,paper,paper,True,512,384,RGB,4b701580363466fd85ca3d58f7261945652acb8548307c401e489e6d7a186639,9454,3,True,False,0,True,True
household,/content/waste_datasets/household/garbage_classification/white-glass/white-glass236.jpg,white-glass,glass,True,512,384,RGB,4b844ad088407d53e41cdffd32c7be3534e05f848bbf705b81069ec74c5b925d,18134,2,True,False,0,True,True
household,/content/waste_datasets/household/garbage_classification/brown-glass/brown-glass293.jpg,brown-glass,glass,True,512,384,RGB,4b91ae276e0d7d43d842608a18788fa3f7acde3ed171521275707d7616d825eb,10935,3,True,False,0,True,True
household,/content/waste_datasets/household/garbage_classification/plastic/plastic325.jpg,plastic,plastic,True,512,384,RGB,4ba7058fcc1444dc94f82e25128589680b396dc894b430efef85f61f95ce5dcc,12313,2,True,False,0,True,True
household,/content/waste_datasets/household/garbage_classification/paper/paper734.jpg,paper,paper,True,512,384,RGB,4c107a2d40d21bf4a3140045eb11b20ced98a7bdb49ce9cd0e0881988686ea17,19848,3,True,False,0,True,True
household,/content/waste_datasets/household/garbage_classification/cardboard/cardboard276.jpg,cardboard,cardboard,True,512,384,RGB,4c3e9ba3a79aedda1f6346fb8f7ff400e9fbc2c35af71d081bc0d7a86ac55c54,24313,3,True,False,0,True,True
household,/content/waste_datasets/household/garbage_classification/plastic/plastic439.jpg,plastic,plastic,True,512,384,RGB,4c4b7514cd5e25ed6d878c1f657f520ff6b1d0337ad417ed1ea6b4e98a48bc75,14558,3,True,False,0,True,True
household,/content/waste_datasets/household/garbage_classification/cardboard/cardboard317.jpg,cardboard,cardboard,True,512,384,RGB,4c77715d60b246e29ec1d99d42c8fc18cdd377cf2826136125eb4aa82eab32cb,25709,3,True,False,0,True,True
household,/content/waste_datasets/household/garbage_classification/green-glass/green-glass132.jpg,green-glass,glass,True,512,384,RGB,4c7cff0c0f5dacff26bf871c6d5b96f29b26d536a637bf5fc4da7fcea87212c5,21525,3,True,False,0,True,True
household,/content/waste_datasets/household/garbage_classification/cardboard/cardboard431.jpg,cardboard,cardboard,True,512,384,RGB,4cb2df483ca108f9625290f9f10b6aa5eefbf3bc9fb11e9f75804c14d2fe17be,11308,3,True,False,0,True,True
household,/content/waste_datasets/household/garbage_classification/cardboard/cardboard442.jpg,cardboard,cardboard,True,512,384,RGB,4d01e5d817c5f6b4e97cadb176366b66295e632cf2226f7971f2e557424cc77d,16037,3,True,False,0,True,True
household,/content/waste_datasets/household/garbage_classification/cardboard/cardboard143.jpg,cardboard,cardboard,True,512,384,RGB,4d31e3fbbcae76e4735880af8e8dc3f52d70835d7437b0c698a50dbdf5d590dc,24959,3,True,False,0,True,True
household,/content/waste_datasets/household/garbage_classification/plastic/plastic215.jpg,plastic,plastic,True,512,384,RGB,4d5b1e98e440dbe08718f2ace68ea989d9a8214c96948047dacb6ea17d55e200,17281,3,True,False,0,True,True
household,/content/waste_datasets/household/garbage_classification/cardboard/cardboard367.jpg,cardboard,cardboard,True,512,384,RGB,4d89fcb735ea15edca28d80bd5a288c97a2f169eed7ee8d3dfde62d7b22890bc,7724,3,True,False,0,True,True
household,/content/waste_datasets/household/garbage_classification/green-glass/green-glass311.jpg,green-glass,glass,True,512,384,RGB,4dc22ad211981dcd187eeaa8592aa7426ae31aaef0852c1e79d6033557ce410c,17129,3,True,False,0,True,True
household,/content/waste_datasets/household/garbage_classification/plastic/plastic360.jpg,plastic,plastic,True,512,384,RGB,4dd995989aa9414b21b21cdb5effa88bd361d3a549d93e8fd460a4ff652897f0,8406,3,True,False,0,True,True
household,/content/waste_datasets/household/garbage_classification/cardboard/cardboard884.jpg,cardboard,cardboard,True,512,384,RGB,4dead5453ee522cd3bf8dcdb0d1808cddb659dfdd00ec9014b5055f0fec088f0,17021,3,True,False,0,True,True
household,/content/waste_datasets/household/garbage_classification/paper/paper728.jpg,paper,paper,True,512,384,RGB,4e0641741fd4821074bc75a6d608bdc138712795eb80b585a359f61e8afaf5e8,18366,3,True,False,0,True,True
household,/content/waste_datasets/household/garbage_classification/paper/paper689.jpg,paper,paper,True,512,384,RGB,4e2290bd00767aa7b69fabb6f3f17806414dfa0ade8d9238315f8ad07ef95231,15830,3,True,False,0,True,True
household,/content/waste_datasets/household/garbage_classification/cardboard/cardboard198.jpg,cardboard,cardboard,True,512,384,RGB,4e53d96fadcef283a1b30bbc0b76ddb811b90a844bbb7dfd8eb30ff92470c982,13562,3,True,False,0,True,True
household,/content/waste_datasets/household/garbage_classification/green-glass/green-glass167.jpg,green-glass,glass,True,512,384,RGB,4e6863464c1fa0976c3177e9cb6117e481ff252f6b7294faed6bd2d4aeb7d868,9426,3,True,False,0,True,True
household,/content/waste_datasets/household/garbage_classification/green-glass/green-glass199.jpg,green-glass,glass,True,512,384,RGB,4ee8242fa921853950ab0e99ab804558f5992ba69637a95ccada10d449eab1c5,13237,3,True,False,0,True,True
household,/content/waste_datasets/household/garbage_classification/white-glass/white-glass111.jpg,white-glass,glass,True,512,384,RGB,4f185d7eff8a582de2f6344293f9083420b34bd6e635486def96e86a216133c6,28830,2,True,False,0,True,True
household,/content/waste_datasets/household/garbage_classification/paper/paper972.jpg,paper,paper,True,512,384,RGB,4f512939aa5ccda50ab7bdf636c01bf13e54dd33816adf911419e5378691220e,9445,3,True,False,0,True,True
household,/content/waste_datasets/household/garbage_classification/cardboard/cardboard126.jpg,cardboard,cardboard,True,512,384,RGB,4f7cf4831d43996b4aa3483c887e5cfec080c650f45618ab21f93fecd034bfc3,24414,3,True,False,0,True,True
household,/content/waste_datasets/household/garbage_classification/paper/paper924.jpg,paper,paper,True,512,384,RGB,4f7d072af99cb3068698b493ca467d309b47ba06052532c40a0504b439d27f18,11294,3,True,False,0,True,True
household,/content/waste_datasets/household/garbage_classification/plastic/plastic361.jpg,plastic,plastic,True,512,384,RGB,4f8d3355d35f5db081ef90641b4d31fbb283c4dd5003e764ac71eb977fddf502,11417,3,True,False,0,True,True
household,/content/waste_datasets/household/garbage_classification/cardboard/cardboard289.jpg,cardboard,cardboard,True,512,384,RGB,4f9771df1dd0aec9a905098a05d2a8f426adc266d532b2ed2d76800c01b95bf3,28763,3,True,False,0,True,True
household,/content/waste_datasets/household/garbage_classification/metal/metal432.jpg,metal,metal,True,512,384,RGB,4fb4ddcac98f16d8bab2241a2e726b4dc1fc777e065b66913db2d4283b5554a2,18531,3,True,False,0,True,True
household,/content/waste_datasets/household/garbage_classification/metal/metal367.jpg,metal,metal,True,512,384,RGB,4fb781fce54a6d4f689f6eba2cf41e42285e4963c76d25292bab5f3b066a3d01,16696,3,True,False,0,True,True
household,/content/waste_datasets/household/garbage_classification/white-glass/white-glass431.jpg,white-glass,glass,True,512,384,RGB,500da6c7e0fec298597b752df531ff295820f0d1faef156800eb1f259aa08aab,23210,3,True,False,0,True,True
household,/content/waste_datasets/household/garbage_classification/paper/paper716.jpg,paper,paper,True,512,384,RGB,50159a96a425c7a70f3c81b1b1f8af5ed55ca967fab1774b487be5a28d1f12ef,20218,2,True,False,0,True,True
household,/content/waste_datasets/household/garbage_classification/plastic/plastic225.jpg,plastic,plastic,True,512,384,RGB,5024ba701a30817bb3f296f857b4b0fa31ef0ed76637553c03b3c0c5ba242516,12722,3,True,False,0,True,True
household,/content/waste_datasets/household/garbage_classification/plastic/plastic250.jpg,plastic,plastic,True,512,384,RGB,506370e2423c2b1f319eab858cabb55417b813900286171480c871d619dbd25b,7727,2,True,False,0,True,True
household,/content/waste_datasets/household/garbage_classification/paper/paper544.jpg,paper,paper,True,512,384,RGB,5075d4fbacc8db3e73922ba94c7f63e6a6cda109bfd3eb2041980891c84f0f3a,45371,3,True,False,0,True,True
household,/content/waste_datasets/household/garbage_classification/metal/metal160.jpg,metal,metal,True,512,384,RGB,507f6377728af8978cb6c8c4460df84865b916032e5230f70b31f6b0cf817be2,13609,3,True,False,0,True,True
household,/content/waste_datasets/household/garbage_classification/cardboard/cardboard246.jpg,cardboard,cardboard,True,512,384,RGB,5090e856d0fe490c802ce604fd5d186a4ead5e5b9b4b325ac728850189ac8b36,20678,3,True,False,0,True,True
household,/content/waste_datasets/household/garbage_classification/white-glass/white-glass171.jpg,white-glass,glass,True,512,384,RGB,5095427e952ddb4d2d0f3b100d0d25d9a0a88eb6f50584b5e8e33150309022e9,16238,2,True,False,0,True,True
household,/content/waste_datasets/household/garbage_classification/plastic/plastic204.jpg,plastic,plastic,True,512,384,RGB,50d02a73cce4116b4c1853a25ac9b1dc913d41c37e219ead22b58d25e32b7157,13226,3,True,False,0,True,True
household,/content/waste_datasets/household/garbage_classification/white-glass/white-glass152.jpg,white-glass,glass,True,512,384,RGB,50d4d4b954c2a5c54f807c8ce101f7e3c066687e0e65e242ddebbfc9e98ea101,13571,2,True,False,0,True,True
household,/content/waste_datasets/household/garbage_classification/metal/metal247.jpg,metal,metal,True,512,384,RGB,512eefb82a388bac085344dad9aecbb6c63356d820e8e003cdd06323c22b8277,26142,3,True,False,0,True,True
household,/content/waste_datasets/household/garbage_classification/brown-glass/brown-glass267.jpg,brown-glass,glass,True,512,384,RGB,5137c4adaad1532e9979f1f45bb5d7e7b30cd34ba986c25711a8aea06111dbe6,9845,2,True,False,0,True,True
household,/content/waste_datasets/household/garbage_classification/paper/paper484.jpg,paper,paper,True,512,384,RGB,513a357ed2d5431b1ab04809a48346f1bb86bc144fa22dcb3458e429abeb5e8b,13529,3,True,False,0,True,True
household,/content/waste_datasets/household/garbage_classification/white-glass/white-glass421.jpg,white-glass,glass,True,512,384,RGB,514854d3e2a0b7e64d57c036c9794d188f6fd22da6bd67715daf90cc6f7dbecb,17865,3,True,False,0,True,True
household,/content/waste_datasets/household/garbage_classification/paper/paper971.jpg,paper,paper,True,512,384,RGB,5157000af5c64bb66548a4d63bfc8c14ff05f28550822676c0c4eb729dbf338e,12519,3,True,False,0,True,True
household,/content/waste_datasets/household/garbage_classification/cardboard/cardboard84.jpg,cardboard,cardboard,True,512,384,RGB,5180641ce08953111aebef2cd06547461b0867530e70d509cf66b2ea8860c267,24466,3,True,False,0,True,True
household,/content/waste_datasets/household/garbage_classification/plastic/plastic336.jpg,plastic,plastic,True,512,384,RGB,51b55be03f382e445f0c8f3ea06136b3dcd569d08d46439aa4948f81907505bf,21677,3,True,False,0,True,True
household,/content/waste_datasets/household/garbage_classification/metal/metal232.jpg,metal,metal,True,512,384,RGB,51c7cff9d8ea7e43822160aa242c591326b78e022a510d95dfda670d60452e53,20542,3,True,False,0,True,True
household,/content/waste_datasets/household/garbage_classification/cardboard/cardboard280.jpg,cardboard,cardboard,True,512,384,RGB,52277ada9f5a8ad268273bd6a3bc2ed42a08a950ca3b96fff04fb31cce42bf78,21798,3,True,False,0,True,True
household,/content/waste_datasets/household/garbage_classification/brown-glass/brown-glass229.jpg,brown-glass,glass,True,512,384,RGB,522c8be0b80105819ed646fa667f3d4dd35652d85aec16865237ff6487206b36,13443,3,True,False,0,True,True
household,/content/waste_datasets/household/garbage_classification/cardboard/cardboard183.jpg,cardboard,cardboard,True,512,384,RGB,5239b67ff27fe06ed865e6cb7d43e99116e2b330e41980a67da26170312b72a1,26157,3,True,False,0,True,True
household,/content/waste_datasets/household/garbage_classification/paper/paper681.jpg,paper,paper,True,512,384,RGB,524d7a3ce85cf7439bcd1340cd6d94ba77e1c3b17bd2477f2feb529fb190c3e3,35658,3,True,False,0,True,True
household,/content/waste_datasets/household/garbage_classification/plastic/plastic328.jpg,plastic,plastic,True,512,384,RGB,526cd74ce053bee9cb9735f8484efb3c39c45892e9a0dad736deed3f755f093f,8937,3,True,False,0,True,True
household,/content/waste_datasets/household/garbage_classification/metal/metal256.jpg,metal,metal,True,512,384,RGB,52874a6abb0da1d262afa2e9f676d76d6c27e313659500588211e5744a7d5424,11642,3,True,False,0,True,True
household,/content/waste_datasets/household/garbage_classification/plastic/plastic220.jpg,plastic,plastic,True,512,384,RGB,529699e12215ceff38270314eb2de1c8f1c52fb7513cae7c5576f70da13a5f50,17069,3,True,False,0,True,True
household,/content/waste_datasets/household/garbage_classification/cardboard/cardboard28.jpg,cardboard,cardboard,True,512,384,RGB,52b6c183732b04bd232645f5e8685c19280dbc2f0ce9725b156b472924183cb5,14415,3,True,False,0,True,True
household,/content/waste_datasets/household/garbage_classification/metal/metal108.jpg,metal,metal,True,512,384,RGB,52d1479756eae984dc1f0734e54487ac24df871d9b1d53d95bf0fe78039f1ece,17301,3,True,False,0,True,True
household,/content/waste_datasets/household/garbage_classification/metal/metal147.jpg,metal,metal,True,512,384,RGB,52f1e32a3a0a72775a78a18bbd15c2f973df594d4845471678405563b18657e5,11160,3,True,False,0,True,True
household,/content/waste_datasets/household/garbage_classification/metal/metal337.jpg,metal,metal,True,512,384,RGB,52fc1a445c807b9a863aa1165def8384f570cd835b2a4ea77dbeaa0e909da23e,25057,3,True,False,0,True,True
household,/content/waste_datasets/household/garbage_classification/cardboard/cardboard43.jpg,cardboard,cardboard,True,512,384,RGB,5302461a04d678d5e8637ba2afedb6adbcc4297c8fc008b9c3fbca17fafeaaac,17582,3,True,False,0,True,True
household,/content/waste_datasets/household/garbage_classification/paper/paper788.jpg,paper,paper,True,512,384,RGB,53556859388321d238be04d22ee85639060a8426aac9e5bca2721aedf5bf722a,35068,3,True,False,0,True,True
household,/content/waste_datasets/household/garbage_classification/white-glass/white-glass125.jpg,white-glass,glass,True,512,384,RGB,538ba22288181186a6c443d325a294dd28d297ad098a264ca671d4a607899e09,23957,2,True,False,0,True,True
household,/content/waste_datasets/household/garbage_classification/green-glass/green-glass172.jpg,green-glass,glass,True,512,384,RGB,53c48d14dc7b8ddd3f0926eafa1966ce7bcc5a73afce2d9e85fe91325b6f72e6,7126,3,True,False,0,True,True
household,/content/waste_datasets/household/garbage_classification/brown-glass/brown-glass231.jpg,brown-glass,glass,True,512,384,RGB,53d33846fedfc6aa65fccce79a6677ccd4cdbd31b6700092911199593989a4e1,14057,2,True,False,0,True,True
household,/content/waste_datasets/household/garbage_classification/paper/paper900.jpg,paper,paper,True,512,384,RGB,53f3381ab8b4b0cea5cebfb9ef6766c5485bfd23c9f806bf70548ead38103d4d,21744,3,True,False,0,True,True
household,/content/waste_datasets/household/garbage_classification/plastic/plastic583.jpg,plastic,plastic,True,512,384,RGB,54408331bae646ccabeb2e77330bc9430d6c6ea7440f294ab7aeed0c458b4add,10323,3,True,False,0,True,True
household,/content/waste_datasets/household/garbage_classification/paper/paper1016.jpg,paper,paper,True,512,384,RGB,54528f7358c406bed4206f29b141f70a91ff74c1f21744d970ecf3dda1cf1dee,41174,3,True,False,0,True,True
household,/content/waste_datasets/household/garbage_classification/cardboard/cardboard172.jpg,cardboard,cardboard,True,512,384,RGB,546a15ddf1837d41e0d1662b3b6831c3a1854832af0551de3680867c11ed339c,28564,3,True,False,0,True,True
household,/content/waste_datasets/household/garbage_classification/paper/paper1014.jpg,paper,paper,True,512,384,RGB,54783d495508ba31e4fcee64a4f08802402fb9af78a57cc2727985964d7ec338,16122,3,True,False,0,True,True
household,/content/waste_datasets/household/garbage_classification/paper/paper531.jpg,paper,paper,True,512,384,RGB,547d4fee70b9de851a05cacd0fee5f1a0da83ebaf123ccd3a43365ee6bacdb3c,43213,3,True,False,0,True,True
household,/content/waste_datasets/household/garbage_classification/metal/metal438.jpg,metal,metal,True,512,384,RGB,54f513bb65bddd2af0ac28a29960d41b26c72064190f9462704ebc0b4397616f,27855,3,True,False,0,True,True
household,/content/waste_datasets/household/garbage_classification/paper/paper920.jpg,paper,paper,True,512,384,RGB,5500deb7995281dc729c6870043d35aa7dc6f79a82febe22608ae9abeb5e3b16,27178,3,True,False,0,True,True
household,/content/waste_datasets/household/garbage_classification/plastic/plastic359.jpg,plastic,plastic,True,512,384,RGB,55210883fc994028c402fe62582610b48f99f8a1ef4929677eb2e9ef46db8cbf,10088,3,True,False,0,True,True
household,/content/waste_datasets/household/garbage_classification/white-glass/white-glass114.jpg,white-glass,glass,True,512,384,RGB,552dbcbacc1c63cc69540259f4aa446454124bba167927a3e8d2151d2cc590eb,11652,3,True,False,0,True,True
household,/content/waste_datasets/household/garbage_classification/metal/metal173.jpg,metal,metal,True,512,384,RGB,5540f798bad9aab9d38537434226414807d155ecf14ee6c05153e94b9392aa8a,23050,3,True,False,0,True,True
household,/content/waste_datasets/household/garbage_classification/cardboard/cardboard253.jpg,cardboard,cardboard,True,512,384,RGB,5544ba127a8f5938080130cc3dec06b9bab5e881f8465fc1c2eee8b7ed14c749,9792,3,True,False,0,True,True
household,/content/waste_datasets/household/garbage_classification/plastic/plastic742.jpg,plastic,plastic,True,512,384,RGB,554e898f89e123b1f1801e9863d60cc789277dc2b5b62112f6c7cf9a7b603bdf,17163,3,True,False,0,True,True
household,/content/waste_datasets/household/garbage_classification/paper/paper850.jpg,paper,paper,True,512,384,RGB,556fcb9ed2cc20b6816d292e1deabdb67c1069a42d64eff14569d034b24bba3d,29775,3,True,False,0,True,True
household,/content/waste_datasets/household/garbage_classification/metal/metal75.jpg,metal,metal,True,512,384,RGB,55e83d54ac204ab3e22135e00968e44a091ca382dc5a0bf9b39efe9b80b25ca2,19120,3,True,False,0,True,True
household,/content/waste_datasets/household/garbage_classification/paper/paper55.jpg,paper,paper,True,512,384,RGB,561669d95f05f86d8fdf6193957889bb3a3fb5b19f2adb87c14ee4110c7550dd,9410,3,True,False,0,True,True
household,/content/waste_datasets/household/garbage_classification/plastic/plastic424.jpg,plastic,plastic,True,512,384,RGB,5619c5112ef5558ae84005997b8aedef11dc851a91276a474ea9c28dcc57acb9,20818,3,True,False,0,True,True
household,/content/waste_datasets/household/garbage_classification/white-glass/white-glass147.jpg,white-glass,glass,True,512,384,RGB,56547e1418465473898c49ad3eb5a5228901bebbea4bd9db02b7129bea65d3b2,13309,3,True,False,0,True,True
household,/content/waste_datasets/household/garbage_classification/plastic/plastic833.jpg,plastic,plastic,True,512,384,RGB,566cd36e559ec9463bc6baf55745354735df28e16b31bf95fe57ece0f0110977,10177,3,True,False,0,True,True
household,/content/waste_datasets/household/garbage_classification/white-glass/white-glass148.jpg,white-glass,glass,True,512,384,RGB,569b966e1bcbfe5a07566b18a1456ff5eff849110327650f0f8f5e68f37fd182,13524,3,True,False,0,True,True
household,/content/waste_datasets/household/garbage_classification/paper/paper797.jpg,paper,paper,True,512,384,RGB,56b0fcd0b4e95542eea46247694fd7ea32d4ad863dc0cc4d4c4e588ffe49db59,16747,3,True,False,0,True,True
household,/content/waste_datasets/household/garbage_classification/metal/metal26.jpg,metal,metal,True,512,384,RGB,56b95b40642191f8cfa9e0150c4f10600e5363a5da4b113858127584d441e808,11541,3,True,False,0,True,True
household,/content/waste_datasets/household/garbage_classification/metal/metal225.jpg,metal,metal,True,512,384,RGB,56e8e5a58b2e7f33cea00179b2fe2c94352726400d6803709e29ed71913f3c07,25687,3,True,False,0,True,True
household,/content/waste_datasets/household/garbage_classification/paper/paper588.jpg,paper,paper,True,512,384,RGB,56fc6e2de1258e237efe35e1f7823d3b467eface0bcb176ed44dc8478414ad5a,15444,3,True,False,0,True,True
household,/content/waste_datasets/household/garbage_classification/paper/paper755.jpg,paper,paper,True,512,384,RGB,57074b8025a164f6a00b5d708abe4fb4309318872cd946ce0fd39ed1b4235caf,31081,3,True,False,0,True,True
household,/content/waste_datasets/household/garbage_classification/plastic/plastic257.jpg,plastic,plastic,True,512,384,RGB,570ba0c54b086b600a253a9522a636f848051dbad9c7dbc1af7c1e05d5f357c5,10201,3,True,False,0,True,True
household,/content/waste_datasets/household/garbage_classification/cardboard/cardboard288.jpg,cardboard,cardboard,True,512,384,RGB,57377ae353ec92a26bcb378a5b26d68910bec776600ebc486d17fb0a93bdabf9,20511,3,True,False,0,True,True
household,/content/waste_datasets/household/garbage_classification/cardboard/cardboard257.jpg,cardboard,cardboard,True,512,384,RGB,575037d1fc88de2351aad0fd7ea2d210cf153828da7f6f025f44e3b51e678287,13559,3,True,False,0,True,True
household,/content/waste_datasets/household/garbage_classification/paper/paper943.jpg,paper,paper,True,512,384,RGB,5787607d53f73f8823a54e906c0205f7f871d3267d5689a5d903d9676e8d2a3b,8986,3,True,False,0,True,True
household,/content/waste_datasets/household/garbage_classification/paper/paper604.jpg,paper,paper,True,512,384,RGB,57b135fe8842984207d2cd9a111c1f5e3747be7b8ca2de76ef3f5428048fbab3,26357,3,True,False,0,True,True
household,/content/waste_datasets/household/garbage_classification/plastic/plastic125.jpg,plastic,plastic,True,512,384,RGB,57d8f0b982f0f166f76c2c8231aa18a1146049d52863f921ae8a0c323cb96cb9,13870,3,True,False,0,True,True
household,/content/waste_datasets/household/garbage_classification/white-glass/white-glass760.jpg,white-glass,glass,True,512,384,RGB,57fd26c959d2c1d95ece113ceb242ac54983dadf4bc5c70a97624539952be2d1,9359,3,True,False,0,True,True
household,/content/waste_datasets/household/garbage_classification/metal/metal175.jpg,metal,metal,True,512,384,RGB,58200416ab0635a386c6c5917c8f9e170dec6e9266d04c984a0e7e1f2dd69dea,19366,3,True,False,0,True,True
household,/content/waste_datasets/household/garbage_classification/paper/paper809.jpg,paper,paper,True,512,384,RGB,58cd504fc7f8c4ef04deafb22e29cb507e9a04d7eabb5e3091a3626a1f14600e,12276,3,True,False,0,True,True
household,/content/waste_datasets/household/garbage_classification/white-glass/white-glass213.jpg,white-glass,glass,True,512,384,RGB,58d620f823b1bf5d1bc87bd87216de4d1cd4658e9618e3c35a189230c8201fd3,18776,3,True,False,0,True,True
household,/content/waste_datasets/household/garbage_classification/cardboard/cardboard80.jpg,cardboard,cardboard,True,512,384,RGB,58e9bceb219ae9f7632c08199b4e475b59bb03cf9fbae1b3649e51c98b10e0e2,19677,3,True,False,0,True,True
household,/content/waste_datasets/household/garbage_classification/metal/metal231.jpg,metal,metal,True,512,384,RGB,590eea2bd198bf907b896a848e22cbea309ad0eb6a997bcbbadef218d376e929,19011,3,True,False,0,True,True
household,/content/waste_datasets/household/garbage_classification/paper/paper712.jpg,paper,paper,True,512,384,RGB,59604b5d9853af847aa620101fe9ea5e89818e581e6fd454a04dab67bc39b4d7,9947,3,True,False,0,True,True
household,/content/waste_datasets/household/garbage_classification/cardboard/cardboard325.jpg,cardboard,cardboard,True,512,384,RGB,5995adf9c82ec8e6d03320f8fe0c7fdd2aea46dbf82358c165762773115f01cd,30796,3,True,False,0,True,True
household,/content/waste_datasets/household/garbage_classification/cardboard/cardboard156.jpg,cardboard,cardboard,True,512,384,RGB,599b5806792a91633a29552b7c7d041a38dc2bafc47d9a198a14fbf64ea74cb5,13449,3,True,False,0,True,True
household,/content/waste_datasets/household/garbage_classification/paper/paper12.jpg,paper,paper,True,512,384,RGB,599fbe6a3100966f04191ef72d57667e931232749390a7ccde24215951989032,9254,3,True,False,0,True,True
household,/content/waste_datasets/household/garbage_classification/cardboard/cardboard308.jpg,cardboard,cardboard,True,512,384,RGB,59bd90b91ea0e57f74a27fece286fea17e421fccbcb9a1a137e1141ee5b4bb69,20912,3,True,False,0,True,True
household,/content/waste_datasets/household/garbage_classification/metal/metal16.jpg,metal,metal,True,512,384,RGB,59ed484f669bb032b4ff95ff7304f60d0ac9b2b02eaaed7f132b1c450e3bd78b,20434,3,True,False,0,True,True
household,/content/waste_datasets/household/garbage_classification/metal/metal176.jpg,metal,metal,True,512,384,RGB,59f6dde9204d9fd4c5916e95085650160f3371883da5b3f621ebfbe936860288,15128,3,True,False,0,True,True
household,/content/waste_datasets/household/garbage_classification/brown-glass/brown-glass294.jpg,brown-glass,glass,True,512,384,RGB,59fc76a84fde5cf1e04d0ec04d07b1c83a6c9d66c2de4015f9a88a03b4e689f6,11605,3,True,False,0,True,True
household,/content/waste_datasets/household/garbage_classification/green-glass/green-glass545.jpg,green-glass,glass,True,512,384,RGB,5a3fa86eab257b46ea481c0b715da623b980c762d979fe953c8c5a14f59631b6,11108,2,True,False,0,True,True
household,/content/waste_datasets/household/garbage_classification/paper/paper804.jpg,paper,paper,True,512,384,RGB,5a4eb22235a4eeed0170455067d4ce246adfac26a87679053bfc58f5f598e414,12620,3,True,False,0,True,True
household,/content/waste_datasets/household/garbage_classification/paper/paper40.jpg,paper,paper,True,512,384,RGB,5a74aefc5d97df2259473445d28214ab4ae8bf3cfcc5c38e1e8031663f16a8d2,32465,3,True,False,0,True,True
household,/content/waste_datasets/household/garbage_classification/plastic/plastic238.jpg,plastic,plastic,True,512,384,RGB,5a81a13c442580a6839e0d350f98d6a6712f6dff47afbc5b436945327ca9ad37,9713,3,True,False,0,True,True
household,/content/waste_datasets/household/garbage_classification/cardboard/cardboard441.jpg,cardboard,cardboard,True,512,384,RGB,5a88bce0103f59145f02b7fc0f50aa6dc3fbf29a1ffcaeeea0ea6661a58e0278,18015,3,True,False,0,True,True
household,/content/waste_datasets/household/garbage_classification/green-glass/green-glass261.jpg,green-glass,glass,True,512,384,RGB,5a97da39b78064b9b364cb167e6bffe728104e3a9e89ee3803eec880ca57357a,10413,2,True,False,0,True,True
household,/content/waste_datasets/household/garbage_classification/cardboard/cardboard540.jpg,cardboard,cardboard,True,512,384,RGB,5aa74001d4af60fe4970c591f247b628d481cf7c3444b0ffd1d1585b1a6e5dc5,10026,3,True,False,0,True,True
household,/content/waste_datasets/household/garbage_classification/green-glass/green-glass29.jpg,green-glass,glass,True,512,384,RGB,5accfe0d7ae9b747d9338133ec6f3c9b8770fc0c30658e2e485b2c581c0cb42f,8961,3,True,False,0,True,True
household,/content/waste_datasets/household/garbage_classification/green-glass/green-glass159.jpg,green-glass,glass,True,512,384,RGB,5af1475fff8a3cf94013be8089c5b3b93aca7c1812c02ca487d82b28596b41ed,8808,3,True,False,0,True,True
household,/content/waste_datasets/household/garbage_classification/cardboard/cardboard50.jpg,cardboard,cardboard,True,512,384,RGB,5b32ba74f6f497a7160d1a97b163905fe75407c71a909e566ae5c7b4f24f677a,13946,3,True,False,0,True,True
household,/content/waste_datasets/household/garbage_classification/paper/paper897.jpg,paper,paper,True,512,384,RGB,5b3b58c9692113054240a12af277b88b8ad61b2ecc2fc1a948a11ce47eb7eb77,26918,3,True,False,0,True,True
household,/content/waste_datasets/household/garbage_classification/paper/paper847.jpg,paper,paper,True,512,384,RGB,5b3c87ccdd32300b55d07dc425a25708db82992cb5470a334d4d3c97fd0802c5,45219,3,True,False,0,True,True
household,/content/waste_datasets/household/garbage_classification/plastic/plastic42.jpg,plastic,plastic,True,512,384,RGB,5b801d74ea215a2da8893ad5359dff20ce6397f41c1b00726a357e935bb77d2a,19717,3,True,False,0,True,True
household,/content/waste_datasets/household/garbage_classification/paper/paper475.jpg,paper,paper,True,512,384,RGB,5b87770c7eaa97ead3a7d15e11ce333082f234da99b463f595eec5d84c399527,15021,3,True,False,0,True,True
household,/content/waste_datasets/household/garbage_classification/white-glass/white-glass764.jpg,white-glass,glass,True,512,384,RGB,5b983ff2822323f95dea5ea7147f6f663ee926347a3ee65062f2d6dfb3277f45,11869,2,True,False,0,True,True
household,/content/waste_datasets/household/garbage_classification/metal/metal426.jpg,metal,metal,True,512,384,RGB,5bb983664aae5f1f02a852a10d33114a1f97ad19ed78a313276ad732cdad117d,23397,3,True,False,0,True,True
household,/content/waste_datasets/household/garbage_classification/metal/metal310.jpg,metal,metal,True,512,384,RGB,5bc8b3809eaad064ba7594d1e271f7002504d7642ad3a9bc8c73e36fcfd0d424,15580,3,True,False,0,True,True
household,/content/waste_datasets/household/garbage_classification/plastic/plastic861.jpg,plastic,plastic,True,512,384,RGB,5bc9740ac63be97443d0facd37c49bb8909b5104b47ca6c4390745feb264d7f3,17927,3,True,False,0,True,True
household,/content/waste_datasets/household/garbage_classification/cardboard/cardboard24.jpg,cardboard,cardboard,True,512,384,RGB,5c0111570535a620d024fe6acb97e12e6d82834c44076447ad50bb9e0ea31835,16635,3,True,False,0,True,True
household,/content/waste_datasets/household/garbage_classification/cardboard/cardboard409.jpg,cardboard,cardboard,True,512,384,RGB,5c07ab0e59bbf265410c979526ab9b388b28a5fd5fe93fa7d713ed96954ba7f4,17270,3,True,False,0,True,True
household,/content/waste_datasets/household/garbage_classification/cardboard/cardboard64.jpg,cardboard,cardboard,True,512,384,RGB,5c1db5b6edfc580ec939062db49eb1012ac6f5570586a8d592bfa5974d74007e,15916,2,True,False,0,True,True
household,/content/waste_datasets/household/garbage_classification/paper/paper575.jpg,paper,paper,True,512,384,RGB,5c246fd3fec667ee5c9ca8c7f50b86a78264674752d066d525642afb22bbeb5e,27354,3,True,False,0,True,True
household,/content/waste_datasets/household/garbage_classification/paper/paper583.jpg,paper,paper,True,512,384,RGB,5cc1ac3381cb6c419d9d4f7af9502334712dc6ff5514d4d76aa5a04289167282,33783,3,True,False,0,True,True
household,/content/waste_datasets/household/garbage_classification/green-glass/green-glass246.jpg,green-glass,glass,True,512,384,RGB,5ce11a41fc65c17c6a91431fdcde57580cffa6041b1041672ccec43ab25bcfad,12686,3,True,False,0,True,True
household,/content/waste_datasets/household/garbage_classification/cardboard/cardboard399.jpg,cardboard,cardboard,True,512,384,RGB,5cfa131c4b8ea1b8308b279b7f88027cb18d63ab24b36127f216008f9354c953,14657,3,True,False,0,True,True
household,/content/waste_datasets/household/garbage_classification/cardboard/cardboard240.jpg,cardboard,cardboard,True,512,384,RGB,5d14a1bea6909c3ab86f976d03263861e93910596a2e9b995836546e516625d4,24945,3,True,False,0,True,True
household,/content/waste_datasets/household/garbage_classification/paper/paper467.jpg,paper,paper,True,512,384,RGB,5d1799d8bd5cbc76ff238c48cb674c86f84a608ca7d6ad1f2346e0ca146e34a4,22187,3,True,False,0,True,True
household,/content/waste_datasets/household/garbage_classification/cardboard/cardboard660.jpg,cardboard,cardboard,True,512,384,RGB,5d2e969d3a067cf79834da828870e513a0e99428c6de513f14586c5d47a297de,25441,3,True,False,0,True,True
household,/content/waste_datasets/household/garbage_classification/cardboard/cardboard129.jpg,cardboard,cardboard,True,512,384,RGB,5d7229ce799f48fa99a4e674129e0c8fde2969641d44bdd931a2254fcec4128f,19556,3,True,False,0,True,True
household,/content/waste_datasets/household/garbage_classification/white-glass/white-glass154.jpg,white-glass,glass,True,512,384,RGB,5d772c50c048803766142cefc680593d41e81f576cec0b8c42854a0c1e89144f,14847,2,True,False,0,True,True
household,/content/waste_datasets/household/garbage_classification/plastic/plastic316.jpg,plastic,plastic,True,512,384,RGB,5d8785fed5c72e1f73cea76868af04579ca37cf07fcc8a0751af6a765dc59981,22154,3,True,False,0,True,True
household,/content/waste_datasets/household/garbage_classification/metal/metal88.jpg,metal,metal,True,512,384,RGB,5d943ddd4a73344e52aac08690ea1c93cbe1215c70621bbfd9aa13baf71446dc,8377,3,True,False,0,True,True
household,/content/waste_datasets/household/garbage_classification/cardboard/cardboard388.jpg,cardboard,cardboard,True,512,384,RGB,5d9a890325e8be067316639d0a107166c5fa5025a693271941bfe282cc350598,22215,3,True,False,0,True,True
household,/content/waste_datasets/household/garbage_classification/plastic/plastic787.jpg,plastic,plastic,True,512,384,RGB,5dac04cf4d4fcc77d7469a3985b587f325f785523b31e6c8d504f4d7c7f4ed75,10169,3,True,False,0,True,True
household,/content/waste_datasets/household/garbage_classification/metal/metal336.jpg,metal,metal,True,512,384,RGB,5dbd501eccfbbaf0bd30ef527ccd97e050e9fd4398721fc2cc5ac6e5493c88ce,9384,3,True,False,0,True,True
household,/content/waste_datasets/household/garbage_classification/plastic/plastic450.jpg,plastic,plastic,True,512,384,RGB,5dcdd840b2ef4863a974153e836821955c0d8a179529fd9ae3dff29af628b8b8,11783,3,True,False,0,True,True
household,/content/waste_datasets/household/garbage_classification/brown-glass/brown-glass270.jpg,brown-glass,glass,True,512,384,RGB,5dd60748acca10c0382c91b42094907333b11e82919c4b9472d2ec8e7b0d27b0,10060,3,True,False,0,True,True
household,/content/waste_datasets/household/garbage_classification/cardboard/cardboard338.jpg,cardboard,cardboard,True,512,384,RGB,5e3f3eb21f52eb2502111e13efb593ea267ecc7dbdd1361195e5ae402998bf32,21538,3,True,False,0,True,True
household,/content/waste_datasets/household/garbage_classification/paper/paper549.jpg,paper,paper,True,512,384,RGB,5e5c91dd06fbc6404711f45064fc0d264d423993786ac3196e166e90baf4cdc9,13016,3,True,False,0,True,True
household,/content/waste_datasets/household/garbage_classification/plastic/plastic314.jpg,plastic,plastic,True,512,384,RGB,5e622980e96ce47efffcf38ee8bffde7c22704c7d57e29daeb4b3c46b9367800,12960,3,True,False,0,True,True
household,/content/waste_datasets/household/garbage_classification/cardboard/cardboard224.jpg,cardboard,cardboard,True,512,384,RGB,5ec499f5f409e2ef67239f34b4cb719cbd4b693d7a4d41c95a17fdd4198087cb,19339,3,True,False,0,True,True
household,/content/waste_datasets/household/garbage_classification/green-glass/green-glass65.jpg,green-glass,glass,True,512,384,RGB,5ec7be1cb8df2bce73b2c55406f4d3dc21d97a8b334723551f9966bea0064994,14855,3,True,False,0,True,True
household,/content/waste_datasets/household/garbage_classification/paper/paper634.jpg,paper,paper,True,512,384,RGB,5ecdc4745f35be7f4f3be4ab7af337b25b198985ac802ad8e7f0d3f79e8f95c4,43940,3,True,False,0,True,True
household,/content/waste_datasets/household/garbage_classification/plastic/plastic272.jpg,plastic,plastic,True,512,384,RGB,5ecdce1f0c64e1e0c6dd90d2097eb24685e743369a48e02a787d0d8f4d7dee65,10123,3,True,False,0,True,True
household,/content/waste_datasets/household/garbage_classification/white-glass/white-glass237.jpg,white-glass,glass,True,512,384,RGB,5ed81b37171e301d46a3b3c82d73a4808947fed6551c7bef70fb96ff6939bb0c,16658,3,True,False,0,True,True
household,/content/waste_datasets/household/garbage_classification/paper/paper979.jpg,paper,paper,True,512,384,RGB,5f0563d1616649c3e42b0b1217ec1c2b32c6caf5566d372d92a826cba8eee152,26827,3,True,False,0,True,True
household,/content/waste_datasets/household/garbage_classification/plastic/plastic384.jpg,plastic,plastic,True,512,384,RGB,5f196349256f720044b8222e8e7027b95ab12afbd042c8c08c86e1ebf7637db8,18198,3,True,False,0,True,True
household,/content/waste_datasets/household/garbage_classification/cardboard/cardboard216.jpg,cardboard,cardboard,True,512,384,RGB,5f198438ea3a1d93c5ef87be3f09879e0041b065f6c72ffe533650910741b5bc,18412,3,True,False,0,True,True
household,/content/waste_datasets/household/garbage_classification/plastic/plastic146.jpg,plastic,plastic,True,512,384,RGB,5f3f970fb7fa2143711f163afe4a0d92cb86b338f1615271e77345884f148704,16445,3,True,False,0,True,True
household,/content/waste_datasets/household/garbage_classification/metal/metal36.jpg,metal,metal,True,512,384,RGB,5f6a605c22760fb1d63a8990f5a552fa999faed85fd196fa9c855e00ef79110e,20143,3,True,False,0,True,True
household,/content/waste_datasets/household/garbage_classification/metal/metal204.jpg,metal,metal,True,512,384,RGB,5f7729d8942296b24a2837b096cb747e61f45fe7fa7dc2c77075548ef881a97f,27045,3,True,False,0,True,True
household,/content/waste_datasets/household/garbage_classification/metal/metal448.jpg,metal,metal,True,512,384,RGB,5f85c330652f7a6693be62f9a04aaa1a14488a78696495e42b2b376ef559de67,15481,3,True,False,0,True,True
household,/content/waste_datasets/household/garbage_classification/white-glass/white-glass140.jpg,white-glass,glass,True,512,384,RGB,5f95dd2522f31bfb2ad3b1c5c304983780c35691c4d1a9a3315deb3b54900dae,10405,3,True,False,0,True,True
household,/content/waste_datasets/household/garbage_classification/white-glass/white-glass661.jpg,white-glass,glass,True,512,384,RGB,5fbd69d4c331f2593d2694aad0e3bd5eebe4d5e4309c000ebba66f2a7ae4a681,14910,3,True,False,0,True,True
household,/content/waste_datasets/household/garbage_classification/paper/paper528.jpg,paper,paper,True,512,384,RGB,5fca1e7f18a50fe1b64f80939d9163d7f886b90e8c4943b4cc93a15b897af8d4,29185,3,True,False,0,True,True
household,/content/waste_datasets/household/garbage_classification/metal/metal171.jpg,metal,metal,True,512,384,RGB,5ff1da55366f1915bb8d5fd6d846ad4bdd8258bb0a466a450cb311ee1fd9ef5b,14360,3,True,False,0,True,True
household,/content/waste_datasets/household/garbage_classification/metal/metal29.jpg,metal,metal,True,512,384,RGB,60273e1cefdeb1ad86288a56d7b9c76dbef19cb96042ff66cb0fc456c0ab5d6b,30944,3,True,False,0,True,True
household,/content/waste_datasets/household/garbage_classification/cardboard/cardboard261.jpg,cardboard,cardboard,True,512,384,RGB,60495c8bc2534d43ebd44b7f4e534cc7f4c2408ced3dba5b0415e5b79cb4b007,10275,3,True,False,0,True,True
household,/content/waste_datasets/household/garbage_classification/brown-glass/brown-glass136.jpg,brown-glass,glass,True,512,384,RGB,6098988022480b9c9b7472aed9c531d64279a3eb9f19c255b0d991458d03c7a5,12016,3,True,False,0,True,True
household,/content/waste_datasets/household/garbage_classification/cardboard/cardboard583.jpg,cardboard,cardboard,True,512,384,RGB,60d831303691885a30cee326a4a313221bd4c53c3747d6c560cc45fec749feb6,16767,3,True,False,0,True,True
household,/content/waste_datasets/household/garbage_classification/cardboard/cardboard160.jpg,cardboard,cardboard,True,512,384,RGB,60e0336f708ac59f5554a28e05f655b6c7d8f2878556f341de6253bd94543824,15482,3,True,False,0,True,True
household,/content/waste_datasets/household/garbage_classification/cardboard/cardboard177.jpg,cardboard,cardboard,True,512,384,RGB,60e7b4e2b0ac8b39a6494d4f49bf9c37515fee5a8b2154cf079501971b4498d2,19779,3,True,False,0,True,True
household,/content/waste_datasets/household/garbage_classification/white-glass/white-glass192.jpg,white-glass,glass,True,512,384,RGB,60f151c68c9520151afe4f0de9497931b2c55a7ed7f01779b8651e54a4cabb17,11474,3,True,False,0,True,True
household,/content/waste_datasets/household/garbage_classification/white-glass/white-glass234.jpg,white-glass,glass,True,512,384,RGB,611b1d28fba567cf7b0d4cdb359039211263ae63472011189fb42aa2a89ec6e8,16316,2,True,False,0,True,True
household,/content/waste_datasets/household/garbage_classification/white-glass/white-glass215.jpg,white-glass,glass,True,512,384,RGB,613e8740d360f07d9e8b7f41b709c42a32af274fed868c6dbef6a954c1e4bd4b,8973,2,True,False,0,True,True
household,/content/waste_datasets/household/garbage_classification/paper/paper748.jpg,paper,paper,True,512,384,RGB,615fe6981d40160c846e2a35f30cfe7d4f499e1a39c065a449ab92b8c1afa21d,43785,3,True,False,0,True,True
household,/content/waste_datasets/household/garbage_classification/metal/metal270.jpg,metal,metal,True,512,384,RGB,617a85c765e82f6036997e6204090dffda026898eba70f46e26fcaafb0df9cc3,14608,3,True,False,0,True,True
household,/content/waste_datasets/household/garbage_classification/plastic/plastic50.jpg,plastic,plastic,True,512,384,RGB,61a89874be4f9fcdeeefec2c2f2a8eed113a96ada46b4c7dd54b7b81dc43ee09,15409,3,True,False,0,True,True
household,/content/waste_datasets/household/garbage_classification/cardboard/cardboard770.jpg,cardboard,cardboard,True,512,384,RGB,61bc3fa9aeffc93cd85e7cf6af5f5419f2ecf14f1844a3ec28631d09bf2eec5e,24417,3,True,False,0,True,True
household,/content/waste_datasets/household/garbage_classification/paper/paper1006.jpg,paper,paper,True,512,384,RGB,61e4135a107681ed768c845a1c5944dff554041fce30e8ff2263be7f1f684b6b,22593,3,True,False,0,True,True
household,/content/waste_datasets/household/garbage_classification/metal/metal374.jpg,metal,metal,True,512,384,RGB,62112227da546062760486f15060c6943fdcb4fdc3a891b5a488ba948b5608d0,23467,3,True,False,0,True,True
household,/content/waste_datasets/household/garbage_classification/brown-glass/brown-glass216.jpg,brown-glass,glass,True,512,384,RGB,623e7e12344e32b096d3986926c718b5f23c44f54df1029917737b9d4288ae87,11829,3,True,False,0,True,True
household,/content/waste_datasets/household/garbage_classification/plastic/plastic777.jpg,plastic,plastic,True,512,384,RGB,630e0de1fe0eea7e7142e238032ec10b6fff345411bc79ebfc77bfe441ee71cd,17670,3,True,False,0,True,True
household,/content/waste_datasets/household/garbage_classification/paper/paper625.jpg,paper,paper,True,512,384,RGB,6339cedb8334907f6fde6bebe2fa9796c0835be1316ff10d5f41aa72e62d4a7d,33601,3,True,False,0,True,True
household,/content/waste_datasets/household/garbage_classification/plastic/plastic233.jpg,plastic,plastic,True,512,384,RGB,637404061a17a1ff0810d035f4473243b7351344915cd3d9e1c713a76401da8e,14195,3,True,False,0,True,True
household,/content/waste_datasets/household/garbage_classification/plastic/plastic51.jpg,plastic,plastic,True,512,384,RGB,63ac5e258be03cca86f2dd5012f4366a15c7b4dd794dba32afede551761ace5f,15221,3,True,False,0,True,True
household,/content/waste_datasets/household/garbage_classification/paper/paper882.jpg,paper,paper,True,512,384,RGB,6406255b7c7f7a0e1a1ccce70d66401913fb23c7648f258b8b5dec5eea493481,15574,3,True,False,0,True,True
household,/content/waste_datasets/household/garbage_classification/plastic/plastic37.jpg,plastic,plastic,True,512,384,RGB,6455853ec978543d38b1e012685b9fc5f9fa4b3405d3c309bd9c0ccd804726f9,21098,3,True,False,0,True,True
household,/content/waste_datasets/household/garbage_classification/paper/paper764.jpg,paper,paper,True,512,384,RGB,645be3c6a79690af201e2d7a959038834d807fc7c69fd129aeee36093c799be3,14395,3,True,False,0,True,True
household,/content/waste_datasets/household/garbage_classification/cardboard/cardboard91.jpg,cardboard,cardboard,True,512,384,RGB,64b61897f78d65c0ee7932007c80517f94435f184e68fc3f6268598ba919cd30,23964,3,True,False,0,True,True
household,/content/waste_datasets/household/garbage_classification/metal/metal40.jpg,metal,metal,True,512,384,RGB,6502fbfe5b86821fcd7e961779cf1abe317b78fd06686cb053a62cc777c2b71e,31025,3,True,False,0,True,True
household,/content/waste_datasets/household/garbage_classification/metal/metal70.jpg,metal,metal,True,512,384,RGB,653a71600ef620c2abfcfe8c1269e2b2366f9d34fcd906db8d3c2e280615206e,13712,3,True,False,0,True,True
household,/content/waste_datasets/household/garbage_classification/plastic/plastic209.jpg,plastic,plastic,True,512,384,RGB,655525f72b7162d1497b9b94662372c457757b55b64519d965402d8fc5008d40,16052,3,True,False,0,True,True
household,/content/waste_datasets/household/garbage_classification/plastic/plastic445.jpg,plastic,plastic,True,512,384,RGB,65669691c0dfb00aeca597fd6d2ab22473e5734feb3c2fee9160920255234def,13572,3,True,False,0,True,True
household,/content/waste_datasets/household/garbage_classification/plastic/plastic864.jpg,plastic,plastic,True,512,384,RGB,65847ba689e296c21f23c69287e9f219e7cb2e5bccf7c999c489b7fdcbb148d6,15137,3,True,False,0,True,True
household,/content/waste_datasets/household/garbage_classification/metal/metal128.jpg,metal,metal,True,512,384,RGB,658bf4daf9cf82ab9b4f5794946d0be8db7c2e0cfd33f1b656bc8bc5b6878d7e,24227,3,True,False,0,True,True
household,/content/waste_datasets/household/garbage_classification/white-glass/white-glass165.jpg,white-glass,glass,True,512,384,RGB,65a159aa62e2d9d16cf6da7cab5d39fbdd39254cb1a7bb7cd566edfeaabf82fc,12578,3,True,False,0,True,True
household,/content/waste_datasets/household/garbage_classification/cardboard/cardboard41.jpg,cardboard,cardboard,True,512,384,RGB,65cb3041bbaf174b8d27b28b3cbfa678325e0d57f51a48742faa97f06a465895,26974,3,True,False,0,True,True
household,/content/waste_datasets/household/garbage_classification/cardboard/cardboard888.jpg,cardboard,cardboard,True,512,384,RGB,65fefbd73dd0f968703ba0c7319e33d8b52cfad221bca536733ceed485675d14,13726,3,True,False,0,True,True
household,/content/waste_datasets/household/garbage_classification/paper/paper982.jpg,paper,paper,True,512,384,RGB,660cb3a69fb9662a5d5d7b5270290e542a5dfc225e520d24cd9e85181e9be01f,22112,3,True,False,0,True,True
household,/content/waste_datasets/household/garbage_classification/white-glass/white-glass682.jpg,white-glass,glass,True,512,384,RGB,663993b05999fd215301af80d27832c79c1798971a7ef073f57ecb579ff5453b,18872,3,True,False,0,True,True
household,/content/waste_datasets/household/garbage_classification/brown-glass/brown-glass149.jpg,brown-glass,glass,True,512,384,RGB,668d2574aca8fe37648c3b6d05df8cc0c15afcff3b7e391aa3441cc1d99c8364,9496,2,True,False,0,True,True
household,/content/waste_datasets/household/garbage_classification/cardboard/cardboard138.jpg,cardboard,cardboard,True,512,384,RGB,66b0eb2c973b01fcd6a0853047d52f76cdb6f97428e1c10e8ef68b6df7414b12,25031,3,True,False,0,True,True
household,/content/waste_datasets/household/garbage_classification/paper/paper958.jpg,paper,paper,True,512,384,RGB,66d1fbbd073c0676b85450a5d1494337e93f581e81a9ec9be3bc2a7ff5759245,18039,3,True,False,0,True,True
household,/content/waste_datasets/household/garbage_classification/white-glass/white-glass232.jpg,white-glass,glass,True,512,384,RGB,66f60de468cb4b191fb8d64683eecf98df6b90bffb59f7225ada7c3a31a8b03d,25064,2,True,False,0,True,True
household,/content/waste_datasets/household/garbage_classification/plastic/plastic326.jpg,plastic,plastic,True,512,384,RGB,67141e8f523c921cb5bca25ddd2e9aa3c27d7ab976c00855b22695aeafe942ca,8184,3,True,False,0,True,True
household,/content/waste_datasets/household/garbage_classification/paper/paper1036.jpg,paper,paper,True,512,384,RGB,673bd5ccbbd97db5dcbb761aa782d16c856dc89888d8ac58974459306ff421e4,11292,3,True,False,0,True,True
household,/content/waste_datasets/household/garbage_classification/metal/metal317.jpg,metal,metal,True,512,384,RGB,67b3dff10752489b2cb8dcc3f8d3c183f17dad8f79ade1aef25fd5eb2d1df62b,25154,3,True,False,0,True,True
household,/content/waste_datasets/household/garbage_classification/metal/metal134.jpg,metal,metal,True,512,384,RGB,67bb6cea363369ce6ede15e32f664bb08393386c0950c2b4f835a6a3badc8b24,15847,3,True,False,0,True,True
household,/content/waste_datasets/household/garbage_classification/white-glass/white-glass189.jpg,white-glass,glass,True,512,384,RGB,67cdd7981dd535045d6d8fdabecc4ef5ff63bd96bde6eeaa16aaafa779b59593,21083,3,True,False,0,True,True
household,/content/waste_datasets/household/garbage_classification/plastic/plastic141.jpg,plastic,plastic,True,512,384,RGB,67d1ac306a493d7d032f66089a2f544ae6908a2a1c6343dcf798927059cd55b8,20533,3,True,False,0,True,True
household,/content/waste_datasets/household/garbage_classification/paper/paper709.jpg,paper,paper,True,512,384,RGB,68029adb26f1b9c15345104db45ef4d0757f586d5d5e6a1632d2d912b4c0d709,36456,2,True,False,0,True,True
household,/content/waste_datasets/household/garbage_classification/paper/paper504.jpg,paper,paper,True,512,384,RGB,6845842d1a4e9e12b329105ea9c5f477c783c36dfa21937596ccd55b300ef376,17810,3,True,False,0,True,True
household,/content/waste_datasets/household/garbage_classification/paper/paper458.jpg,paper,paper,True,512,384,RGB,68825f8e99c794dafe3e72e0eed1b4c9f29b289672f1216ca23b182be6c0d390,28574,3,True,False,0,True,True
household,/content/waste_datasets/household/garbage_classification/cardboard/cardboard74.jpg,cardboard,cardboard,True,512,384,RGB,688cfe07fa8a383f41cac090792207d77aba6987538218753058d836e0772b71,18119,3,True,False,0,True,True
household,/content/waste_datasets/household/garbage_classification/paper/paper722.jpg,paper,paper,True,512,384,RGB,689bab0f6e722e0d6755f64773eb908cf42764d9dd7165a2081fce57064dc837,17841,3,True,False,0,True,True
household,/content/waste_datasets/household/garbage_classification/paper/paper510.jpg,paper,paper,True,512,384,RGB,68e1468232bcbdaea5e1617d25644f2676177c8577c29af896c2b9fdb417fed8,11378,3,True,False,0,True,True
household,/content/waste_datasets/household/garbage_classification/plastic/plastic306.jpg,plastic,plastic,True,512,384,RGB,68fbcf0479ca09e2660ac723cbca1abb608c67e1f6906d97c1e9d767b05f6e83,14462,3,True,False,0,True,True
household,/content/waste_datasets/household/garbage_classification/cardboard/cardboard120.jpg,cardboard,cardboard,True,512,384,RGB,693c859854fcb31de06bda96dc635d92df3cad0e8204ee246bd94674dfe54c35,15496,3,True,False,0,True,True
household,/content/waste_datasets/household/garbage_classification/plastic/plastic134.jpg,plastic,plastic,True,512,384,RGB,694e49b212ea8b4c1f4cad6ea8758c3a5b7aae9b54bb2da120ddbad3ca146d9e,18889,3,True,False,0,True,True
household,/content/waste_datasets/household/garbage_classification/green-glass/green-glass158.jpg,green-glass,glass,True,512,384,RGB,695123647df273f08dd4ea828f1ea8df0684cb31a3c86d4e465ed3e22c0e95cf,12797,3,True,False,0,True,True
household,/content/waste_datasets/household/garbage_classification/white-glass/white-glass97.jpg,white-glass,glass,True,512,384,RGB,6975af3bf8e19305aafbc82ce3c8a6ea484dc31f48e839adb924b8b3e828bcfa,19438,3,True,False,0,True,True
household,/content/waste_datasets/household/garbage_classification/plastic/plastic120.jpg,plastic,plastic,True,512,384,RGB,6976efbcb5d0632db03aa712d98a08180bfa2991f7648ec200eea0d9d683aa44,8251,3,True,False,0,True,True
household,/content/waste_datasets/household/garbage_classification/plastic/plastic300.jpg,plastic,plastic,True,512,384,RGB,69b2cf41bcf89812d49459a7c849277c1678fbde22cb63fd6981ee7819739f4a,11215,3,True,False,0,True,True
household,/content/waste_datasets/household/garbage_classification/paper/paper983.jpg,paper,paper,True,512,384,RGB,69c9f05c80d97470e575c5927f8523b0f4ffded91c0a18b53518a58c1a7b1787,14419,3,True,False,0,True,True
household,/content/waste_datasets/household/garbage_classification/paper/paper503.jpg,paper,paper,True,512,384,RGB,69e873ea95582ac32e5771cdce1b17aae91c81e652e0239c075110aff0e53c01,32306,3,True,False,0,True,True
household,/content/waste_datasets/household/garbage_classification/cardboard/cardboard189.jpg,cardboard,cardboard,True,512,384,RGB,69ffc7f99383b36f83c97078dc696ad1c56e402f368de0e9d00f85602c5b0226,21268,3,True,False,0,True,True
household,/content/waste_datasets/household/garbage_classification/paper/paper991.jpg,paper,paper,True,512,384,RGB,6a24f95698f17964405eaab74c341c291a5b489487d19c2656fc815e3024bed2,35799,3,True,False,0,True,True
household,/content/waste_datasets/household/garbage_classification/cardboard/cardboard529.jpg,cardboard,cardboard,True,512,384,RGB,6a3464c6a63d939cf7dfbde1b97305cbfb47dfbfb2982676dcb5896a5c137687,11101,3,True,False,0,True,True
household,/content/waste_datasets/household/garbage_classification/cardboard/cardboard92.jpg,cardboard,cardboard,True,512,384,RGB,6a50dee7c1aaea0110dfe3483f88741407375757ff6bf34783ae2b241f13e98c,21754,3,True,False,0,True,True
household,/content/waste_datasets/household/garbage_classification/cardboard/cardboard215.jpg,cardboard,cardboard,True,512,384,RGB,6a62bee00c5bbe0670670e965aa1295eb6919c8808a08ca19202e331895b2df2,18207,3,True,False,0,True,True
household,/content/waste_datasets/household/garbage_classification/metal/metal127.jpg,metal,metal,True,512,384,RGB,6a7c9e196b6ae628529b03b287eef535d307fd50eecb043765fc145197450829,17054,3,True,False,0,True,True
household,/content/waste_datasets/household/garbage_classification/cardboard/cardboard86.jpg,cardboard,cardboard,True,512,384,RGB,6a9b724d039aefa9c1ff60ba61bb773cb30bbb79c230f133b0817627d07aee44,18918,3,True,False,0,True,True
household,/content/waste_datasets/household/garbage_classification/paper/paper597.jpg,paper,paper,True,512,384,RGB,6aaeb6a4d2cde578780778e601db7672976b48e31ba0de80fc927ca20ab5184d,39275,3,True,False,0,True,True
household,/content/waste_datasets/household/garbage_classification/brown-glass/brown-glass184.jpg,brown-glass,glass,True,512,384,RGB,6ab261bea2414406f198b84340c58cf8942c247a494451077376777aefc2b020,13984,3,True,False,0,True,True
household,/content/waste_datasets/household/garbage_classification/cardboard/cardboard260.jpg,cardboard,cardboard,True,512,384,RGB,6af4835c742a0137982a6c33b705d0c75ffac42d5e9d11d2debc439e2c3b2a58,19240,3,True,False,0,True,True
household,/content/waste_datasets/household/garbage_classification/plastic/plastic153.jpg,plastic,plastic,True,512,384,RGB,6b09eee0722c2a8e562bae5c657e1db64bad8e90040d599a26480268a125fde6,16328,3,True,False,0,True,True
household,/content/waste_datasets/household/garbage_classification/metal/metal239.jpg,metal,metal,True,512,384,RGB,6b283a3bafadb0b812d6032eabb77e76eacb862d3d7352b07e4ffff8eb94b623,19105,3,True,False,0,True,True
household,/content/waste_datasets/household/garbage_classification/metal/metal467.jpg,metal,metal,True,512,384,RGB,6b33e62797187f90563f7f0341f563b4d1dc07a64fa7007fa3a0b1cffb779bb1,13732,3,True,False,0,True,True
household,/content/waste_datasets/household/garbage_classification/metal/metal162.jpg,metal,metal,True,512,384,RGB,6b353b75aea6d88340649a52d1a40feb3d6022474d48ad7d38eb8c694b452b48,17349,3,True,False,0,True,True
household,/content/waste_datasets/household/garbage_classification/plastic/plastic163.jpg,plastic,plastic,True,512,384,RGB,6b36be228178879d1eb090433f768589c109eeb7772b785fbf5d3c7952019211,8215,3,True,False,0,True,True
household,/content/waste_datasets/household/garbage_classification/paper/paper715.jpg,paper,paper,True,512,384,RGB,6b55d190dacf6e904875b30c31a8a55d8dc01713b4de1a5d7d4972649e669e2c,23966,3,True,False,0,True,True
household,/content/waste_datasets/household/garbage_classification/plastic/plastic74.jpg,plastic,plastic,True,512,384,RGB,6b57147f6dc729d07d2ebab6cce58a37d82c4076199af7080a560a82c9f821e2,14387,3,True,False,0,True,True
household,/content/waste_datasets/household/garbage_classification/plastic/plastic33.jpg,plastic,plastic,True,512,384,RGB,6b69cad1ae109b030b4a1f2dd376de3fb4d9780d78b372c462abcc0db1e37e7e,23373,3,True,False,0,True,True
household,/content/waste_datasets/household/garbage_classification/brown-glass/brown-glass228.jpg,brown-glass,glass,True,512,384,RGB,6b7a7d11f2fc67528af282827d789419e96cb788880f25f575a1480403bd2a81,14219,3,True,False,0,True,True
household,/content/waste_datasets/household/garbage_classification/plastic/plastic496.jpg,plastic,plastic,True,512,384,RGB,6baac8c58f3c8f9af351013ebb6479f31d8f055b7bc25b25c55e7a54db4c1a21,24209,3,True,False,0,True,True
household,/content/waste_datasets/household/garbage_classification/paper/paper464.jpg,paper,paper,True,512,384,RGB,6bab8421617ae409f0563e664f176374989f124cd8459b291d2815d825eac48d,45030,3,True,False,0,True,True
household,/content/waste_datasets/household/garbage_classification/cardboard/cardboard47.jpg,cardboard,cardboard,True,512,384,RGB,6bc53f23fa43a458e30a2f3b75ddc6eda6c02d2d2557f3034291840ccce35ddd,14734,3,True,False,0,True,True
household,/content/waste_datasets/household/garbage_classification/paper/paper633.jpg,paper,paper,True,512,384,RGB,6bd5a5ce18fa7899712edc9303e7995ff2163c4e9bda9f1570fa398856f70b2d,22258,2,True,False,0,True,True
household,/content/waste_datasets/household/garbage_classification/cardboard/cardboard67.jpg,cardboard,cardboard,True,512,384,RGB,6becd18d976d5b709d4138adcb3dfe4030b75c939a1d08fad9c94e75a26baa81,23839,3,True,False,0,True,True
household,/content/waste_datasets/household/garbage_classification/plastic/plastic78.jpg,plastic,plastic,True,512,384,RGB,6c0952547164bd6bc5bab5a971f84456c1bac30a983758cc51d5e141447f8bb6,7869,3,True,False,0,True,True
household,/content/waste_datasets/household/garbage_classification/metal/metal45.jpg,metal,metal,True,512,384,RGB,6c128e56de735b5e60ec045adac71ec25bb1b5e8b4b04f310e777cac41206120,13674,3,True,False,0,True,True
household,/content/waste_datasets/household/garbage_classification/paper/paper820.jpg,paper,paper,True,512,384,RGB,6c15c94952ed7b3d68d37ac959b7eb79af921100649f312d6779f78c131b4600,26541,3,True,False,0,True,True
household,/content/waste_datasets/household/garbage_classification/metal/metal416.jpg,metal,metal,True,512,384,RGB,6c1b495727eec4a95990099ab635d290e3faa8ba2fe9074d05d9e63ab7e6f273,17414,3,True,False,0,True,True
household,/content/waste_datasets/household/garbage_classification/plastic/plastic126.jpg,plastic,plastic,True,512,384,RGB,6c2a19b3e15d505d6c00836d15c8c1e68c337e909289f0cdb1fa1e715bdd0e4c,15145,3,True,False,0,True,True
household,/content/waste_datasets/household/garbage_classification/plastic/plastic394.jpg,plastic,plastic,True,512,384,RGB,6c3efdb40a993a64e1d2c3eab03dd634101cf8ba124d65b092537ff0116626ab,16544,3,True,False,0,True,True
household,/content/waste_datasets/household/garbage_classification/paper/paper915.jpg,paper,paper,True,512,384,RGB,6c5125a61e4a90bfee7de1db0104b1897ae88fa86c33027f2fe23f0fe7c3ced5,23773,3,True,False,0,True,True
household,/content/waste_datasets/household/garbage_classification/paper/paper753.jpg,paper,paper,True,512,384,RGB,6c716828b1c48d294ccdf484f4b8aaa197078efa5c918e60f05f760d4757b3af,24562,3,True,False,0,True,True
household,/content/waste_datasets/household/garbage_classification/paper/paper33.jpg,paper,paper,True,512,384,RGB,6cb1b0932891aaf84852c0b7a05adfc2d1711682af5918a26e63bbd5110b0a07,35101,3,True,False,0,True,True
household,/content/waste_datasets/household/garbage_classification/paper/paper486.jpg,paper,paper,True,512,384,RGB,6ce5ad817d9d57f925f0dc6b5abca5473d2cc28a62de5f681b1e61b843821b89,14919,3,True,False,0,True,True
household,/content/waste_datasets/household/garbage_classification/cardboard/cardboard110.jpg,cardboard,cardboard,True,512,384,RGB,6cea49417728035fce0f47ea18e26565ea26197df31f1cb31266d6b0593892e7,26919,3,True,False,0,True,True
household,/content/waste_datasets/household/garbage_classification/cardboard/cardboard53.jpg,cardboard,cardboard,True,512,384,RGB,6d0a8b0300bf3bb64274dc4752b94438a4f20100e6aaffcc731d12388811bb49,19449,3,True,False,0,True,True
household,/content/waste_datasets/household/garbage_classification/white-glass/white-glass108.jpg,white-glass,glass,True,512,384,RGB,6d2b60249550673aa6cc9c073b0e7607511cb9d66150e3cc10eeda988d0b42ed,11218,3,True,False,0,True,True
household,/content/waste_datasets/household/garbage_classification/white-glass/white-glass28.jpg,white-glass,glass,True,512,384,RGB,6d2b84f527458a009bf1e57c05ace354a0377684840dea2a4dd6986baac0215b,7208,3,True,False,0,True,True
household,/content/waste_datasets/household/garbage_classification/cardboard/cardboard298.jpg,cardboard,cardboard,True,512,384,RGB,6d37c5a6a8d98db663efd00ec2e1d000d3f5dd31d9701e6377d49de87c37fb73,26149,3,True,False,0,True,True
household,/content/waste_datasets/household/garbage_classification/plastic/plastic292.jpg,plastic,plastic,True,512,384,RGB,6d578a80836ec004a1ac149895e8689f33edeb9b8e8ee48ed5cedf000c7b7cac,12843,3,True,False,0,True,True
household,/content/waste_datasets/household/garbage_classification/paper/paper536.jpg,paper,paper,True,512,384,RGB,6d76c054d32b26ea011b9cf8f3587c5a4bb0bb1369ebbd50f2876fc499867ab5,11027,3,True,False,0,True,True
household,/content/waste_datasets/household/garbage_classification/paper/paper517.jpg,paper,paper,True,512,384,RGB,6db3b5ead069f23015354a65fddd31a5d975363f2541759b7fd63c0dfbf1acfd,31052,2,True,False,0,True,True
household,/content/waste_datasets/household/garbage_classification/paper/paper10.jpg,paper,paper,True,512,384,RGB,6de94a8ae9fcd8d62d4870bfa9369bcf4a9517e50de9f12f818c903c4b054c0c,24774,3,True,False,0,True,True
household,/content/waste_datasets/household/garbage_classification/cardboard/cardboard496.jpg,cardboard,cardboard,True,512,384,RGB,6df32df3445f1fd3a9d2163bce9cd36982d755abe5c635ed5548a82812e85631,20117,3,True,False,0,True,True
household,/content/waste_datasets/household/garbage_classification/paper/paper540.jpg,paper,paper,True,512,384,RGB,6df55d6b601c134c742216e7f41c995b9a10af6e44026b6abe972302e1cfa253,8653,3,True,False,0,True,True
household,/content/waste_datasets/household/garbage_classification/cardboard/cardboard226.jpg,cardboard,cardboard,True,512,384,RGB,6e2373083ceeb539cbaa5dfd9937d4a42c7267390ba9083454ab7e254a43de3c,21529,3,True,False,0,True,True
household,/content/waste_datasets/household/garbage_classification/cardboard/cardboard57.jpg,cardboard,cardboard,True,512,384,RGB,6e3a26fd8d05780baf6107b104a2d077f4046fe5cda9f00aa12c8a34630dbd0e,24881,3,True,False,0,True,True
household,/content/waste_datasets/household/garbage_classification/cardboard/cardboard563.jpg,cardboard,cardboard,True,512,384,RGB,6e4b49547daf86f258ebc12aa2bbdd574e2d77837cfa36dbca0cfa2891520f14,17492,3,True,False,0,True,True
household,/content/waste_datasets/household/garbage_classification/cardboard/cardboard68.jpg,cardboard,cardboard,True,512,384,RGB,6e6f1d82b3b218ef2c6376bf266efa908814c54fd0b2a44c5c600ffff5596079,19018,3,True,False,0,True,True
household,/content/waste_datasets/household/garbage_classification/paper/paper827.jpg,paper,paper,True,512,384,RGB,6e6fd8cd7880cdfcffc336ed529826a32782aadc6b519f1e100ef03565d5c517,14004,3,True,False,0,True,True
household,/content/waste_datasets/household/garbage_classification/plastic/plastic2.jpg,plastic,plastic,True,512,384,RGB,6e76b073923dcfef1a4cd1b7510d0a840d8ee83f68258ab9a285955c354d17e5,10165,2,True,False,0,True,True
household,/content/waste_datasets/household/garbage_classification/cardboard/cardboard225.jpg,cardboard,cardboard,True,512,384,RGB,6eb120431a68732a016783d3b66e4f390eae8d7e961ccb7eb78cdcf0a4750477,22817,3,True,False,0,True,True
household,/content/waste_datasets/household/garbage_classification/metal/metal52.jpg,metal,metal,True,512,384,RGB,6eb2378696940bd88fea366eeee2058c5430202561bec8128c49f1e8c225561e,15792,3,True,False,0,True,True
household,/content/waste_datasets/household/garbage_classification/metal/metal377.jpg,metal,metal,True,512,384,RGB,6ed31f3df9dabc2642d832ca5ff886a10106d3ad38af087ad23a8e270c7bcde7,14502,3,True,False,0,True,True
household,/content/waste_datasets/household/garbage_classification/white-glass/white-glass72.jpg,white-glass,glass,True,512,384,RGB,6ee935357eff0892280896c41d8f0dac64c415a0194e28c2e224dd28deeb176e,14335,3,True,False,0,True,True
household,/content/waste_datasets/household/garbage_classification/plastic/plastic219.jpg,plastic,plastic,True,512,384,RGB,6ee988c39df74a3d4bae4662d28ef523daf7e2ca4b0c0b2fc550cb3336fd72a1,12027,3,True,False,0,True,True
household,/content/waste_datasets/household/garbage_classification/metal/metal294.jpg,metal,metal,True,512,384,RGB,6efc5622ce7a76fffb3785f57fa8dbdf44dfc99956c2a2909a8ee46b8cc92dec,17999,3,True,False,0,True,True
household,/content/waste_datasets/household/garbage_classification/brown-glass/brown-glass147.jpg,brown-glass,glass,True,512,384,RGB,6f330b32fff5c12ec3b7cf9b6fc134deea9b2468ba0a339c46ea069e03a58b82,9178,2,True,False,0,True,True
household,/content/waste_datasets/household/garbage_classification/cardboard/cardboard336.jpg,cardboard,cardboard,True,512,384,RGB,6f8befd29c103ea83a36be7e8711829d8b23ca25d494c6672053576b82c7757c,19377,3,True,False,0,True,True
household,/content/waste_datasets/household/garbage_classification/metal/metal122.jpg,metal,metal,True,512,384,RGB,6f9179ad6a8fe315a897c71d49199ae16597a8f4dacce768cf43578fcf4e24f4,15966,3,True,False,0,True,True
household,/content/waste_datasets/household/garbage_classification/paper/paper488.jpg,paper,paper,True,512,384,RGB,6fb8e1e49cfc17b4cbab2ed579772ae8603b8972b0639763627f9be00ca39711,31440,3,True,False,0,True,True
household,/content/waste_datasets/household/garbage_classification/paper/paper622.jpg,paper,paper,True,512,384,RGB,6fbcc512074383d701ee0d046a7e2e93e29c29ff70e7da069c375e65844d1111,16055,3,True,False,0,True,True
household,/content/waste_datasets/household/garbage_classification/plastic/plastic100.jpg,plastic,plastic,True,512,384,RGB,6fc1a126cf07a445ff88c78e3f457f479d7c04d26536b71f0262756623c67176,15787,3,True,False,0,True,True
household,/content/waste_datasets/household/garbage_classification/paper/paper23.jpg,paper,paper,True,512,384,RGB,6fc4f8109ca48036e6bca958b629c3e35c6484e3403b0b6410be3814d0b13395,32173,2,True,False,0,True,True
household,/content/waste_datasets/household/garbage_classification/paper/paper682.jpg,paper,paper,True,512,384,RGB,6fc75011e3c5fac3ed013385945a324e4047880f0cca70ad2e47b01b17076a2d,21516,3,True,False,0,True,True
household,/content/waste_datasets/household/garbage_classification/plastic/plastic14.jpg,plastic,plastic,True,512,384,RGB,6fcc879e28f160e32e2b5f8b4ee0e8ab3e57dec802cdfffd1afedf2ff98ef3fe,8104,3,True,False,0,True,True
household,/content/waste_datasets/household/garbage_classification/paper/paper992.jpg,paper,paper,True,512,384,RGB,6ffb73b219c5762d0a80ab7a5e02c336a000f866096c1f9b384e19e5ae32fdcf,11933,3,True,False,0,True,True
household,/content/waste_datasets/household/garbage_classification/white-glass/white-glass218.jpg,white-glass,glass,True,512,384,RGB,701b0c07b8d804190393f323cf76527ca05c719a84d8064dec4021115c798d44,11895,2,True,False,0,True,True
household,/content/waste_datasets/household/garbage_classification/paper/paper645.jpg,paper,paper,True,512,384,RGB,7033c6864102c25d3f4a68a330351f245ecd7bbc785d59e5b6829081eb1b62aa,8976,3,True,False,0,True,True
household,/content/waste_datasets/household/garbage_classification/cardboard/cardboard66.jpg,cardboard,cardboard,True,512,384,RGB,705d5ab527ee3ddec7d11f20471fa197839774ba54514afbc0eb2226b9bf8916,14124,3,True,False,0,True,True
household,/content/waste_datasets/household/garbage_classification/plastic/plastic800.jpg,plastic,plastic,True,512,384,RGB,7066e4ba418dc5633759f9648810860845dc918332edcd49d0a505e434a6855d,16023,3,True,False,0,True,True
household,/content/waste_datasets/household/garbage_classification/green-glass/green-glass154.jpg,green-glass,glass,True,512,384,RGB,70749dbea65d0c7a0fcffd756af389a0dc508b2e9c92613b2e6826673ca778f4,12879,2,True,False,0,True,True
household,/content/waste_datasets/household/garbage_classification/metal/metal420.jpg,metal,metal,True,512,384,RGB,708e589ec4c83db19b13f1f1d1f0363465ef76427c8a7bfe247056d32effe56e,13589,3,True,False,0,True,True
household,/content/waste_datasets/household/garbage_classification/white-glass/white-glass205.jpg,white-glass,glass,True,512,384,RGB,70b90864bd7ffad1e5b9e9c2fc7bd0cc00f52a050f61d98863cba53fc79ab5b3,20834,2,True,False,0,True,True
household,/content/waste_datasets/household/garbage_classification/metal/metal136.jpg,metal,metal,True,512,384,RGB,70bed46cadb3dc4faaf054dd2319b748ae4fa62f0a69d6415f0ab21fd6de11e4,11956,3,True,False,0,True,True
household,/content/waste_datasets/household/garbage_classification/paper/paper643.jpg,paper,paper,True,512,384,RGB,70e314c239a2c9da73b825e1e9e42b84ab8ceeeeb35f8810a7acd96e37129edb,42522,3,True,False,0,True,True
household,/content/waste_datasets/household/garbage_classification/white-glass/white-glass41.jpg,white-glass,glass,True,512,384,RGB,7120850e2324b64b353b3160df7aecb846e08de901e2ab92ad6e2fca17cc743d,13825,3,True,False,0,True,True
household,/content/waste_datasets/household/garbage_classification/cardboard/cardboard309.jpg,cardboard,cardboard,True,512,384,RGB,713c209d91064e700c7de99aedb0342173ec32465c313ce003e5a4931c28dc67,12378,2,True,False,0,True,True
household,/content/waste_datasets/household/garbage_classification/cardboard/cardboard474.jpg,cardboard,cardboard,True,512,384,RGB,713e15013b9c91af101f879a8f92b4d24efb4f90820907768211d6d5d920bc3a,16229,3,True,False,0,True,True
household,/content/waste_datasets/household/garbage_classification/paper/paper756.jpg,paper,paper,True,512,384,RGB,716014709461961df48d4fb1f89e93889a975e47f4e42e05c6f596d135d0a34c,17154,3,True,False,0,True,True
household,/content/waste_datasets/household/garbage_classification/cardboard/cardboard284.jpg,cardboard,cardboard,True,512,384,RGB,717ddcb392be8566739f1ea3c4a5de6f66e3a4e8405e2e54c2310c8261c57d59,14106,3,True,False,0,True,True
household,/content/waste_datasets/household/garbage_classification/white-glass/white-glass216.jpg,white-glass,glass,True,512,384,RGB,7190667dcf9367717c8197ae8defb1614bdaf2fa2ce61b6c2333b8b7322a53a6,9162,3,True,False,0,True,True
household,/content/waste_datasets/household/garbage_classification/green-glass/green-glass346.jpg,green-glass,glass,True,512,384,RGB,719509ea0c6e99e7f6dd9607573795773242094da0f036268dca31373d209c0f,10920,3,True,False,0,True,True
household,/content/waste_datasets/household/garbage_classification/metal/metal307.jpg,metal,metal,True,512,384,RGB,719e22ef1d8018d34611197583c1f2d4be1bcc2c42e04c0c251867037adf9df5,9410,3,True,False,0,True,True
household,/content/waste_datasets/household/garbage_classification/metal/metal116.jpg,metal,metal,True,512,384,RGB,71c725ceb62d1b259f2aa56272be8bb3b99828aa683720883967928c7c8965a4,9595,3,True,False,0,True,True
household,/content/waste_datasets/household/garbage_classification/plastic/plastic619.jpg,plastic,plastic,True,512,384,RGB,71efb049f7a58617c6c2d53dd490e2fd194a0b22b6753fc97efe84e82f3f7d42,13608,3,True,False,0,True,True
household,/content/waste_datasets/household/garbage_classification/plastic/plastic472.jpg,plastic,plastic,True,512,384,RGB,721001d815684542d682a210cdc5eb7f3ee84a6b45a5a2208275f5d9bb34c5bb,11164,3,True,False,0,True,True
household,/content/waste_datasets/household/garbage_classification/white-glass/white-glass142.jpg,white-glass,glass,True,512,384,RGB,721b398a34c5e13720e4ef04e6768e8298d738f1eec7ed94497c59a844079a87,21071,3,True,False,0,True,True
household,/content/waste_datasets/household/garbage_classification/green-glass/green-glass141.jpg,green-glass,glass,True,512,384,RGB,726b624ca2206fa9a82d656e9b35ab893d4543850fd45df8722520f0ac37a2ed,15901,3,True,False,0,True,True
household,/content/waste_datasets/household/garbage_classification/paper/paper905.jpg,paper,paper,True,512,384,RGB,726f1d0caa101406528a6cc20b38d2e8644de15376801e73d6463c6db446cddb,9349,3,True,False,0,True,True
household,/content/waste_datasets/household/garbage_classification/cardboard/cardboard9.jpg,cardboard,cardboard,True,512,384,RGB,7273c1134c973d5bf88c0a1b1e5b38098ad224883c866e48d9d45a1f8fd32f58,15248,3,True,False,0,True,True
household,/content/waste_datasets/household/garbage_classification/brown-glass/brown-glass160.jpg,brown-glass,glass,True,512,384,RGB,7287c17e4d8307821352305955132d29484797c3b61363ed2c8b961e8907b4d9,14163,2,True,False,0,True,True
household,/content/waste_datasets/household/garbage_classification/brown-glass/brown-glass187.jpg,brown-glass,glass,True,512,384,RGB,72a6f345f436debbd0205b98aae1410f970e76f478625e706ee22645aec3c845,15618,3,True,False,0,True,True
household,/content/waste_datasets/household/garbage_classification/plastic/plastic312.jpg,plastic,plastic,True,512,384,RGB,72abdcf185dc7df2d4679d0449f54656b550e7e80088ec8bbe94598f51638fd9,7045,3,True,False,0,True,True
household,/content/waste_datasets/household/garbage_classification/cardboard/cardboard164.jpg,cardboard,cardboard,True,512,384,RGB,72af894b22fdee442ea31c705eaf6b4f1e65d0f692c5c65379d1cfd2fe4db21e,21862,3,True,False,0,True,True
household,/content/waste_datasets/household/garbage_classification/paper/paper1030.jpg,paper,paper,True,512,384,RGB,72d0fbc7794576c241cecfdacbabdac24a61ece7c9d9dd6734158cc6040a0185,25209,3,True,False,0,True,True
household,/content/waste_datasets/household/garbage_classification/paper/paper910.jpg,paper,paper,True,512,384,RGB,72e04d21284b07735eb8bb520a5d5b1aee0293fa0a7adacfb215319a8b11cbc5,25262,3,True,False,0,True,True
household,/content/waste_datasets/household/garbage_classification/cardboard/cardboard65.jpg,cardboard,cardboard,True,512,384,RGB,731d84161364895186464acd03ea91fcf8b1ce794d5c119bd0bcabcaa550fbf6,19051,3,True,False,0,True,True
household,/content/waste_datasets/household/garbage_classification/paper/paper706.jpg,paper,paper,True,512,384,RGB,73363a36ae033a534e62c2150c2ae4285453d880a16f2fac628aa7059589d613,9482,3,True,False,0,True,True
household,/content/waste_datasets/household/garbage_classification/plastic/plastic854.jpg,plastic,plastic,True,512,384,RGB,734c7013e660553d0be8bdd872b13ab814919dec7794011be9139f5fdf124f29,16659,3,True,False,0,True,True
household,/content/waste_datasets/household/garbage_classification/metal/metal159.jpg,metal,metal,True,512,384,RGB,735503b328adb446f9787f872a439af4ca5bf2c33041b3728432d59d01504a6a,15702,3,True,False,0,True,True
household,/content/waste_datasets/household/garbage_classification/metal/metal98.jpg,metal,metal,True,512,384,RGB,738bcafc5ff2767bfcb75d27a289c86856f7de7a56dd54f7f0a5debd16711998,17190,3,True,False,0,True,True
household,/content/waste_datasets/household/garbage_classification/metal/metal300.jpg,metal,metal,True,512,384,RGB,73cba85746400ef60cfbde539c3bf6fce9375a0d6fb9519983e56af2ccd95f10,14229,3,True,False,0,True,True
household,/content/waste_datasets/household/garbage_classification/plastic/plastic229.jpg,plastic,plastic,True,512,384,RGB,73f8991def6deadb06c5f31a9b69dd33dcc9d041ef6fec48aa8a2ee06134b31b,10205,3,True,False,0,True,True
household,/content/waste_datasets/household/garbage_classification/plastic/plastic656.jpg,plastic,plastic,True,512,384,RGB,73ffbaac6d2f854aee7874a1b7bed2c11aaf7441464ec54f22ff01e84c07f2c1,15606,3,True,False,0,True,True
household,/content/waste_datasets/household/garbage_classification/paper/paper22.jpg,paper,paper,True,512,384,RGB,7431fee541682c57e6e708de717d8816560fa625b3cb0b1c0ba0b97651082efd,8877,3,True,False,0,True,True
household,/content/waste_datasets/household/garbage_classification/paper/paper657.jpg,paper,paper,True,512,384,RGB,7486b77585a1d94ca09973a5434e31ab52a98bfb4c73b0a101f19169f18f35f6,39584,3,True,False,0,True,True
household,/content/waste_datasets/household/garbage_classification/metal/metal196.jpg,metal,metal,True,512,384,RGB,748f022de77f98b4f437853c8bfbe63c505115f1632f1c2379abc75485c743ab,13994,3,True,False,0,True,True
household,/content/waste_datasets/household/garbage_classification/plastic/plastic149.jpg,plastic,plastic,True,512,384,RGB,74a0b1c162d1f631f57a2470976f21de0b5ca218a709a40baa9f6f49c18308a5,15810,2,True,False,0,True,True
household,/content/waste_datasets/household/garbage_classification/white-glass/white-glass144.jpg,white-glass,glass,True,512,384,RGB,74ad083be8b07bd0445c7571e36344b5d9f1e67747f94a91fb68ed8024ce5916,17174,3,True,False,0,True,True
household,/content/waste_datasets/household/garbage_classification/cardboard/cardboard27.jpg,cardboard,cardboard,True,512,384,RGB,74ae98f30f3dd02757ac78fd7a4f111f777e612d3ea85a2788c0158dca01c0e8,11528,3,True,False,0,True,True
household,/content/waste_datasets/household/garbage_classification/white-glass/white-glass714.jpg,white-glass,glass,True,512,384,RGB,74b712afee2dbcaadc73eded8042d82e3feea08568c81872c1c2533ad19f4de0,9424,2,True,False,0,True,True
household,/content/waste_datasets/household/garbage_classification/paper/paper921.jpg,paper,paper,True,512,384,RGB,74ca7d71ec4c8b9dc003f5f27b615e2af40e9ff02f9f6e0d11dde9057f8647a8,27364,3,True,False,0,True,True
household,/content/waste_datasets/household/garbage_classification/plastic/plastic236.jpg,plastic,plastic,True,512,384,RGB,74eed91f34db1284b8e69bd6c54dd37c97722f961493d3e7ae45725a8119033d,28327,3,True,False,0,True,True
household,/content/waste_datasets/household/garbage_classification/metal/metal352.jpg,metal,metal,True,512,384,RGB,75410c9177b1ff1998f6a73d394ce9c41e5008e5e4a8a854fdc1a831a71684fe,31656,3,True,False,0,True,True
household,/content/waste_datasets/household/garbage_classification/metal/metal315.jpg,metal,metal,True,512,384,RGB,75541c15a811597a817da2d32117b2f90c36ef7d4a4680b8b5a734daf45e53c8,17378,3,True,False,0,True,True
household,/content/waste_datasets/household/garbage_classification/paper/paper490.jpg,paper,paper,True,512,384,RGB,75773feaa96f67fa6fa6da14b3caef3311dc2786e50c6f69e0fe20e0927dc6de,14140,3,True,False,0,True,True
household,/content/waste_datasets/household/garbage_classification/plastic/plastic382.jpg,plastic,plastic,True,512,384,RGB,75beda52e2fdd625ca9ddf6bc2aaf2fcfce906172f0c3e857dc5b05fdada092e,12187,3,True,False,0,True,True
household,/content/waste_datasets/household/garbage_classification/paper/paper916.jpg,paper,paper,True,512,384,RGB,75bf7bb9a46b9a7555d98127c5bedd0402bedab7d13f5f10f80512f6ee34a618,9312,3,True,False,0,True,True
household,/content/waste_datasets/household/garbage_classification/paper/paper736.jpg,paper,paper,True,512,384,RGB,75c318c61c1485cd0fdc118ad4d7d5acaba5e1fbde5f2424599e91984d1259da,10568,3,True,False,0,True,True
household,/content/waste_datasets/household/garbage_classification/paper/paper898.jpg,paper,paper,True,512,384,RGB,75f0bbfa2b658d55e3feff9cf2c8122dd467b05ebb99491ba833088e5bad5d4d,17038,3,True,False,0,True,True
household,/content/waste_datasets/household/garbage_classification/metal/metal172.jpg,metal,metal,True,512,384,RGB,75f250c05742d0cc0eb981bcce2b78a5597d0fe8a46301331d187c564f283921,11460,3,True,False,0,True,True
household,/content/waste_datasets/household/garbage_classification/plastic/plastic368.jpg,plastic,plastic,True,512,384,RGB,75f4d51c55138ec671dda4488d50c6742730fb5124a7acdb4bbe1655bb54f802,15578,3,True,False,0,True,True
household,/content/waste_datasets/household/garbage_classification/paper/paper999.jpg,paper,paper,True,512,384,RGB,761132411c4fcc4426c0684deb30fc990dfd798434b5be909d00f4212fda2cbb,16927,3,True,False,0,True,True
household,/content/waste_datasets/household/garbage_classification/metal/metal97.jpg,metal,metal,True,512,384,RGB,761e31a55036be18318ce7634ba174e17910e707ca5798debfd518a4fc1ee57b,18657,3,True,False,0,True,True
household,/content/waste_datasets/household/garbage_classification/paper/paper24.jpg,paper,paper,True,512,384,RGB,762411e33898bcebc7d6d682246156588719e5618e03bb70cfd2e70cf91fe2da,32797,3,True,False,0,True,True
household,/content/waste_datasets/household/garbage_classification/metal/metal228.jpg,metal,metal,True,512,384,RGB,7642c2315d9009be45a58f9fbbd78a2e786f9b00d74f09213bbee05bdc2e5fd4,23938,3,True,False,0,True,True
household,/content/waste_datasets/household/garbage_classification/paper/paper32.jpg,paper,paper,True,512,384,RGB,7642d2055d44774f5b59d70985a1ee904a568dd146e0965b7e78f1f97883c2c0,8899,3,True,False,0,True,True
household,/content/waste_datasets/household/garbage_classification/paper/paper861.jpg,paper,paper,True,512,384,RGB,766054e0b1acb3deced926109425a7e60b5c158f0cd81f738d18e2f586f66b73,13877,3,True,False,0,True,True
household,/content/waste_datasets/household/garbage_classification/white-glass/white-glass496.jpg,white-glass,glass,True,512,384,RGB,766244c3fe106d582e31f8ab9a38ed37b7c41248b4bc8963a06185c4a4dffe8e,7656,3,True,False,0,True,True
household,/content/waste_datasets/household/garbage_classification/paper/paper45.jpg,paper,paper,True,512,384,RGB,76aa99b1636d80f6e440043e098f5ea5fa615006e45f468f19bdca96e262b53c,36709,3,True,False,0,True,True
household,/content/waste_datasets/household/garbage_classification/paper/paper742.jpg,paper,paper,True,512,384,RGB,76bda4323041b47efbf3d6586ee373ef7a68e45a0cff7964117988d92fd64797,9022,3,True,False,0,True,True
household,/content/waste_datasets/household/garbage_classification/metal/metal164.jpg,metal,metal,True,512,384,RGB,76bdacd674abfe0819c0a1d1a173bfc99e1642aab0338ee612e021eb06d2fea3,19860,3,True,False,0,True,True
household,/content/waste_datasets/household/garbage_classification/plastic/plastic353.jpg,plastic,plastic,True,512,384,RGB,76fc3fd75a739f4549b06baa1a6ca5785eada05568768d051d5683a1e73c3cfb,14529,3,True,False,0,True,True
household,/content/waste_datasets/household/garbage_classification/metal/metal213.jpg,metal,metal,True,512,384,RGB,770b06b68120e8ec7c5906381f0f70d6fed1b1d7ac457f60e94466b12aaa5823,25766,3,True,False,0,True,True
household,/content/waste_datasets/household/garbage_classification/cardboard/cardboard782.jpg,cardboard,cardboard,True,512,384,RGB,770e0a53378932f757ebdc1422b58f53b243f303a56edda8dec68884e375881e,8496,3,True,False,0,True,True
household,/content/waste_datasets/household/garbage_classification/cardboard/cardboard274.jpg,cardboard,cardboard,True,512,384,RGB,774d6c72b77fafe3e1caac78568ed0a24449cdb72a96a2430ecc8c5c8377884e,16420,3,True,False,0,True,True
household,/content/waste_datasets/household/garbage_classification/plastic/plastic568.jpg,plastic,plastic,True,512,384,RGB,776539e44e0e0a70b9691a97fc5803048d4e6435f2ac37c6f94054c89f65f177,14874,3,True,False,0,True,True
household,/content/waste_datasets/household/garbage_classification/plastic/plastic723.jpg,plastic,plastic,True,512,384,RGB,777d4e22a9174ad4988c425841699edac66165eb0f1027cadb26328f677ed61f,16818,3,True,False,0,True,True
household,/content/waste_datasets/household/garbage_classification/metal/metal436.jpg,metal,metal,True,512,384,RGB,778ff2ea6068a67b89c09444024b5d272ad101f4017cb069eeda5a0ec5b46556,14524,3,True,False,0,True,True
household,/content/waste_datasets/household/garbage_classification/green-glass/green-glass184.jpg,green-glass,glass,True,512,384,RGB,77b7a8178f4e782c80435a4b8680084a33f3a708efcb8663419d023044e56a27,11289,3,True,False,0,True,True
household,/content/waste_datasets/household/garbage_classification/paper/paper669.jpg,paper,paper,True,512,384,RGB,77ecad1966aeac9e5a879c297c801f3dca8ddcf7fe8db85365b2d7c20c7cf034,11944,3,True,False,0,True,True
household,/content/waste_datasets/household/garbage_classification/brown-glass/brown-glass245.jpg,brown-glass,glass,True,512,384,RGB,77fe9275e27df87cf86ca51dc37504a95acef47ea6a9aa0a670587f958b463c2,23200,3,True,False,0,True,True
household,/content/waste_datasets/household/garbage_classification/white-glass/white-glass222.jpg,white-glass,glass,True,512,384,RGB,77ff31bead46e3427ce626246877bbd3a6757019e3db8929d85e18abd4c99782,9796,3,True,False,0,True,True
household,/content/waste_datasets/household/garbage_classification/white-glass/white-glass53.jpg,white-glass,glass,True,512,384,RGB,7803a0544d533cd759adc69e90a5b3d8ad157fe85b17abe85b6d4a30699c5f69,8289,2,True,False,0,True,True
household,/content/waste_datasets/household/garbage_classification/cardboard/cardboard281.jpg,cardboard,cardboard,True,512,384,RGB,780465492648dcbdec9e5fd35752fb9541501ae94bb9d10027d37552d4d90407,21683,3,True,False,0,True,True
household,/content/waste_datasets/household/garbage_classification/paper/paper825.jpg,paper,paper,True,512,384,RGB,780778c2a59f32b3aa494988b04b726380a46461686e1e583f20691849ef3c9c,26370,3,True,False,0,True,True
household,/content/waste_datasets/household/garbage_classification/white-glass/white-glass335.jpg,white-glass,glass,True,512,384,RGB,7816a545b6bfa2d84a09ca273b21849998b88eb26ed7d855987fb00f619365b0,13918,3,True,False,0,True,True
household,/content/waste_datasets/household/garbage_classification/paper/paper553.jpg,paper,paper,True,512,384,RGB,784ca4c5c80d8601109aba6929e84ea7bc0a8a84d210702ca73e0a9144db634d,16481,3,True,False,0,True,True
household,/content/waste_datasets/household/garbage_classification/plastic/plastic48.jpg,plastic,plastic,True,512,384,RGB,786b48370cb3db55afd5a8b31ccda8f4593869106f1475e990444d426fc6e10c,8189,3,True,False,0,True,True
household,/content/waste_datasets/household/garbage_classification/paper/paper760.jpg,paper,paper,True,512,384,RGB,78992143e1a96f32070e8cce67d11216b57cdbfe9fcb9bef2599428726607fc0,36792,3,True,False,0,True,True
household,/content/waste_datasets/household/garbage_classification/white-glass/white-glass194.jpg,white-glass,glass,True,512,384,RGB,78a43c5d8fc5c7fda039b052885c29c2d2488467e86327ad14a06a8c24f34fab,13044,3,True,False,0,True,True
household,/content/waste_datasets/household/garbage_classification/plastic/plastic178.jpg,plastic,plastic,True,512,384,RGB,78c3fc7dc09f3f083ffe752df9e02bd4a0fb6540dd56bf02d4c3718df6ed4165,21146,3,True,False,0,True,True
household,/content/waste_datasets/household/garbage_classification/paper/paper895.jpg,paper,paper,True,512,384,RGB,794241228f86af7bda80b97900b7d99dafc89ddb0f32cd523684936f66db81f5,27630,3,True,False,0,True,True
household,/content/waste_datasets/household/garbage_classification/cardboard/cardboard255.jpg,cardboard,cardboard,True,512,384,RGB,7967131a88d275148711ed1bd7f6940ce41e7af6aa57a50f43e91c8e430be3cc,17752,3,True,False,0,True,True
household,/content/waste_datasets/household/garbage_classification/cardboard/cardboard237.jpg,cardboard,cardboard,True,512,384,RGB,796cbb824c2665e4a3c1c4ab1dfbf3e2b3bd9db6b4b95cd6a604c9392fdda609,24535,3,True,False,0,True,True
household,/content/waste_datasets/household/garbage_classification/paper/paper860.jpg,paper,paper,True,512,384,RGB,79896519040b595512846383486889bd27125faa45c43debebb385170ebebc26,18146,3,True,False,0,True,True
household,/content/waste_datasets/household/garbage_classification/cardboard/cardboard170.jpg,cardboard,cardboard,True,512,384,RGB,79b166ce55a07d1694d143cfabc6e07dd817c4541c85b079d80ac0819b29fbfd,13217,3,True,False,0,True,True
household,/content/waste_datasets/household/garbage_classification/plastic/plastic442.jpg,plastic,plastic,True,512,384,RGB,79d94d7d79b70d35391826f17d4f46f49e47bd576edf06e05d14cd847f32c58a,10332,3,True,False,0,True,True
household,/content/waste_datasets/household/garbage_classification/metal/metal153.jpg,metal,metal,True,512,384,RGB,7a1d9f2b32b18b73e591427b5ec4669e21ac23f01db9f71eaf65cc4b4655fcd7,9778,3,True,False,0,True,True
household,/content/waste_datasets/household/garbage_classification/paper/paper1023.jpg,paper,paper,True,512,384,RGB,7a4bc026bd4687a14b8bfc863e0a95bcb411acdafcbf5224302b6b71bc1fefae,33633,3,True,False,0,True,True
household,/content/waste_datasets/household/garbage_classification/plastic/plastic281.jpg,plastic,plastic,True,512,384,RGB,7a5d6bfb40b0be7e090cea22e45dd8a66be3e2e47d92e1ff2b68e819a9338e68,10018,3,True,False,0,True,True
household,/content/waste_datasets/household/garbage_classification/plastic/plastic180.jpg,plastic,plastic,True,512,384,RGB,7a6dfb86c6b5d8c45e298989408e85cc3c4c3c872fecdd086ea87a41629d1764,9885,3,True,False,0,True,True
household,/content/waste_datasets/household/garbage_classification/cardboard/cardboard256.jpg,cardboard,cardboard,True,512,384,RGB,7a97a90ad526f5298c13ad8e43f92189838fddf1d525537e8bb4b9bc76d510b6,16766,3,True,False,0,True,True
household,/content/waste_datasets/household/garbage_classification/paper/paper684.jpg,paper,paper,True,512,384,RGB,7ae78b5a06265194f67c6be02e1d7ff0349548aa362c50c8ac96c278f11f5fb3,30495,3,True,False,0,True,True
household,/content/waste_datasets/household/garbage_classification/paper/paper8.jpg,paper,paper,True,512,384,RGB,7aed1fd9b1cf2a04270b3d90e182dabcdb6c96d604000d0e24f5d8c78715f2fc,13728,2,True,False,0,True,True
household,/content/waste_datasets/household/garbage_classification/green-glass/green-glass148.jpg,green-glass,glass,True,512,384,RGB,7b0b2410231626f2ae574750c944ac9770caa8c3492a4ea50fcf7571762686a9,16340,3,True,False,0,True,True
household,/content/waste_datasets/household/garbage_classification/metal/metal313.jpg,metal,metal,True,512,384,RGB,7b16ff62309f115160a8e172c0a088048e1e01c3867c49cd0ea002bed3ad1956,31872,3,True,False,0,True,True
household,/content/waste_datasets/household/garbage_classification/white-glass/white-glass3.jpg,white-glass,glass,True,512,384,RGB,7b3048aa393beb091ccb4c4a431dbfe515eb0a036f8ee1c742c910ae5bc0740b,9282,3,True,False,0,True,True
household,/content/waste_datasets/household/garbage_classification/cardboard/cardboard594.jpg,cardboard,cardboard,True,512,384,RGB,7b5daf5075ffb94cc6f4e408e780ba39c65c62c4741102d793a098d745fe41c4,14682,3,True,False,0,True,True
household,/content/waste_datasets/household/garbage_classification/paper/paper1010.jpg,paper,paper,True,512,384,RGB,7b5f712e8ea0c176a923ce52bea635ae2c61cb2061a3214599414c7b84b28557,8646,3,True,False,0,True,True
household,/content/waste_datasets/household/garbage_classification/metal/metal25.jpg,metal,metal,True,512,384,RGB,7b606f6da90d4d55bb60d32b98bc49a9d4e633327b90bcae6f157965cf751405,18698,3,True,False,0,True,True
household,/content/waste_datasets/household/garbage_classification/metal/metal199.jpg,metal,metal,True,512,384,RGB,7b62e4dddd44aa7a9838c09d5e3590af565da114c8ad3f9b6c0869fbc9bfacf5,12764,3,True,False,0,True,True
household,/content/waste_datasets/household/garbage_classification/cardboard/cardboard4.jpg,cardboard,cardboard,True,512,384,RGB,7b87232d430de1f8e8b17559075f03b73ee2eb550d6c61544281d57657740034,19816,3,True,False,0,True,True
household,/content/waste_datasets/household/garbage_classification/metal/metal219.jpg,metal,metal,True,512,384,RGB,7ba65e32f1182cc7dd453846174af33890867c9885e4d63fa10d00effd983209,15426,3,True,False,0,True,True
household,/content/waste_datasets/household/garbage_classification/plastic/plastic679.jpg,plastic,plastic,True,512,384,RGB,7be5d6ed8c3910e9d59de6f6ef91d18c4f1c2a731409e368ff639debc32ac857,17366,3,True,False,0,True,True
household,/content/waste_datasets/household/garbage_classification/plastic/plastic276.jpg,plastic,plastic,True,512,384,RGB,7c52ee325e51d0ba1753f86433a256f86cd6efed044ef6777a1bde1ef40cf13b,16337,3,True,False,0,True,True
household,/content/waste_datasets/household/garbage_classification/green-glass/green-glass191.jpg,green-glass,glass,True,512,384,RGB,7c5d74fc1d111def2783fa121c6246d01be3beeb571c26cca4410fb2e4012bf4,15427,3,True,False,0,True,True
household,/content/waste_datasets/household/garbage_classification/cardboard/cardboard34.jpg,cardboard,cardboard,True,512,384,RGB,7c74d1ef9a2e93b9cda080c26d33235e3a94864e3fb5bc00e098ab5afe87ca4a,12108,3,True,False,0,True,True
household,/content/waste_datasets/household/garbage_classification/metal/metal100.jpg,metal,metal,True,512,384,RGB,7ca0341822ae42c3cbe89d17a4336c3bfa2f50bce8fa6cb559dd0b767098d4db,16144,3,True,False,0,True,True
household,/content/waste_datasets/household/garbage_classification/metal/metal389.jpg,metal,metal,True,512,384,RGB,7ccd1514dcac218ee885080e5e7aa11eedecc4eb3f36cb0173b0765b92902977,21469,3,True,False,0,True,True
household,/content/waste_datasets/household/garbage_classification/paper/paper831.jpg,paper,paper,True,512,384,RGB,7ce10404d28098b8eab607fbf26f05d71a602ed9691f67a112ab07e86f111b8c,12063,3,True,False,0,True,True
household,/content/waste_datasets/household/garbage_classification/paper/paper581.jpg,paper,paper,True,512,384,RGB,7d19f0d696ecbfb6e53877c9d0fe4e84405fb22a05bdf72bbf2db286533d4282,21471,3,True,False,0,True,True
household,/content/waste_datasets/household/garbage_classification/paper/paper1015.jpg,paper,paper,True,512,384,RGB,7d248992b164c7d3536b3c8b1d0062157e92b2851ccb876ed2da497b745c78fc,9546,3,True,False,0,True,True
household,/content/waste_datasets/household/garbage_classification/plastic/plastic333.jpg,plastic,plastic,True,512,384,RGB,7d382483030ffd24d7cf9aa827d196604b4309f72d375ceb6eb0672c9869580a,30258,2,True,False,0,True,True
household,/content/waste_datasets/household/garbage_classification/brown-glass/brown-glass288.jpg,brown-glass,glass,True,512,384,RGB,7d3842706c35ca750a320481e9f293b1ebc664e07038050ca56d3e38c84105cb,8121,3,True,False,0,True,True
household,/content/waste_datasets/household/garbage_classification/cardboard/cardboard121.jpg,cardboard,cardboard,True,512,384,RGB,7d3ccb8eb0125ed7afa1f558d227b1c7849cd075dc9dbf10752c7021bdaf9dc7,21123,3,True,False,0,True,True
household,/content/waste_datasets/household/garbage_classification/green-glass/green-glass193.jpg,green-glass,glass,True,512,384,RGB,7d3d2d3c8c53a451bb5916a58a4942c0a008075e0d13ee9da54e362aa8b78598,11232,3,True,False,0,True,True
household,/content/waste_datasets/household/garbage_classification/brown-glass/brown-glass302.jpg,brown-glass,glass,True,512,384,RGB,7d4ffe90d81fae7e7c22969e4cacc16bab4ad752eac84d48d36ae0d79b0db2f6,9873,3,True,False,0,True,True
household,/content/waste_datasets/household/garbage_classification/cardboard/cardboard378.jpg,cardboard,cardboard,True,512,384,RGB,7d70edc60cfb2c34a6c9d636200d39f61b0c5d7ed4a69b30b1f99cc4dfda1984,17856,3,True,False,0,True,True
household,/content/waste_datasets/household/garbage_classification/cardboard/cardboard142.jpg,cardboard,cardboard,True,512,384,RGB,7dac1be538d66c303f6c767c4ceec8a065e6404aa606b6df3fc7b554e4fb5f5b,18896,3,True,False,0,True,True
household,/content/waste_datasets/household/garbage_classification/plastic/plastic166.jpg,plastic,plastic,True,512,384,RGB,7dc8ec4eef571b4482371569df63a0f8f7ed8f22e38b99eb4a2043ab55d93615,7858,3,True,False,0,True,True
household,/content/waste_datasets/household/garbage_classification/paper/paper769.jpg,paper,paper,True,512,384,RGB,7deca712ee1eb68294f1558bec2bc1d34c96d079686d8bb35783e88e2cd3d583,12905,3,True,False,0,True,True
household,/content/waste_datasets/household/garbage_classification/brown-glass/brown-glass252.jpg,brown-glass,glass,True,512,384,RGB,7dedc80de04250cc8fc8668b818bc6cc2933a749006f2a40dd3d28ec5c442c84,15074,2,True,False,0,True,True
household,/content/waste_datasets/household/garbage_classification/plastic/plastic19.jpg,plastic,plastic,True,512,384,RGB,7dffa9f9fd24ed3cbb6a5b3df597867bc92c15021a88d892abe845e291129d88,26192,3,True,False,0,True,True
household,/content/waste_datasets/household/garbage_classification/cardboard/cardboard885.jpg,cardboard,cardboard,True,512,384,RGB,7e3f9b753d038ef4fb3cbc0fa67d2cf4bf16058e83fc3251e1c5a51ca6b08a86,17224,3,True,False,0,True,True
household,/content/waste_datasets/household/garbage_classification/plastic/plastic392.jpg,plastic,plastic,True,512,384,RGB,7e619fbd55c4a04a748d52ab82f2464967e0cc2b424f4e36d5f54c6e9bcd5be7,10283,3,True,False,0,True,True
household,/content/waste_datasets/household/garbage_classification/plastic/plastic116.jpg,plastic,plastic,True,512,384,RGB,7e6eefeb3e84ec480aa1a40b923e48105fc5208e04423e47652b4a41b584dcf5,18094,3,True,False,0,True,True
household,/content/waste_datasets/household/garbage_classification/plastic/plastic779.jpg,plastic,plastic,True,512,384,RGB,7e8d8ca65e56e0eb598928c026907bd54109ac5533a6b8ce3771664c4212ea28,12632,3,True,False,0,True,True
household,/content/waste_datasets/household/garbage_classification/white-glass/white-glass170.jpg,white-glass,glass,True,512,384,RGB,7eb308d3a1169c1cdfbb10c9a9facda01204aba733795f1051225c4932866b1f,10377,3,True,False,0,True,True
household,/content/waste_datasets/household/garbage_classification/paper/paper932.jpg,paper,paper,True,512,384,RGB,7ec43fc936a809ca74cb55daabd0097236017cb4f205de16befb96dda33e779c,34590,3,True,False,0,True,True
household,/content/waste_datasets/household/garbage_classification/cardboard/cardboard96.jpg,cardboard,cardboard,True,512,384,RGB,7ec50537bb0c191c59eb2187ac99ea2f143bf915a61755249487e268ff0daeae,15085,3,True,False,0,True,True
household,/content/waste_datasets/household/garbage_classification/metal/metal115.jpg,metal,metal,True,512,384,RGB,7eced799ed72a68fc87e04274a1ea016fe888eac6d944f601d9c4cc7623eba9e,14182,3,True,False,0,True,True
household,/content/waste_datasets/household/garbage_classification/cardboard/cardboard176.jpg,cardboard,cardboard,True,512,384,RGB,7ee288c8ffaf785aa8ca468ed3688ffd0524b26bcf3409692ac74e6fa92e1cdd,12261,3,True,False,0,True,True
household,/content/waste_datasets/household/garbage_classification/plastic/plastic457.jpg,plastic,plastic,True,512,384,RGB,7ef599e5edf2b0c5ba84992507aa5a90250faf7c1fa9cbc93c0c42601a0e0c24,31970,3,True,False,0,True,True
household,/content/waste_datasets/household/garbage_classification/white-glass/white-glass40.jpg,white-glass,glass,True,512,384,RGB,7f02f6f62d55711120fa46d8dd5493f10057ccba85dec378df1dabbd5986ce88,8612,2,True,False,0,True,True
household,/content/waste_datasets/household/garbage_classification/paper/paper546.jpg,paper,paper,True,512,384,RGB,7f157f485edbf1be1a757ba1f22cfb5cfa0b4613efd2bdc9576578161379c10c,19515,2,True,False,0,True,True
household,/content/waste_datasets/household/garbage_classification/metal/metal433.jpg,metal,metal,True,512,384,RGB,7f174868aec04cf615763c51c00d3cb4004c67da204d40238656b79d4cd8ad4e,25326,3,True,False,0,True,True
household,/content/waste_datasets/household/garbage_classification/paper/paper617.jpg,paper,paper,True,512,384,RGB,7f345d8a55b4621fbbc8b3ccb541e98de637d28454282dfb512d1dea0fde3f17,26365,3,True,False,0,True,True
household,/content/waste_datasets/household/garbage_classification/plastic/plastic114.jpg,plastic,plastic,True,512,384,RGB,7f4eb255c95899e33a37895fff70b99314c037995de0a6c2a4d53c4e14226889,6342,3,True,False,0,True,True
household,/content/waste_datasets/household/garbage_classification/plastic/plastic121.jpg,plastic,plastic,True,512,384,RGB,7f728b9e10baef5d4ff0661f2c51939ec71f8b03a792ecc092720dbc30e4d4c8,12718,3,True,False,0,True,True
household,/content/waste_datasets/household/garbage_classification/paper/paper687.jpg,paper,paper,True,512,384,RGB,7f90584427c4c9a2fe2fd7ef285d99c2836de4a04736a77de05b8d51c3c63aed,41194,3,True,False,0,True,True
household,/content/waste_datasets/household/garbage_classification/metal/metal151.jpg,metal,metal,True,512,384,RGB,7fc46680580b2c3d7750b9ea1b0504b70db5ad4e6acb0e874eade1032356f513,13162,3,True,False,0,True,True
household,/content/waste_datasets/household/garbage_classification/cardboard/cardboard247.jpg,cardboard,cardboard,True,512,384,RGB,7fc8374271509d01e96b9bf0408b5c96f767be1b74fa64861dd0b993fdac60d0,8827,3,True,False,0,True,True
household,/content/waste_datasets/household/garbage_classification/paper/paper817.jpg,paper,paper,True,512,384,RGB,7fdb4554d77ec39d4585018167349eb455e9a5358b4000afd7b3817b356b7071,14492,3,True,False,0,True,True
household,/content/waste_datasets/household/garbage_classification/cardboard/cardboard106.jpg,cardboard,cardboard,True,512,384,RGB,7ff7a2d63bd81ccb00072311bdae1811e05be2407165ab3dd57d81d41a28ccd4,17712,3,True,False,0,True,True
household,/content/waste_datasets/household/garbage_classification/paper/paper697.jpg,paper,paper,True,512,384,RGB,805325e683b5b94a070bad3d6d1ce98c8038993a557b39f3ae0f10ecbaf0bdf1,12147,3,True,False,0,True,True
household,/content/waste_datasets/household/garbage_classification/metal/metal60.jpg,metal,metal,True,512,384,RGB,8068751cd8ae7208f9f7af575fa1406cf8aeb5af232882baf091dd99544c2b5b,21888,3,True,False,0,True,True
household,/content/waste_datasets/household/garbage_classification/white-glass/white-glass126.jpg,white-glass,glass,True,512,384,RGB,807191c231fdef759b4d6496ba9d58e78bde4837d9571eda95f8a5a9649ae4b3,11942,2,True,False,0,True,True
household,/content/waste_datasets/household/garbage_classification/plastic/plastic240.jpg,plastic,plastic,True,512,384,RGB,808a490dc41a1f9d3ddde4e354c894d76e346402f6da7809fb4ba02622ffe823,12951,3,True,False,0,True,True
household,/content/waste_datasets/household/garbage_classification/white-glass/white-glass226.jpg,white-glass,glass,True,512,384,RGB,80a27f65e5096aeea37947e628cc72b52e778c491041348448eb32ee1398f16e,11303,2,True,False,0,True,True
household,/content/waste_datasets/household/garbage_classification/metal/metal99.jpg,metal,metal,True,512,384,RGB,80a4427fa8828b37c2bcb969e941956a50ebd2f7578975dd2842b68d11f8741e,12307,3,True,False,0,True,True
household,/content/waste_datasets/household/garbage_classification/plastic/plastic770.jpg,plastic,plastic,True,512,384,RGB,80c1dadce4be8f73ce9cc0f2cc8deded5d9c7781304e1d61fa2db9b50f7ce985,9262,3,True,False,0,True,True
household,/content/waste_datasets/household/garbage_classification/cardboard/cardboard181.jpg,cardboard,cardboard,True,512,384,RGB,80d7fbff6aef0cc81e65044a3dbcec2adeadca5c29f7500092b0b40f986483bc,13571,3,True,False,0,True,True
household,/content/waste_datasets/household/garbage_classification/paper/paper499.jpg,paper,paper,True,512,384,RGB,80e88596040e1d7a8e65f71d7a0f76ea7b682a617344ca4cb6c13b3cc3094000,17203,3,True,False,0,True,True
household,/content/waste_datasets/household/garbage_classification/paper/paper695.jpg,paper,paper,True,512,384,RGB,8105f3558247510a47d62661718f3fb447299f8bbe8a52eafeb79dbfe05d0526,17469,3,True,False,0,True,True
household,/content/waste_datasets/household/garbage_classification/metal/metal451.jpg,metal,metal,True,512,384,RGB,8166cb0d443207d381591d3fdc0777a84c282f0e3eb4e1489dff71e11bd1aa4a,10863,3,True,False,0,True,True
household,/content/waste_datasets/household/garbage_classification/cardboard/cardboard186.jpg,cardboard,cardboard,True,512,384,RGB,8170427a6cfad81f832c9492b919dbc4400c808fbd5d077a00ff40dffedf2d87,19113,3,True,False,0,True,True
household,/content/waste_datasets/household/garbage_classification/plastic/plastic370.jpg,plastic,plastic,True,512,384,RGB,817235dd5f4c5ee053684622951ea0f221763095e458f28a5b2727801389a278,8292,3,True,False,0,True,True
household,/content/waste_datasets/household/garbage_classification/plastic/plastic103.jpg,plastic,plastic,True,512,384,RGB,819a168f2adf861ecff0176d9474882af0f4018f1e20541fe652665427eb3cc3,11149,3,True,False,0,True,True
household,/content/waste_datasets/household/garbage_classification/brown-glass/brown-glass192.jpg,brown-glass,glass,True,512,384,RGB,8297b1bd46078f64c22573940ea691d40ba17e8dda439cdc08ca16aff3b320e4,9989,2,True,False,0,True,True
household,/content/waste_datasets/household/garbage_classification/white-glass/white-glass164.jpg,white-glass,glass,True,512,384,RGB,829960914573eb28a9f972c16f8178830fbfbbd2eb11e5411d89daaae1003330,16379,2,True,False,0,True,True
household,/content/waste_datasets/household/garbage_classification/cardboard/cardboard73.jpg,cardboard,cardboard,True,512,384,RGB,82a332a37e0b03c24482b8478781ed1467ee7843bf807cab5165242d823d98f8,19525,3,True,False,0,True,True
household,/content/waste_datasets/household/garbage_classification/plastic/plastic187.jpg,plastic,plastic,True,512,384,RGB,82c007f3b58bb183d0cf048b00308c7e9dc0a0be49213ee7db178e541223beea,22944,3,True,False,0,True,True
household,/content/waste_datasets/household/garbage_classification/white-glass/white-glass379.jpg,white-glass,glass,True,512,384,RGB,82caaea4ff69677e27ee0147b95ed7b220f465a1ad543dfd2e7ed88e41c3354f,20290,3,True,False,0,True,True
household,/content/waste_datasets/household/garbage_classification/metal/metal339.jpg,metal,metal,True,512,384,RGB,82fe752309b526ff9836471a58693a35087317d19a23d401bc56931857e9f5f7,16370,3,True,False,0,True,True
household,/content/waste_datasets/household/garbage_classification/paper/paper838.jpg,paper,paper,True,512,384,RGB,8303e24006a890886c240fdebafd2367bb155876400f431869ce3ed485978c92,16960,3,True,False,0,True,True
household,/content/waste_datasets/household/garbage_classification/metal/metal244.jpg,metal,metal,True,512,384,RGB,8304dca3c312d10eca697d60bcbbac74858971d966019a7807c6ff22d95c1256,11691,3,True,False,0,True,True
household,/content/waste_datasets/household/garbage_classification/paper/paper880.jpg,paper,paper,True,512,384,RGB,83240e4486abf863306a7f9d9c8636d4c0f2d9d0a0cd006ac7b98c9f500609d5,19234,3,True,False,0,True,True
household,/content/waste_datasets/household/garbage_classification/cardboard/cardboard234.jpg,cardboard,cardboard,True,512,384,RGB,836403b50cf91c009d42c3e64ef132a4799c2808a43ce155549e4dc57cdfe446,14457,3,True,False,0,True,True
household,/content/waste_datasets/household/garbage_classification/cardboard/cardboard17.jpg,cardboard,cardboard,True,512,384,RGB,836a0b77bcf24950f06b5c69dfe84079f208f12dfcd2aa9b1970b81f3f78e4e2,23340,3,True,False,0,True,True
household,/content/waste_datasets/household/garbage_classification/paper/paper961.jpg,paper,paper,True,512,384,RGB,8389eea3660c3bfcf6dac97bb4a4c0f39d2d1157a6c3d2769cf6f3bf3dd0e8f9,34186,3,True,False,0,True,True
household,/content/waste_datasets/household/garbage_classification/white-glass/white-glass84.jpg,white-glass,glass,True,512,384,RGB,83cdedb5bd0cdafa92fc5dc81430bdc3a00b508d32008abde5d408dc024c4a62,10536,3,True,False,0,True,True
household,/content/waste_datasets/household/garbage_classification/metal/metal408.jpg,metal,metal,True,512,384,RGB,83e366a9abd3d4a450916672b6043699cfcb8c20ea31d0b28cf928e69589cac6,28692,2,True,False,0,True,True
household,/content/waste_datasets/household/garbage_classification/paper/paper720.jpg,paper,paper,True,512,384,RGB,84394af3da0036e7514be37e2b90f78860e1835bfd4beef8ea2f797dabc7dec7,21742,3,True,False,0,True,True
household,/content/waste_datasets/household/garbage_classification/paper/paper542.jpg,paper,paper,True,512,384,RGB,846cd3a2d5456ebcd00a66353cdd8f4bac1055eb0910a87a9e7b9493aa780492,11908,3,True,False,0,True,True
household,/content/waste_datasets/household/garbage_classification/white-glass/white-glass15.jpg,white-glass,glass,True,512,384,RGB,8474654cccd1963de561e8269fec2ea7904ea46fccc274cb91a7cec993897cfa,8642,3,True,False,0,True,True
household,/content/waste_datasets/household/garbage_classification/paper/paper558.jpg,paper,paper,True,512,384,RGB,8474feb827c0e0e31c261bcb535898b1b22546039ecb54daeabe6cdbef723f8b,18098,3,True,False,0,True,True
household,/content/waste_datasets/household/garbage_classification/metal/metal217.jpg,metal,metal,True,512,384,RGB,848b01fb761ed29fd1bad130b3b526fea747c5338c953900fa117eec154de1f0,19791,3,True,False,0,True,True
household,/content/waste_datasets/household/garbage_classification/metal/metal103.jpg,metal,metal,True,512,384,RGB,849031109bca9ca152522d22922047701690fe65679a0d648f55f71a0813da0d,27002,3,True,False,0,True,True
household,/content/waste_datasets/household/garbage_classification/metal/metal21.jpg,metal,metal,True,512,384,RGB,84ce722eda5b8d808390eae7dd1806ecac46b741e723d5be605a795aeb29874a,15088,3,True,False,0,True,True
household,/content/waste_datasets/household/garbage_classification/paper/paper750.jpg,paper,paper,True,512,384,RGB,84cf838bb39699b0ddf461657b8e0bc469d2a82ca923882a22edaf9ffe058b3c,9961,3,True,False,0,True,True
household,/content/waste_datasets/household/garbage_classification/metal/metal454.jpg,metal,metal,True,512,384,RGB,84f300c14209af81e9f613fc977561c55ab90c661f689fb1e782e752b080685f,21926,3,True,False,0,True,True
household,/content/waste_datasets/household/garbage_classification/paper/paper1001.jpg,paper,paper,True,512,384,RGB,84f3c2cda395f5ceb202f4289bc1aad7354db5351d3a136d1afcb50aa4f403a7,10023,3,True,False,0,True,True
household,/content/waste_datasets/household/garbage_classification/brown-glass/brown-glass166.jpg,brown-glass,glass,True,512,384,RGB,850961fc34788d29d82bb1b76396672915b8e5c5e5a1ca33b562c8b9d45bd812,8450,3,True,False,0,True,True
household,/content/waste_datasets/household/garbage_classification/paper/paper871.jpg,paper,paper,True,512,384,RGB,854126a082919ebe0f9f127d58cf32ff0161c02fb836a33ce620aea08146f712,21548,3,True,False,0,True,True
household,/content/waste_datasets/household/garbage_classification/brown-glass/brown-glass255.jpg,brown-glass,glass,True,512,384,RGB,8556eba3b30b29ec996ae28a8deddfaa0574546af8df61a71186b029773a8e07,12518,2,True,False,0,True,True
household,/content/waste_datasets/household/garbage_classification/plastic/plastic390.jpg,plastic,plastic,True,512,384,RGB,856aa849534ac1859b5a85bf76b7ca02a18e608d2258841cf2215dabff8c4629,8254,3,True,False,0,True,True
household,/content/waste_datasets/household/garbage_classification/green-glass/green-glass187.jpg,green-glass,glass,True,512,384,RGB,8579ea7ace2cc76282d2fe640687c44f90bafcde2281d3830a33d891b95edca3,12555,2,True,False,0,True,True
household,/content/waste_datasets/household/garbage_classification/brown-glass/brown-glass244.jpg,brown-glass,glass,True,512,384,RGB,8596099c171405979a7b9f7ac2320b4aa9280e87b79f9474efc33697ed699e6b,12141,3,True,False,0,True,True
household,/content/waste_datasets/household/garbage_classification/paper/paper466.jpg,paper,paper,True,512,384,RGB,85aaff6366c591fd1293f0b1a6a78bdbe010c2f78418bb3269fde864a968153a,10835,3,True,False,0,True,True
household,/content/waste_datasets/household/garbage_classification/brown-glass/brown-glass220.jpg,brown-glass,glass,True,512,384,RGB,85ac6ccd301a01da12c0b2238d3a1a565604bf1a7ea839b2cd084d98bd7ef6a7,10459,3,True,False,0,True,True
household,/content/waste_datasets/household/garbage_classification/paper/paper487.jpg,paper,paper,True,512,384,RGB,85afe3c81506544f2e5961185dcdbd6adae491710db4eca3ab9280669a2cb0a8,14097,3,True,False,0,True,True
household,/content/waste_datasets/household/garbage_classification/metal/metal19.jpg,metal,metal,True,512,384,RGB,85b595fd5f02d95b201370a1ae5e105ff7626c5462cb781e1c876cd04b0ae671,13841,3,True,False,0,True,True
household,/content/waste_datasets/household/garbage_classification/cardboard/cardboard265.jpg,cardboard,cardboard,True,512,384,RGB,85ca420c5c55e66da50252c1bd17de82408fb0909ef3eeb49573dd57f34c53ac,10523,3,True,False,0,True,True
household,/content/waste_datasets/household/garbage_classification/paper/paper524.jpg,paper,paper,True,512,384,RGB,85d26779ad4fbb4d8b146f7ac09e177d36b105f1a4271013ad59d97e1c1ead72,6962,3,True,False,0,True,True
household,/content/waste_datasets/household/garbage_classification/white-glass/white-glass173.jpg,white-glass,glass,True,512,384,RGB,85dda5914f2aa445fd3d3cfaa09a986630362dbd7dae80ea7b79a839d07d5a28,13752,2,True,False,0,True,True
household,/content/waste_datasets/household/garbage_classification/plastic/plastic47.jpg,plastic,plastic,True,512,384,RGB,85f8f176fd9b9abd4fc5291679deaecb6e09d45192b4a9832f8188c28a2f635b,10042,3,True,False,0,True,True
household,/content/waste_datasets/household/garbage_classification/plastic/plastic81.jpg,plastic,plastic,True,512,384,RGB,861ba3d17ff24a8bd51210f991d34b019b73cbaeb0fa059655c4ef1da2c7c6d8,12081,3,True,False,0,True,True
household,/content/waste_datasets/household/garbage_classification/plastic/plastic189.jpg,plastic,plastic,True,512,384,RGB,862a45ce202043c3f295f63bba732b6ca4515fe0601010ad73d971333c9dc69e,7171,3,True,False,0,True,True
household,/content/waste_datasets/household/garbage_classification/white-glass/white-glass127.jpg,white-glass,glass,True,512,384,RGB,862a9c730b456b44b4b78d0f36b7433c05fef70911756a62a32cf5918484b013,17597,2,True,False,0,True,True
household,/content/waste_datasets/household/garbage_classification/plastic/plastic242.jpg,plastic,plastic,True,512,384,RGB,86404f9ce0592b4dbc0c53ea0354c85114bf9e0fc640719b31400273ed929db8,11110,3,True,False,0,True,True
household,/content/waste_datasets/household/garbage_classification/paper/paper1013.jpg,paper,paper,True,512,384,RGB,864d3e080dbbfd68bae03035dbf482a1cb2879f9236982a2b0103bb4f122a33b,17038,3,True,False,0,True,True
household,/content/waste_datasets/household/garbage_classification/plastic/plastic150.jpg,plastic,plastic,True,512,384,RGB,8674e04ee46792c5cc1c5148b070495a749f189d0495f18d9f8b29df428decdc,16753,3,True,False,0,True,True
household,/content/waste_datasets/household/garbage_classification/paper/paper7.jpg,paper,paper,True,512,384,RGB,868bba7189276887f4f84a656cdfcd0f0934cb0a0308e8eba7806f37e7317e66,14228,3,True,False,0,True,True
household,/content/waste_datasets/household/garbage_classification/cardboard/cardboard209.jpg,cardboard,cardboard,True,512,384,RGB,868c4afe5202cd867753d6ff2422894c43d74d64b907db1d57fe33fd93f7307d,24385,3,True,False,0,True,True
household,/content/waste_datasets/household/garbage_classification/metal/metal65.jpg,metal,metal,True,512,384,RGB,86a37aa48d59b282eacbc926500172c55c7836b4ad45517423c23cc99f7058c4,30472,3,True,False,0,True,True
household,/content/waste_datasets/household/garbage_classification/plastic/plastic668.jpg,plastic,plastic,True,512,384,RGB,86c49ad6ad1213ca8e78308201430378e8fb87b3ffe624993773e6828bf7e30a,6218,3,True,False,0,True,True
household,/content/waste_datasets/household/garbage_classification/paper/paper533.jpg,paper,paper,True,512,384,RGB,86f7de44fce23c740e02b4d8c8028e682acaf1e4496d99eab51bac58ddbce809,28834,3,True,False,0,True,True
household,/content/waste_datasets/household/garbage_classification/brown-glass/brown-glass198.jpg,brown-glass,glass,True,512,384,RGB,86fdb5a3f497b81041c5eda5ff5c1eeed5065f27ba40687a4390f40c56562c1b,13014,2,True,False,0,True,True
household,/content/waste_datasets/household/garbage_classification/cardboard/cardboard420.jpg,cardboard,cardboard,True,512,384,RGB,86fffdf4a0ef8b31d297adaaf32ab1e681a5104365b857411aacf8e053050b88,24876,3,True,False,0,True,True
household,/content/waste_datasets/household/garbage_classification/metal/metal215.jpg,metal,metal,True,512,384,RGB,871b620dcae2c9bb012162c756a53e00d7c288a9b5014c67f7f7bf0f8da82bd2,19198,3,True,False,0,True,True
household,/content/waste_datasets/household/garbage_classification/paper/paper1008.jpg,paper,paper,True,512,384,RGB,873e89cca019d57e876d5c3167ee27469bf12bc234bc8e438410e06d48613991,9352,3,True,False,0,True,True
household,/content/waste_datasets/household/garbage_classification/cardboard/cardboard886.jpg,cardboard,cardboard,True,512,384,RGB,8746597e062e9897fd53526a66c5ac35c2aefca4ca2c5e6cf3f928b87362e55d,16816,3,True,False,0,True,True
household,/content/waste_datasets/household/garbage_classification/plastic/plastic426.jpg,plastic,plastic,True,512,384,RGB,87635df246f224b72acac9ec299736d164f175a0e9bbe569a0991ddf7a638e6c,18243,3,True,False,0,True,True
household,/content/waste_datasets/household/garbage_classification/brown-glass/brown-glass298.jpg,brown-glass,glass,True,512,384,RGB,877205a8df9d0d5fea3ccde83297097d3760f6653e36dae7e37b4621e9ff92bc,12261,3,True,False,0,True,True
household,/content/waste_datasets/household/garbage_classification/paper/paper824.jpg,paper,paper,True,512,384,RGB,87726b7e105dd96147e3ab39ef80d972effbfeee83b6f5c1b18e01faffd0338e,24680,3,True,False,0,True,True
household,/content/waste_datasets/household/garbage_classification/metal/metal188.jpg,metal,metal,True,512,384,RGB,87a4626c3af3efaafdac46dd7fc4258cd432d32e2de4c620c2d4e39f28999b2b,17554,3,True,False,0,True,True
household,/content/waste_datasets/household/garbage_classification/plastic/plastic299.jpg,plastic,plastic,True,512,384,RGB,87b7c1963f3edaf573ca0b650117b57f082754cf03e96e9b5f32c89bb0d4baf3,22379,3,True,False,0,True,True
household,/content/waste_datasets/household/garbage_classification/metal/metal253.jpg,metal,metal,True,512,384,RGB,87f5acddffe00ac6e78e94849697d31afd80a5aac3c7061615db57eb822825d0,13578,3,True,False,0,True,True
household,/content/waste_datasets/household/garbage_classification/cardboard/cardboard200.jpg,cardboard,cardboard,True,512,384,RGB,881027a86eaf5e514e18af4e0738603b416d60c4099c55d448f618737ff448da,19714,3,True,False,0,True,True
household,/content/waste_datasets/household/garbage_classification/metal/metal59.jpg,metal,metal,True,512,384,RGB,881525ed0d214be04ffa9c3cf08bf6a457ba4a7a1f3c40c39de285c188859a5f,11671,3,True,False,0,True,True
household,/content/waste_datasets/household/garbage_classification/cardboard/cardboard332.jpg,cardboard,cardboard,True,512,384,RGB,883026ba5e84644c7e0041773091765f10dc8689fe68f556e0f174fad1cd41c2,15237,3,True,False,0,True,True
household,/content/waste_datasets/household/garbage_classification/paper/paper470.jpg,paper,paper,True,512,384,RGB,884de574a74b6f1e6ebbee93cb83879d72e656b6a9316a88400f7c6e03d75044,48604,3,True,False,0,True,True
household,/content/waste_datasets/household/garbage_classification/brown-glass/brown-glass247.jpg,brown-glass,glass,True,512,384,RGB,885704e55d2f6b3c3e73341d810f660543cd944112c0a8ed69b9dcab7464597a,13276,2,True,False,0,True,True
household,/content/waste_datasets/household/garbage_classification/green-glass/green-glass223.jpg,green-glass,glass,True,512,384,RGB,88c4a19af26f2b4bfd8781acca88f80062fd3c2f31c69efb2f5ad15a446c9a9c,12586,3,True,False,0,True,True
household,/content/waste_datasets/household/garbage_classification/brown-glass/brown-glass197.jpg,brown-glass,glass,True,512,384,RGB,89004d864142144b6940c47e078186016e3cda35cc057bc1536312b9a36d785e,20148,3,True,False,0,True,True
household,/content/waste_datasets/household/garbage_classification/plastic/plastic161.jpg,plastic,plastic,True,512,384,RGB,892ed231f4d541b31c3f49bc5765a8c93647ddf5a317034742f83d46cb940ad7,17663,3,True,False,0,True,True
household,/content/waste_datasets/household/garbage_classification/paper/paper627.jpg,paper,paper,True,512,384,RGB,8939c24c9c7ac7297166bb8e151108df099893d1a5c479b906665d45a7292f51,11889,3,True,False,0,True,True
household,/content/waste_datasets/household/garbage_classification/brown-glass/brown-glass273.jpg,brown-glass,glass,True,512,384,RGB,8944742907e30a66bbde894569f973104a876f4b46be5772e4a6eb9f03d73122,13625,3,True,False,0,True,True
household,/content/waste_datasets/household/garbage_classification/plastic/plastic97.jpg,plastic,plastic,True,512,384,RGB,894adaed8f5888ccec198d9084553d1b1218e0f05bed3a5e8aa6918f0faece36,17324,3,True,False,0,True,True
household,/content/waste_datasets/household/garbage_classification/plastic/plastic21.jpg,plastic,plastic,True,512,384,RGB,8962cbbe0477599e4565fdd6c37fba57ae9a391c92ff84390bcb38d06e0ef770,9088,2,True,False,0,True,True
household,/content/waste_datasets/household/garbage_classification/plastic/plastic124.jpg,plastic,plastic,True,512,384,RGB,89639ec1d3248a9846e4bc2b943826fdc0e26200bda8196bd0b5d81fbb9cac0d,9826,3,True,False,0,True,True
household,/content/waste_datasets/household/garbage_classification/plastic/plastic395.jpg,plastic,plastic,True,512,384,RGB,89727a52b4a17ae1508d41186ed38d03df84d0cf3b4ba2813cea9507d55e36e5,14628,3,True,False,0,True,True
household,/content/waste_datasets/household/garbage_classification/metal/metal383.jpg,metal,metal,True,512,384,RGB,89973ff7d5c5d42652431b11bf86c73c7dab04fcf49f7742d6f54d65984445be,7606,3,True,False,0,True,True
household,/content/waste_datasets/household/garbage_classification/paper/paper909.jpg,paper,paper,True,512,384,RGB,89c34d6081d6253eec9ff5d4b81d5e406de7b5ddd6ec4563eb55cc986181fa5c,35413,3,True,False,0,True,True
household,/content/waste_datasets/household/garbage_classification/paper/paper43.jpg,paper,paper,True,512,384,RGB,8a20c1abf8ba3aab3d9ee69629057437bbc9e86000e468acf74da37d5310fc2a,29172,3,True,False,0,True,True
household,/content/waste_datasets/household/garbage_classification/plastic/plastic855.jpg,plastic,plastic,True,512,384,RGB,8a6621ccf8739d86b2b724bbd4034d0e0d6cb6bc769b60619c995785200489ec,12344,3,True,False,0,True,True
household,/content/waste_datasets/household/garbage_classification/metal/metal297.jpg,metal,metal,True,512,384,RGB,8a6c01737989c3abcc5380fb964442823bcc7e7d2145146f9f2600cbf332b1de,18518,3,True,False,0,True,True
household,/content/waste_datasets/household/garbage_classification/metal/metal421.jpg,metal,metal,True,512,384,RGB,8a7ac3f8a04ad5b16580dfbeb8b02dc38ca17d02fa280b796840b7ad22cb6e52,41735,3,True,False,0,True,True
household,/content/waste_datasets/household/garbage_classification/cardboard/cardboard848.jpg,cardboard,cardboard,True,512,384,RGB,8aa23475abf49b4b68b3f3b1c9d6baeabe834d4e90b37a63cecbecaf07776c36,21759,3,True,False,0,True,True
household,/content/waste_datasets/household/garbage_classification/cardboard/cardboard233.jpg,cardboard,cardboard,True,512,384,RGB,8ab818052aa60477936b59feaba1ad62c9a4c1afaa8c6643fdfb43b6d94ec4e0,16164,3,True,False,0,True,True
household,/content/waste_datasets/household/garbage_classification/plastic/plastic411.jpg,plastic,plastic,True,512,384,RGB,8adfd45c91e59217eb86fbf17b7cc91ea7e3c5e72c9ff5c32d59d97b43766991,12285,3,True,False,0,True,True
household,/content/waste_datasets/household/garbage_classification/metal/metal105.jpg,metal,metal,True,512,384,RGB,8ae03f7749fc396d487244ed1cad32954c5d579fcd2620b609ac8f7f578bad14,17840,3,True,False,0,True,True
household,/content/waste_datasets/household/garbage_classification/paper/paper457.jpg,paper,paper,True,512,384,RGB,8afd191f79f0d13ea26a83af9f4bd4f94a38abd161c1f2a400c564520daae03c,42245,3,True,False,0,True,True
household,/content/waste_datasets/household/garbage_classification/cardboard/cardboard263.jpg,cardboard,cardboard,True,512,384,RGB,8b0231fdc23671c896a016a56fb0b549c2add9e85771dcb647e18af23e1c6223,22568,3,True,False,0,True,True
household,/content/waste_datasets/household/garbage_classification/plastic/plastic191.jpg,plastic,plastic,True,512,384,RGB,8b3af4c5f1c1533d5534ac5fcb1577ba1eb84fef699a3a82028606b4043caab7,15481,3,True,False,0,True,True
household,/content/waste_datasets/household/garbage_classification/metal/metal73.jpg,metal,metal,True,512,384,RGB,8b589d4d3c385ba8ff4f25b2b450ecf651ba437d2ebce67aa9b5eb4e71724c29,7058,3,True,False,0,True,True
household,/content/waste_datasets/household/garbage_classification/paper/paper977.jpg,paper,paper,True,512,384,RGB,8b80857da6f4f7f267f7583921b41c8f337c63572f44c366357925a30dce94dc,11037,3,True,False,0,True,True
household,/content/waste_datasets/household/garbage_classification/white-glass/white-glass100.jpg,white-glass,glass,True,512,384,RGB,8b8bcf3b00f54432b3a5ef9e259b39f80ff28c99307be805bf578e2a036bfc88,11018,3,True,False,0,True,True
household,/content/waste_datasets/household/garbage_classification/white-glass/white-glass228.jpg,white-glass,glass,True,512,384,RGB,8ba68772a1b797c4ac15ad1623cf2bfabed9ac801962358039c7a9873d3afbfe,8946,3,True,False,0,True,True
household,/content/waste_datasets/household/garbage_classification/paper/paper721.jpg,paper,paper,True,512,384,RGB,8ba7484ab655c91f2a6786c03ffdc7b9f0c1a10c343ec2355a92f355a42ad251,10182,3,True,False,0,True,True
household,/content/waste_datasets/household/garbage_classification/cardboard/cardboard356.jpg,cardboard,cardboard,True,512,384,RGB,8bc75c6725f0e9588ba990ed5e5f1bca9da5259eb8e31be0d11ba35afb18412e,7797,3,True,False,0,True,True
household,/content/waste_datasets/household/garbage_classification/paper/paper986.jpg,paper,paper,True,512,384,RGB,8bcd2587bab0e7a5db16c85ab5cf9128feb66e014abaca8dfa4de307bc431706,15612,3,True,False,0,True,True
household,/content/waste_datasets/household/garbage_classification/cardboard/cardboard285.jpg,cardboard,cardboard,True,512,384,RGB,8bd1aabedd29051527b25eaa4f3163b6c4b06af66d14da23412a8916f6c28591,19438,3,True,False,0,True,True
household,/content/waste_datasets/household/garbage_classification/cardboard/cardboard507.jpg,cardboard,cardboard,True,512,384,RGB,8bdd9137310a29365d06b152fc545355154bd24b457fea0398e41bd045b1ebf7,14320,3,True,False,0,True,True
household,/content/waste_datasets/household/garbage_classification/cardboard/cardboard117.jpg,cardboard,cardboard,True,512,384,RGB,8beb0f6c0462c17405722a71a08bb18fba20e964cf12adb1a63020968782564f,22184,3,True,False,0,True,True
household,/content/waste_datasets/household/garbage_classification/white-glass/white-glass585.jpg,white-glass,glass,True,512,384,RGB,8bf2937d21fe919fd3e32f72b60e93d1068ef5f88c122280b2097d0b69d91332,7908,3,True,False,0,True,True
household,/content/waste_datasets/household/garbage_classification/plastic/plastic315.jpg,plastic,plastic,True,512,384,RGB,8c314191a4963a276888030e5aec28d77cf8c0f4a0e964deef0ade385cec3838,13706,3,True,False,0,True,True
household,/content/waste_datasets/household/garbage_classification/paper/paper902.jpg,paper,paper,True,512,384,RGB,8c56a967409863f218b0f289b22a5accc91f99f4b21100cbdf01eaaca54c6a2b,14636,3,True,False,0,True,True
household,/content/waste_datasets/household/garbage_classification/cardboard/cardboard659.jpg,cardboard,cardboard,True,512,384,RGB,8c5fc72fb93efeb74d912c8ead8dfde62894aabd5aa5ceb67cb261d7efa13e09,17225,3,True,False,0,True,True
household,/content/waste_datasets/household/garbage_classification/metal/metal289.jpg,metal,metal,True,512,384,RGB,8c631b399474092ee2527e13fa431b2d8bf2f814956735b34f92bd7845651977,17194,3,True,False,0,True,True
household,/content/waste_datasets/household/garbage_classification/white-glass/white-glass36.jpg,white-glass,glass,True,512,384,RGB,8c70f3fd481062a5eb948b2b8db31b2289eb02fba8f7135dd22fb49655208f70,20951,3,True,False,0,True,True
household,/content/waste_datasets/household/garbage_classification/metal/metal342.jpg,metal,metal,True,512,384,RGB,8c9a254781650fffc9ff2f95d7db6cd73ca81de60a099e58d9bc06b8670a1989,15262,3,True,False,0,True,True
household,/content/waste_datasets/household/garbage_classification/paper/paper754.jpg,paper,paper,True,512,384,RGB,8ca08dad62783cf2514e949b92800e7dd56eb8955b833103eebbb342c2483633,17991,3,True,False,0,True,True
household,/content/waste_datasets/household/garbage_classification/metal/metal381.jpg,metal,metal,True,512,384,RGB,8cbe5acdfab8791a3286a60fde299d9a22fc4fcfb489cd69acf9458da69bd849,17387,3,True,False,0,True,True
household,/content/waste_datasets/household/garbage_classification/plastic/plastic129.jpg,plastic,plastic,True,512,384,RGB,8cc18cc0c6709b6a34594dd1b6b44118ee52d5a5ac38fd2eb8a14b4235bcf5f2,9536,3,True,False,0,True,True
household,/content/waste_datasets/household/garbage_classification/cardboard/cardboard275.jpg,cardboard,cardboard,True,512,384,RGB,8ceb045c85ac2941ef70218acd1b0dc00024f84651973e0cc842cf992f03a49f,20176,3,True,False,0,True,True
household,/content/waste_datasets/household/garbage_classification/metal/metal405.jpg,metal,metal,True,512,384,RGB,8cf0c25a3722935900dd455ed58d8d42915c01710c542cada4d2d877240709d6,8188,3,True,False,0,True,True
household,/content/waste_datasets/household/garbage_classification/plastic/plastic354.jpg,plastic,plastic,True,512,384,RGB,8cfc88156e367be7e00baebc32cc97607794f2fb94892aff8beb28878c4d93c1,12311,3,True,False,0,True,True
household,/content/waste_datasets/household/garbage_classification/cardboard/cardboard319.jpg,cardboard,cardboard,True,512,384,RGB,8d072e685d5097dcdf845c3a22e7464934634f9c359d33520812426acaa74790,21861,3,True,False,0,True,True
household,/content/waste_datasets/household/garbage_classification/cardboard/cardboard191.jpg,cardboard,cardboard,True,512,384,RGB,8d78685afa2d683c03a94711f9d0f6292e4deed5abdcd0ba7b3f5582fe601d6a,15986,3,True,False,0,True,True
household,/content/waste_datasets/household/garbage_classification/plastic/plastic13.jpg,plastic,plastic,True,512,384,RGB,8da02dffba1358a9ef9130ee86d4f02f8db163976d022abac541b82b60524ea3,13080,3,True,False,0,True,True
household,/content/waste_datasets/household/garbage_classification/paper/paper770.jpg,paper,paper,True,512,384,RGB,8da85fb451b03b9baceb31a430b1ded5309af208d50cd7e0aff57b6d49330896,37798,3,True,False,0,True,True
household,/content/waste_datasets/household/garbage_classification/metal/metal453.jpg,metal,metal,True,512,384,RGB,8dba589d0f805b89f4a63ea6be21705c686b5f72d99faed21f7dd89b173207c0,20451,3,True,False,0,True,True
household,/content/waste_datasets/household/garbage_classification/plastic/plastic49.jpg,plastic,plastic,True,512,384,RGB,8dbb1979032fb913540fbe907be48bf3559b594bcb5101e69ba6f6ac1e29baea,16507,3,True,False,0,True,True
household,/content/waste_datasets/household/garbage_classification/paper/paper839.jpg,paper,paper,True,512,384,RGB,8dc98412e1d8da9bde248aeb5850a3acd758579063f3518b5f60fbf03dc85eb2,27838,3,True,False,0,True,True
household,/content/waste_datasets/household/garbage_classification/white-glass/white-glass160.jpg,white-glass,glass,True,512,384,RGB,8dce43c70c1455f7da0aa562231e7c6be49569b0fa034059e8a9c7627b3efb0b,17472,3,True,False,0,True,True
household,/content/waste_datasets/household/garbage_classification/metal/metal183.jpg,metal,metal,True,512,384,RGB,8dd6f0654f96f64f90e22f54e3b1587814cb3eab5aa650debde6060e1838ac02,14707,3,True,False,0,True,True
household,/content/waste_datasets/household/garbage_classification/white-glass/white-glass133.jpg,white-glass,glass,True,512,384,RGB,8e16a010920314f0cf8ecb5089552a26c431d2e90bddc55b6d287bbabd890fcc,13770,3,True,False,0,True,True
household,/content/waste_datasets/household/garbage_classification/white-glass/white-glass169.jpg,white-glass,glass,True,512,384,RGB,8e19f208abb0e92bf7a9ea90879496a3cf774abf4ccb1400dd8a5002d818b84b,14104,3,True,False,0,True,True
household,/content/waste_datasets/household/garbage_classification/plastic/plastic784.jpg,plastic,plastic,True,512,384,RGB,8e8e7e44749452543840bffd4d52cea0a9cb0bfde68fac8188055f5bf884db62,6222,2,True,False,0,True,True
household,/content/waste_datasets/household/garbage_classification/cardboard/cardboard151.jpg,cardboard,cardboard,True,512,384,RGB,8eadae8cdf1cb45d4755b05571d5400ef4d2daf6297d4d6a55eca9e4fc01b802,15880,3,True,False,0,True,True
household,/content/waste_datasets/household/garbage_classification/metal/metal444.jpg,metal,metal,True,512,384,RGB,8ed72e0c27c92095fc99d0af7c7a32f5378138f2031df9aa11ba9ea843c1b8b5,17965,3,True,False,0,True,True
household,/content/waste_datasets/household/garbage_classification/paper/paper498.jpg,paper,paper,True,512,384,RGB,8ed79d770dd19ae7516c711f60008d6fa2df835fa94f3541832d8a2767fbfb12,31680,3,True,False,0,True,True
household,/content/waste_datasets/household/garbage_classification/paper/paper906.jpg,paper,paper,True,512,384,RGB,8edeffd3d9dc0aefbb6d0669237476864f1abeb0b82aefa5c55d23a52fddc8e3,13568,3,True,False,0,True,True
household,/content/waste_datasets/household/garbage_classification/plastic/plastic533.jpg,plastic,plastic,True,512,384,RGB,8f05ce513eb42effe218cd00c0a552d1f610e53e40a44804335dadbf3ef2c0a9,20127,3,True,False,0,True,True
household,/content/waste_datasets/household/garbage_classification/cardboard/cardboard327.jpg,cardboard,cardboard,True,512,384,RGB,8f06853006f83cd1b7a6b2561ee61fbb3a4bcc287e7e26884131a0d91e9dacca,19281,3,True,False,0,True,True
household,/content/waste_datasets/household/garbage_classification/white-glass/white-glass197.jpg,white-glass,glass,True,512,384,RGB,8f539caaba93c61e0b5b788f14f9bb03fab8c5a7911e191a4210c0bb64db4db1,19973,3,True,False,0,True,True
household,/content/waste_datasets/household/garbage_classification/cardboard/cardboard187.jpg,cardboard,cardboard,True,512,384,RGB,8f61c28b7a3cafa66e3c9a2ff6c818c288a8f31f21ad69f85135b04447060b04,21690,3,True,False,0,True,True
household,/content/waste_datasets/household/garbage_classification/brown-glass/brown-glass219.jpg,brown-glass,glass,True,512,384,RGB,8f68e5162d9ffc13d14b8c7063ebd9bf07dde10a99a02a2275cd9a98902c3d3f,14252,3,True,False,0,True,True
household,/content/waste_datasets/household/garbage_classification/paper/paper615.jpg,paper,paper,True,512,384,RGB,8f7c78a2b3b24d2c20998f41ab7454011829fcc96970bf5aae106c7d66538d3a,32978,3,True,False,0,True,True
household,/content/waste_datasets/household/garbage_classification/white-glass/white-glass758.jpg,white-glass,glass,True,512,384,RGB,8fae57e5b4d3ac7065ed383cc15fd361dd85d049281160973fee7be13d793b53,8991,3,True,False,0,True,True
household,/content/waste_datasets/household/garbage_classification/plastic/plastic434.jpg,plastic,plastic,True,512,384,RGB,8fbf45b1666f41f5d19903edd5822de96bd449309f12fe668891c2538f08d961,13080,3,True,False,0,True,True
household,/content/waste_datasets/household/garbage_classification/plastic/plastic267.jpg,plastic,plastic,True,512,384,RGB,8fc12b3278e610b3cfe16f95fc65e9cbe1eed14012a6483df6f94ca2fd4fe47b,13738,3,True,False,0,True,True
household,/content/waste_datasets/household/garbage_classification/plastic/plastic393.jpg,plastic,plastic,True,512,384,RGB,8fc6634d40c03c2bbf645c53885117de9ba8d99982f90819512a7281f203515f,11584,3,True,False,0,True,True
household,/content/waste_datasets/household/garbage_classification/metal/metal280.jpg,metal,metal,True,512,384,RGB,8fd19560626992c39fdd8218f990c884a86971006b76827259f19416a6bef828,18373,3,True,False,0,True,True
household,/content/waste_datasets/household/garbage_classification/plastic/plastic275.jpg,plastic,plastic,True,512,384,RGB,8fe2a6c5b6d485d7f040d58be8704e9988f7da90378dc0a06ef3093002b15c20,16185,3,True,False,0,True,True
household,/content/waste_datasets/household/garbage_classification/plastic/plastic206.jpg,plastic,plastic,True,512,384,RGB,8ff7330e4e431765516fe7dfb63f4d8a3ca7415f60409b0fad832502a8aa1de7,23094,3,True,False,0,True,True
household,/content/waste_datasets/household/garbage_classification/cardboard/cardboard166.jpg,cardboard,cardboard,True,512,384,RGB,904d117504cb0f5bd28dc898fdf13c5a66273c103a97390ed84434151797dca2,23807,3,True,False,0,True,True
household,/content/waste_datasets/household/garbage_classification/paper/paper923.jpg,paper,paper,True,512,384,RGB,905dcbbbc2870f060b986fb8784756d6c1f93c3f4c2414bfb2c1e64df9ee8249,24441,3,True,False,0,True,True
household,/content/waste_datasets/household/garbage_classification/metal/metal259.jpg,metal,metal,True,512,384,RGB,9093a60e9ba7039fe941769c6f73e5a64a4d3904ec3ffb56c51d77ae45eef14f,21743,3,True,False,0,True,True
household,/content/waste_datasets/household/garbage_classification/green-glass/green-glass68.jpg,green-glass,glass,True,512,384,RGB,90ba6d92f026bdfc05d80705b3cec0a0ff8e71dda7f52a8acd247e2760fc05b5,17946,2,True,False,0,True,True
household,/content/waste_datasets/household/garbage_classification/white-glass/white-glass143.jpg,white-glass,glass,True,512,384,RGB,90c0931c3cf6c7ed6ccbbf8d1bc81b248876b19a9a84f5aa9dcd56809abe8af3,12197,3,True,False,0,True,True
household,/content/waste_datasets/household/garbage_classification/cardboard/cardboard114.jpg,cardboard,cardboard,True,512,384,RGB,90cc4f1fa51b32bb82637b946ef03a11152ac9c6a4348f4dc3eb5b2eec7f203f,33629,3,True,False,0,True,True
household,/content/waste_datasets/household/garbage_classification/plastic/plastic271.jpg,plastic,plastic,True,512,384,RGB,90dee1473fe6eef923e1311438bff2a867777f7641ee6c524dd26fa8bad0b9c2,9470,3,True,False,0,True,True
household,/content/waste_datasets/household/garbage_classification/metal/metal429.jpg,metal,metal,True,512,384,RGB,90df0d9174b239a2af75328dd80fd3b6dfc96471b59566e5181307ffc86e7f5f,18715,3,True,False,0,True,True
household,/content/waste_datasets/household/garbage_classification/metal/metal308.jpg,metal,metal,True,512,384,RGB,90eba51676932b482a1052128e3eb86fd318c988f5acf7c81eb959012c53ffc3,16083,3,True,False,0,True,True
household,/content/waste_datasets/household/garbage_classification/plastic/plastic270.jpg,plastic,plastic,True,512,384,RGB,90f72638e98c7d98446b1ddc98c0826e55d7b87714b9395e39d36141da2a2e4a,13737,3,True,False,0,True,True
household,/content/waste_datasets/household/garbage_classification/paper/paper621.jpg,paper,paper,True,512,384,RGB,90f778e6251c1b6a876a0fd17a958ca8e8d95b68cfb42102864e352594be9025,35587,3,True,False,0,True,True
household,/content/waste_datasets/household/garbage_classification/white-glass/white-glass476.jpg,white-glass,glass,True,512,384,RGB,912f44e409ee71466346bf1ef6afd2075648943be2930a0884fc00ce1d21e9f8,11835,3,True,False,0,True,True
household,/content/waste_datasets/household/garbage_classification/white-glass/white-glass762.jpg,white-glass,glass,True,512,384,RGB,91558fbe8e8a9016cba33165e8bd30f8dba289ef3d31791f7dfc41dd3981c86d,17748,2,True,False,0,True,True
household,/content/waste_datasets/household/garbage_classification/green-glass/green-glass138.jpg,green-glass,glass,True,512,384,RGB,915d181548f0f3c7b6749b271fd0d73c7726157b54442cae32ed35953d26558a,12299,3,True,False,0,True,True
household,/content/waste_datasets/household/garbage_classification/paper/paper538.jpg,paper,paper,True,512,384,RGB,9199dfbfabac264bfd326826faf2fdae8c7128fd854465e4e539d7f8536ceb9e,28423,3,True,False,0,True,True
household,/content/waste_datasets/household/garbage_classification/plastic/plastic790.jpg,plastic,plastic,True,512,384,RGB,91d77a33f85b448aae6b334b477010f5e181c01615c6d41329432e13945381dd,25509,3,True,False,0,True,True
household,/content/waste_datasets/household/garbage_classification/paper/paper826.jpg,paper,paper,True,512,384,RGB,91e6532f252b8d858aa86a96f92783e599d94cae276a249794a045622803e11e,18795,3,True,False,0,True,True
household,/content/waste_datasets/household/garbage_classification/paper/paper550.jpg,paper,paper,True,512,384,RGB,92024c5e902fb012f4d98d522ab7670494fafe78a3feec0d84d03413e626e259,25283,3,True,False,0,True,True
household,/content/waste_datasets/household/garbage_classification/paper/paper787.jpg,paper,paper,True,512,384,RGB,921ddd2bb02e7200f0e3260b8a3e639246335b997283dc3790c306a1715a1cb5,30106,3,True,False,0,True,True
household,/content/waste_datasets/household/garbage_classification/cardboard/cardboard313.jpg,cardboard,cardboard,True,512,384,RGB,922a4eebb8634424a2b96f8d649cb97ef38f98bd08148f973c010edcb8c31de6,17360,3,True,False,0,True,True
household,/content/waste_datasets/household/garbage_classification/green-glass/green-glass177.jpg,green-glass,glass,True,512,384,RGB,92415f803d8211b26bcda8046db7413449a7213435781740246bf63aa010e7f1,10148,2,True,False,0,True,True
household,/content/waste_datasets/household/garbage_classification/plastic/plastic546.jpg,plastic,plastic,True,512,384,RGB,9276e09c44fbf0dd5bf7f405de6efd7edfe61099f7de9019879d2eaba07f47a6,6494,3,True,False,0,True,True
household,/content/waste_datasets/household/garbage_classification/paper/paper653.jpg,paper,paper,True,512,384,RGB,9298d575be19f5359a2dededcd924bcc6dcf3dd5dbbf155b44a04d4e2b2e3fe4,28545,3,True,False,0,True,True
household,/content/waste_datasets/household/garbage_classification/brown-glass/brown-glass303.jpg,brown-glass,glass,True,512,384,RGB,92a2b98e4813f70881cab3a2ef2eb2721b789c86f1a2618ec71f8554ec09317c,13660,3,True,False,0,True,True
household,/content/waste_datasets/household/garbage_classification/white-glass/white-glass49.jpg,white-glass,glass,True,512,384,RGB,92a9ab9dcd2bea53ccc6926bc4d1509e0eba74f124342b9190e3c92fa68de1b5,10922,3,True,False,0,True,True
household,/content/waste_datasets/household/garbage_classification/paper/paper833.jpg,paper,paper,True,512,384,RGB,92ab66cb5bd68b2bc3093c9f85c01cec2ee94384304179b81147c3ac396ffc7b,32820,3,True,False,0,True,True
household,/content/waste_datasets/household/garbage_classification/white-glass/white-glass74.jpg,white-glass,glass,True,512,384,RGB,92d3ac044c9ace82a0e0087a84b5682591bbdef9faad78b5c08e46012e433a3c,14631,3,True,False,0,True,True
household,/content/waste_datasets/household/garbage_classification/paper/paper812.jpg,paper,paper,True,512,384,RGB,92dfebef7df018d745ce136ac4160c4e64763ab19df66066a5c4322c44951467,35736,3,True,False,0,True,True
household,/content/waste_datasets/household/garbage_classification/white-glass/white-glass563.jpg,white-glass,glass,True,512,384,RGB,92f556a2399516e96f5adfa879c524769fc9efeebc66960c0572e956b2ecc1da,17359,3,True,False,0,True,True
household,/content/waste_datasets/household/garbage_classification/plastic/plastic196.jpg,plastic,plastic,True,512,384,RGB,92fcf5269f1c4952f567dd3d34279842fdc7d85c4f9e117b76c40cfb3e6d470b,11091,3,True,False,0,True,True
household,/content/waste_datasets/household/garbage_classification/paper/paper49.jpg,paper,paper,True,512,384,RGB,9343acf12f8934a4dd9f57cd8b88df51e6193db607c109fe55776aad66b19941,20763,3,True,False,0,True,True
household,/content/waste_datasets/household/garbage_classification/white-glass/white-glass158.jpg,white-glass,glass,True,512,384,RGB,93593c57dd926131e3c2a1a2354936f9c898de04dc1c4d5b62b783908137bb8d,14520,3,True,False,0,True,True
household,/content/waste_datasets/household/garbage_classification/paper/paper768.jpg,paper,paper,True,512,384,RGB,9365a055f79a8a5645a9f8cffce3d3f509f46f0c232d8c9d5aa829adf10a5664,31385,3,True,False,0,True,True
household,/content/waste_datasets/household/garbage_classification/paper/paper523.jpg,paper,paper,True,512,384,RGB,93809aca561a45191a8b3e9d29885755a364a51efea2cd3f19a7fa9266e64f7b,14139,3,True,False,0,True,True
household,/content/waste_datasets/household/garbage_classification/metal/metal348.jpg,metal,metal,True,512,384,RGB,9384852d8b01d1059b7d39a3f10f448467d60bb03aea8967839264f049eab30a,15919,3,True,False,0,True,True
household,/content/waste_datasets/household/garbage_classification/green-glass/green-glass313.jpg,green-glass,glass,True,512,384,RGB,93cd4b08545039186e95e8785c324e5b62f2d3a14d5139113e59e7d7ba04e549,18626,3,True,False,0,True,True
household,/content/waste_datasets/household/garbage_classification/paper/paper492.jpg,paper,paper,True,512,384,RGB,940457439d824688cf889c55782469cf05509809e99e515fc42888ba5dac8d89,8480,3,True,False,0,True,True
household,/content/waste_datasets/household/garbage_classification/paper/paper459.jpg,paper,paper,True,512,384,RGB,943456df0f128c36d5cb2ec83d2d4587b1183dd5ea5ef40532986e1f905cd212,39326,3,True,False,0,True,True
household,/content/waste_datasets/household/garbage_classification/white-glass/white-glass19.jpg,white-glass,glass,True,512,384,RGB,94414919083006bdaa55d3fa5c1cf98324b0c3a87436c6d25c27e34ef9ffaaa6,27966,3,True,False,0,True,True
household,/content/waste_datasets/household/garbage_classification/paper/paper967.jpg,paper,paper,True,512,384,RGB,944939b365cc992a557100c9b9010d40716ccd9f98dd1448b5c6135300c42c52,11498,3,True,False,0,True,True
household,/content/waste_datasets/household/garbage_classification/cardboard/cardboard98.jpg,cardboard,cardboard,True,512,384,RGB,946cd8879f7fee0903565ffc3800ebda7ca33ac087561ca0bf1612714bcd4d5c,11950,3,True,False,0,True,True
household,/content/waste_datasets/household/garbage_classification/metal/metal27.jpg,metal,metal,True,512,384,RGB,947288224d612f8c7dced73d0ac17ab9608caa6627ef8d5da5628fce3a7a3579,21433,3,True,False,0,True,True
household,/content/waste_datasets/household/garbage_classification/white-glass/white-glass94.jpg,white-glass,glass,True,512,384,RGB,948be65f6a7cecb4a98d4921008ebec73852a0126ecc38f25608830e2175395a,14317,3,True,False,0,True,True
household,/content/waste_datasets/household/garbage_classification/white-glass/white-glass38.jpg,white-glass,glass,True,512,384,RGB,94999cba4b0045d153a9381fee4a82ddef81bdcec87d2421df16c25d833fefcf,7260,2,True,False,0,True,True
household,/content/waste_datasets/household/garbage_classification/paper/paper594.jpg,paper,paper,True,512,384,RGB,94ba3358c23a90b1cb1938887814d6c417a0a65414328e7766fc9ca2bf3e86c5,32743,3,True,False,0,True,True
household,/content/waste_datasets/household/garbage_classification/paper/paper477.jpg,paper,paper,True,512,384,RGB,94d1ee6fee5568abe21084c5229d6dc747feb060842340bdf437e7f163ec7815,22329,3,True,False,0,True,True
household,/content/waste_datasets/household/garbage_classification/plastic/plastic195.jpg,plastic,plastic,True,512,384,RGB,94e4eba94173cce4e19c4356549d317d6d4f9d79c144436c7f26ade6b490270d,15361,3,True,False,0,True,True
household,/content/waste_datasets/household/garbage_classification/plastic/plastic857.jpg,plastic,plastic,True,512,384,RGB,94ef473a8dde0a7eec8f1e2c6d9301da37a04757f8a000ce8a662e3565f25755,18522,3,True,False,0,True,True
household,/content/waste_datasets/household/garbage_classification/cardboard/cardboard113.jpg,cardboard,cardboard,True,512,384,RGB,9537b0fd18ac7a43bd2f9cbfdbfd28d1e2460b4dd9d2bbc634745477f917c8ca,15247,3,True,False,0,True,True
household,/content/waste_datasets/household/garbage_classification/paper/paper704.jpg,paper,paper,True,512,384,RGB,953e192ee58b10e3a695e1177c54874412835745b9dcbd14e1bf985adf427803,12289,3,True,False,0,True,True
household,/content/waste_datasets/household/garbage_classification/paper/paper603.jpg,paper,paper,True,512,384,RGB,95538159877b7076fde78f55fb9c9ee4e688e8a51b440ac01ca55d62f034837e,10802,3,True,False,0,True,True
household,/content/waste_datasets/household/garbage_classification/green-glass/green-glass59.jpg,green-glass,glass,True,512,384,RGB,956d8be4a2512c9cba2208849ef6350a64205ebd4aedc88705a5a3a584c0b7df,12765,2,True,False,0,True,True
household,/content/waste_datasets/household/garbage_classification/paper/paper638.jpg,paper,paper,True,512,384,RGB,957182c48f6ddd0c4370f8b35536b8b5de151aebd75ef9dcb969d694442b2496,24481,3,True,False,0,True,True
household,/content/waste_datasets/household/garbage_classification/cardboard/cardboard1.jpg,cardboard,cardboard,True,512,384,RGB,9573fd98a5aca2ab9a4c5b9ebcdfa4dcf9719b216c2025ee4305c4df611c885f,17333,3,True,False,0,True,True
household,/content/waste_datasets/household/garbage_classification/white-glass/white-glass736.jpg,white-glass,glass,True,512,384,RGB,95851206148705a6ba4b7df6f0b8d094e47b8053930fc5da8a5fdd46876c2b24,19421,3,True,False,0,True,True
household,/content/waste_datasets/household/garbage_classification/metal/metal254.jpg,metal,metal,True,512,384,RGB,9590b871a82a5514e73f9dcf7b7faf7e8ff3b56435ece9cf864e7a4c4a55f966,16568,3,True,False,0,True,True
household,/content/waste_datasets/household/garbage_classification/metal/metal331.jpg,metal,metal,True,512,384,RGB,95a15b8ac8970606441b478ddf6083e6d891573a05d7e68b0b923d9aa9200722,18989,3,True,False,0,True,True
household,/content/waste_datasets/household/garbage_classification/plastic/plastic490.jpg,plastic,plastic,True,512,384,RGB,95ee1f7a19e5987f0be3e7dd0781f374ecbd7a10666deda14a6fba1c63850c51,12957,3,True,False,0,True,True
household,/content/waste_datasets/household/garbage_classification/paper/paper465.jpg,paper,paper,True,512,384,RGB,9610c40fea5131a2b5ab4f7c50d61639b12e2e7a673fd277d3b54a9747720bf6,10108,3,True,False,0,True,True
household,/content/waste_datasets/household/garbage_classification/white-glass/white-glass20.jpg,white-glass,glass,True,512,384,RGB,962485f5ab898217bf3882afce48e67129dc2ee635456a1f2560894fb9362a8d,6735,3,True,False,0,True,True
household,/content/waste_datasets/household/garbage_classification/plastic/plastic22.jpg,plastic,plastic,True,512,384,RGB,962e67cb1d4a3c65cbf713af1ae58897c60f8d0117c7ee36ac04a567da6cf8f3,12154,3,True,False,0,True,True
household,/content/waste_datasets/household/garbage_classification/paper/paper18.jpg,paper,paper,True,512,384,RGB,964885f139cdf990d72377660e59192edeeddb213f1fa07353adec3262bf2f62,11678,3,True,False,0,True,True
household,/content/waste_datasets/household/garbage_classification/paper/paper1009.jpg,paper,paper,True,512,384,RGB,96e4321c9db53697e4e736774dc1ec8e38a356ae174254999496a75860213852,12382,3,True,False,0,True,True
household,/content/waste_datasets/household/garbage_classification/metal/metal234.jpg,metal,metal,True,512,384,RGB,9709b271c3549c820f6a85a9371fc47f6502fa9975c76d15f9ea1e6c37a11cda,10688,3,True,False,0,True,True
household,/content/waste_datasets/household/garbage_classification/cardboard/cardboard335.jpg,cardboard,cardboard,True,512,384,RGB,9720c0ba08fcdf017ceb7b92191f3f6ba6cd05c8cc27b79accc183dfcd8f686d,9825,3,True,False,0,True,True
household,/content/waste_datasets/household/garbage_classification/cardboard/cardboard837.jpg,cardboard,cardboard,True,512,384,RGB,9731e15505d08076b916b3ee126d4f834d151e0a258cc6f2113600a07aec2f8c,29480,2,True,False,0,True,True
household,/content/waste_datasets/household/garbage_classification/cardboard/cardboard71.jpg,cardboard,cardboard,True,512,384,RGB,974baa1b30858fed49ed4a15e0c108bf2b0b24c0aea6a6a1ac86dc6bb7fbc563,25483,3,True,False,0,True,True
household,/content/waste_datasets/household/garbage_classification/metal/metal53.jpg,metal,metal,True,512,384,RGB,975b7d5db3e97c57f0191768a3a6b3f20bd0f7ab4868cc5a1909fada8c02252e,10156,3,True,False,0,True,True
household,/content/waste_datasets/household/garbage_classification/plastic/plastic172.jpg,plastic,plastic,True,512,384,RGB,97b9567d28f5583726ae3a988323c96d44206fbe76fa778ea09faaf8790246fd,12920,3,True,False,0,True,True
household,/content/waste_datasets/household/garbage_classification/white-glass/white-glass187.jpg,white-glass,glass,True,512,384,RGB,97baf9536e750d14c54b0096d370e28b4eea6fa1b272315547e4a18c2989e077,11713,3,True,False,0,True,True
household,/content/waste_datasets/household/garbage_classification/paper/paper947.jpg,paper,paper,True,512,384,RGB,97cd5afbed0a12646203faf02ee292f53ea517306d2953c1de86a77208d6bd01,25527,3,True,False,0,True,True
household,/content/waste_datasets/household/garbage_classification/paper/paper957.jpg,paper,paper,True,512,384,RGB,97e55747804aaba3e7ab3326ff259e90515b80afd4dfe406e118fef50402d104,19492,3,True,False,0,True,True
household,/content/waste_datasets/household/garbage_classification/metal/metal264.jpg,metal,metal,True,512,384,RGB,97ef3f279313dfaf8931e25f699b9afbb193dcd5aa5329a4676b678a4dcab090,13377,3,True,False,0,True,True
household,/content/waste_datasets/household/garbage_classification/metal/metal298.jpg,metal,metal,True,512,384,RGB,9800b5cc2d5b37161c86e3f1878f21f8119c3f0fe4d82b097ba5113777dde502,24738,3,True,False,0,True,True
household,/content/waste_datasets/household/garbage_classification/brown-glass/brown-glass284.jpg,brown-glass,glass,True,512,384,RGB,9809f7c8c1b5f52ba1133de91bcc83bce55780d1d58b9eb40e3cdddfe431bd82,13142,2,True,False,0,True,True
household,/content/waste_datasets/household/garbage_classification/metal/metal117.jpg,metal,metal,True,512,384,RGB,9813406c220078597003594411307c003455d981edb81aa299d5b993b268685e,8304,3,True,False,0,True,True
household,/content/waste_datasets/household/garbage_classification/cardboard/cardboard188.jpg,cardboard,cardboard,True,512,384,RGB,982207d4815396370f8b1db6bcf2aa9fe1c10daf873ef31e0a94e712e21df398,23673,3,True,False,0,True,True
household,/content/waste_datasets/household/garbage_classification/white-glass/white-glass208.jpg,white-glass,glass,True,512,384,RGB,98877759ead414a4d505eaac1e37ae0a503fe30e9d104b6c66298baf5143ce7e,14955,3,True,False,0,True,True
household,/content/waste_datasets/household/garbage_classification/plastic/plastic160.jpg,plastic,plastic,True,512,384,RGB,98b134058e7bb87f09fdfdee20471a8c528ce0c41c0aa32f0f71f38c327112ae,21302,3,True,False,0,True,True
household,/content/waste_datasets/household/garbage_classification/metal/metal409.jpg,metal,metal,True,512,384,RGB,98bc09cb0c3492a8f5f1952f2cff644fc4858a7e1842f537a89625b95581ca7c,11882,3,True,False,0,True,True
household,/content/waste_datasets/household/garbage_classification/cardboard/cardboard195.jpg,cardboard,cardboard,True,512,384,RGB,98d4483687580535d6e1621c6a11d69caadca915dae1ff3b7bdd5ac231d2d46f,25669,3,True,False,0,True,True
household,/content/waste_datasets/household/garbage_classification/plastic/plastic265.jpg,plastic,plastic,True,512,384,RGB,9905ac528c1d56a26daad93005656a8cf6a3da6194e690b92cf4c926930b584b,13879,3,True,False,0,True,True
household,/content/waste_datasets/household/garbage_classification/cardboard/cardboard771.jpg,cardboard,cardboard,True,512,384,RGB,9923220494b8e731421962ea59dd0eb4ff4ba9e0339c85c2fa4c91e61f2634fc,8912,3,True,False,0,True,True
household,/content/waste_datasets/household/garbage_classification/white-glass/white-glass767.jpg,white-glass,glass,True,512,384,RGB,993b631986ade472a92ab48c766d0cd1bdf56a4cf9652165350ed2496a310fb1,14953,3,True,False,0,True,True
household,/content/waste_datasets/household/garbage_classification/paper/paper954.jpg,paper,paper,True,512,384,RGB,993d5f73ac457e4b6200dc35c3934bde626cc9e29a396cc6ad4b275b135886b7,21132,3,True,False,0,True,True
household,/content/waste_datasets/household/garbage_classification/cardboard/cardboard36.jpg,cardboard,cardboard,True,512,384,RGB,995196b4035e706dea1737e2c445c9e0964014a94fcc2871b91b4a66aa3b7c71,11948,3,True,False,0,True,True
household,/content/waste_datasets/household/garbage_classification/paper/paper762.jpg,paper,paper,True,512,384,RGB,99630d53913d646b55b1b1f227789b1ff166d337df1cf12aa87ec70cb0b12ffd,44334,3,True,False,0,True,True
household,/content/waste_datasets/household/garbage_classification/paper/paper745.jpg,paper,paper,True,512,384,RGB,9987b83d3f0ca6d8bf0ada4d64d1d648f05311d4506151d3adde4f86cee68dd9,13027,3,True,False,0,True,True
household,/content/waste_datasets/household/garbage_classification/brown-glass/brown-glass286.jpg,brown-glass,glass,True,512,384,RGB,99af1828b937c04489eb19decb17b10b72c49ab87040e181bad34e727cfa30a5,10839,3,True,False,0,True,True
household,/content/waste_datasets/household/garbage_classification/paper/paper454.jpg,paper,paper,True,512,384,RGB,99b2e9cf63612ab39d5664972d6f51457c32eff0e049e9279446031f78fd1bcd,46561,3,True,False,0,True,True
household,/content/waste_datasets/household/garbage_classification/cardboard/cardboard13.jpg,cardboard,cardboard,True,512,384,RGB,99bcaeaf983807a7517bd9c795c9176189806c05194163201cf64aace1531143,25560,3,True,False,0,True,True
household,/content/waste_datasets/household/garbage_classification/metal/metal158.jpg,metal,metal,True,512,384,RGB,9a00f9043f6bad61a2fa920d71e28a974844e1b93d6ba3671a25d1dfcc33d0d5,13840,3,True,False,0,True,True
household,/content/waste_datasets/household/garbage_classification/metal/metal130.jpg,metal,metal,True,512,384,RGB,9a053040fe4659333e538c775708c29f342e5c9adb630d80ba1228eeed0c1957,18025,3,True,False,0,True,True
household,/content/waste_datasets/household/garbage_classification/green-glass/green-glass181.jpg,green-glass,glass,True,512,384,RGB,9a0f65e4e801f9bd63b366b0c03a91e9dc703ce44113ccbd88962cf50f14ad0c,9635,3,True,False,0,True,True
household,/content/waste_datasets/household/garbage_classification/brown-glass/brown-glass272.jpg,brown-glass,glass,True,512,384,RGB,9a1aa316817747df30bff8ef23267ec5bd7d9af091f9cf18e41717dc84740f25,19065,3,True,False,0,True,True
household,/content/waste_datasets/household/garbage_classification/paper/paper511.jpg,paper,paper,True,512,384,RGB,9a36ff9b1300515f7b8bb0073553bbc4a2f57cef9fa723bfb152a311b05282c0,31699,3,True,False,0,True,True
household,/content/waste_datasets/household/garbage_classification/brown-glass/brown-glass291.jpg,brown-glass,glass,True,512,384,RGB,9a3e8228a3b16603fbe919f1df0b36104ba555a0ad385a7e87eaa7b23538c90c,13548,3,True,False,0,True,True
household,/content/waste_datasets/household/garbage_classification/cardboard/cardboard333.jpg,cardboard,cardboard,True,512,384,RGB,9a52a19f10f0188a54c09716c926c29bed255f32c18d068b47795b442a1336de,30705,3,True,False,0,True,True
household,/content/waste_datasets/household/garbage_classification/cardboard/cardboard89.jpg,cardboard,cardboard,True,512,384,RGB,9a5ca9e612f1a627a4cc86dc025aed499e9c7219bf184684058c021b3ecd7971,14095,3,True,False,0,True,True
household,/content/waste_datasets/household/garbage_classification/cardboard/cardboard605.jpg,cardboard,cardboard,True,512,384,RGB,9a6bbee24d5b0385868e0939833e6b9bda7792a169d0cf3cadb66a6fee9429c7,18160,3,True,False,0,True,True
household,/content/waste_datasets/household/garbage_classification/white-glass/white-glass63.jpg,white-glass,glass,True,512,384,RGB,9a9da045e6cfcab09cea51164c28a3006549d5d9a532725c0535d2e440c88758,15900,3,True,False,0,True,True
household,/content/waste_datasets/household/garbage_classification/cardboard/cardboard31.jpg,cardboard,cardboard,True,512,384,RGB,9aa6cf0e9a86de7a3ce785cda8dcedf23539392a690e37d504afd0504596bf95,14698,3,True,False,0,True,True
household,/content/waste_datasets/household/garbage_classification/paper/paper16.jpg,paper,paper,True,512,384,RGB,9ae5e85e7a9cb655510f9f48d4a53a84faa3d51d045524e030a23a75ca1e577f,26246,3,True,False,0,True,True
household,/content/waste_datasets/household/garbage_classification/plastic/plastic559.jpg,plastic,plastic,True,512,384,RGB,9b14d5eac0254df0500b1800cc7b48d26232d4a79c4eb8f51461e3da9e5fb1f6,14029,3,True,False,0,True,True
household,/content/waste_datasets/household/garbage_classification/plastic/plastic612.jpg,plastic,plastic,True,512,384,RGB,9b1ff3737dd984d1b81ecae4ef290f894cee197eac3b1e586200ec186a20ead4,10817,3,True,False,0,True,True
household,/content/waste_datasets/household/garbage_classification/plastic/plastic132.jpg,plastic,plastic,True,512,384,RGB,9b24c96bed046e3c870b0086621726803d6d3127b8011d08c75ac7a9340873af,23845,3,True,False,0,True,True
household,/content/waste_datasets/household/garbage_classification/paper/paper744.jpg,paper,paper,True,512,384,RGB,9b2570a97cfc9116771125b56e5412518d4611f03e18b4b035e51d4729198906,19822,3,True,False,0,True,True
household,/content/waste_datasets/household/garbage_classification/paper/paper509.jpg,paper,paper,True,512,384,RGB,9b327708b8a47e6f0783d881b149fe6ce45fbef5edc8a7f581d5a73b5e816f1d,15409,3,True,False,0,True,True
household,/content/waste_datasets/household/garbage_classification/paper/paper792.jpg,paper,paper,True,512,384,RGB,9b3712221fce93d0c76e53c277a93b49036a9e61566a1f023ba5148cc0cee970,23299,3,True,False,0,True,True
household,/content/waste_datasets/household/garbage_classification/plastic/plastic783.jpg,plastic,plastic,True,512,384,RGB,9b7b14d2025b1827110fd60d02a54b605e6b0e18da547c35dc240f9b324fa698,9539,3,True,False,0,True,True
household,/content/waste_datasets/household/garbage_classification/metal/metal431.jpg,metal,metal,True,512,384,RGB,9b90ca957763cc688295ce4d2ac488b588f1c16384ebe4bf62c12373b0203968,10458,3,True,False,0,True,True
household,/content/waste_datasets/household/garbage_classification/green-glass/green-glass174.jpg,green-glass,glass,True,512,384,RGB,9ba5acfecee46bd977ce2ff7cb52b3be768fc3f487d17a2b3c7c5486a8dcbcb6,8788,3,True,False,0,True,True
household,/content/waste_datasets/household/garbage_classification/cardboard/cardboard238.jpg,cardboard,cardboard,True,512,384,RGB,9ba6b8511bc5667d6dc5f313e103e1ce76c4e20bb0fd7e1129dfa90fe05a98c2,22109,3,True,False,0,True,True
household,/content/waste_datasets/household/garbage_classification/cardboard/cardboard205.jpg,cardboard,cardboard,True,512,384,RGB,9bb88f6c16fd5944403a0e9da568e1908301422d5908b2b4af99cf50db12c504,8383,3,True,False,0,True,True
household,/content/waste_datasets/household/garbage_classification/brown-glass/brown-glass148.jpg,brown-glass,glass,True,512,384,RGB,9bd5eb02f2f0b1d3c188621c7d32bb8d7b3924f408060c0f36cd6f92febc366b,11332,2,True,False,0,True,True
household,/content/waste_datasets/household/garbage_classification/brown-glass/brown-glass205.jpg,brown-glass,glass,True,512,384,RGB,9bda10c52365a45c901626020b7994f3543ff464d6d7c5796f3676bb23adcec7,11718,2,True,False,0,True,True
household,/content/waste_datasets/household/garbage_classification/white-glass/white-glass227.jpg,white-glass,glass,True,512,384,RGB,9be6caa848a980f2eaff70803bebbe73118b0fc967682b839f0785c1e9f7a98c,12660,3,True,False,0,True,True
household,/content/waste_datasets/household/garbage_classification/plastic/plastic301.jpg,plastic,plastic,True,512,384,RGB,9bec7462014a741d2e75faf29ca2b43e55f9781cf7432dc0d03b1103db9e4f0e,16769,3,True,False,0,True,True
household,/content/waste_datasets/household/garbage_classification/metal/metal123.jpg,metal,metal,True,512,384,RGB,9bf8fe2ab0d75150945b673367536e5908ff7dd4c06344cca36b6f6ad5de62e4,20194,3,True,False,0,True,True
household,/content/waste_datasets/household/garbage_classification/plastic/plastic284.jpg,plastic,plastic,True,512,384,RGB,9c02154ed8b1a372dc29f2defba0da9949afecce1d8d5c4914872506596ca73f,15547,3,True,False,0,True,True
household,/content/waste_datasets/household/garbage_classification/metal/metal222.jpg,metal,metal,True,512,384,RGB,9c2415a47e9b1c1744ab393a6d065820384ea47a23c0a625fa52d8e98ce6a13f,21674,3,True,False,0,True,True
household,/content/waste_datasets/household/garbage_classification/plastic/plastic865.jpg,plastic,plastic,True,512,384,RGB,9c49ed51f926d46ed4328411d99cbee9440a16f34314fd834dbd41439573852b,16278,3,True,False,0,True,True
household,/content/waste_datasets/household/garbage_classification/paper/paper771.jpg,paper,paper,True,512,384,RGB,9c732e082cfbaaf64cbe6d7bce0e3c7925b77d4db841cb07c9c4f1575fb430db,12688,3,True,False,0,True,True
household,/content/waste_datasets/household/garbage_classification/paper/paper711.jpg,paper,paper,True,512,384,RGB,9cb0f0a8b09d20626752b88d2f1d30e13ff4012b2052639b07350d04f28d023c,26132,3,True,False,0,True,True
household,/content/waste_datasets/household/garbage_classification/paper/paper1039.jpg,paper,paper,True,512,384,RGB,9ce06b4214115851c2a0b489cf5506521eaddc4827f4557e9ac7bc1a6a7213b3,18772,3,True,False,0,True,True
household,/content/waste_datasets/household/garbage_classification/plastic/plastic99.jpg,plastic,plastic,True,512,384,RGB,9ce5bf6a6e1486c1c6c09a9adedbbfb9abcf0c026a7fed1fbf7d7a0008b54696,13364,3,True,False,0,True,True
household,/content/waste_datasets/household/garbage_classification/plastic/plastic69.jpg,plastic,plastic,True,512,384,RGB,9ce823c13128cdde96b3fea06608b3ce5c0991ccd45a5ac832e2464360169b1a,11703,3,True,False,0,True,True
household,/content/waste_datasets/household/garbage_classification/metal/metal391.jpg,metal,metal,True,512,384,RGB,9ce88a7d6ea6e779a0dfcb6a05f52074f023dda19b268626cb56725360411219,12788,3,True,False,0,True,True
household,/content/waste_datasets/household/garbage_classification/cardboard/cardboard128.jpg,cardboard,cardboard,True,512,384,RGB,9cf5da54b456fc68cdaa5ed5ef415bcba50a4a95e220b01aaf9bd1dc05f8ce2b,20266,3,True,False,0,True,True
household,/content/waste_datasets/household/garbage_classification/white-glass/white-glass61.jpg,white-glass,glass,True,512,384,RGB,9d015edae42ccb821521d675ccd03a12820cb15feb1d7697ca932773fb7999db,7518,3,True,False,0,True,True
household,/content/waste_datasets/household/garbage_classification/plastic/plastic274.jpg,plastic,plastic,True,512,384,RGB,9d23bfff7520b2fb001c5db9591cd851cf52bfa68147c3fa3bc004da3e58ff05,11508,3,True,False,0,True,True
household,/content/waste_datasets/household/garbage_classification/plastic/plastic811.jpg,plastic,plastic,True,512,384,RGB,9d2cdabd68f4df9e76b989ff882f2fd0895a1b1d3633f01e479c52dc94db1161,14897,3,True,False,0,True,True
household,/content/waste_datasets/household/garbage_classification/plastic/plastic346.jpg,plastic,plastic,True,512,384,RGB,9d42a746c0d30e6cc21cd40c35189cdffa651035f95ec552dadfba5cfef83fc4,7180,3,True,False,0,True,True
household,/content/waste_datasets/household/garbage_classification/cardboard/cardboard217.jpg,cardboard,cardboard,True,512,384,RGB,9d466f391a744bf0cad368e76c5d4d02e18634f8037a014a84a927546365c7e2,23528,3,True,False,0,True,True
household,/content/waste_datasets/household/garbage_classification/white-glass/white-glass312.jpg,white-glass,glass,True,512,384,RGB,9d56e6e03f7f995df99576e22433fc6733efdaf0d27e3e85e7c74c6b5c14d38c,15077,3,True,False,0,True,True
household,/content/waste_datasets/household/garbage_classification/metal/metal258.jpg,metal,metal,True,512,384,RGB,9d5ba9b26916a1ed4f9af47ad26de14b48606f38749bd803f3f30f011fceba24,21707,3,True,False,0,True,True
household,/content/waste_datasets/household/garbage_classification/cardboard/cardboard232.jpg,cardboard,cardboard,True,512,384,RGB,9d5dbc110b3bc4ec6a14dc2ea591aeb9997d91df54c3e069ec665bd07694dc8b,25332,3,True,False,0,True,True
household,/content/waste_datasets/household/garbage_classification/metal/metal425.jpg,metal,metal,True,512,384,RGB,9d745e44783c743b14c5092387139553a94e671bb557dd35e1a4771da8a6bfea,17222,3,True,False,0,True,True
household,/content/waste_datasets/household/garbage_classification/cardboard/cardboard227.jpg,cardboard,cardboard,True,512,384,RGB,9d751726e7b3a86c8c27e03984a3d10caf63df1e1479e5cc31bfb7b620b59273,19844,3,True,False,0,True,True
household,/content/waste_datasets/household/garbage_classification/paper/paper922.jpg,paper,paper,True,512,384,RGB,9d81bbee8153eb7c1fde03195578c7ece4f1316a4836c77d45a479a58ed3a38d,31315,3,True,False,0,True,True
household,/content/waste_datasets/household/garbage_classification/plastic/plastic756.jpg,plastic,plastic,True,512,384,RGB,9d98b9fdaeb4f7ab6877330e345e4e40be5f8086a558eb20480f75f2faeb6a41,19333,3,True,False,0,True,True
household,/content/waste_datasets/household/garbage_classification/green-glass/green-glass112.jpg,green-glass,glass,True,512,384,RGB,9da4b852ea6c52b018418899e507dd7407d50baa279d54409379d7bd9857375d,12873,2,True,False,0,True,True
household,/content/waste_datasets/household/garbage_classification/plastic/plastic243.jpg,plastic,plastic,True,512,384,RGB,9dc18c5008b827fe714659b0240a6ce2984d9a55d8eb5b5c7073b438347a649f,14185,3,True,False,0,True,True
household,/content/waste_datasets/household/garbage_classification/plastic/plastic339.jpg,plastic,plastic,True,512,384,RGB,9dd81632241ccdb51b0c6cbf90a20577af604173ebc3a5454510aca49540ffc4,18887,2,True,False,0,True,True
household,/content/waste_datasets/household/garbage_classification/paper/paper9.jpg,paper,paper,True,512,384,RGB,9de2d1a85d5fc90a642eb0a0ac166aff0cff679e423483cf36fcd960a4f24f09,14723,2,True,False,0,True,True
household,/content/waste_datasets/household/garbage_classification/paper/paper876.jpg,paper,paper,True,512,384,RGB,9e16529ebf88a28bbfe4665efddb5c7dfd684d1b43c19a970f93515f0883a78a,32759,3,True,False,0,True,True
household,/content/waste_datasets/household/garbage_classification/white-glass/white-glass769.jpg,white-glass,glass,True,512,384,RGB,9e2b82a7d9e1b266764a7735b9f8d6b10530d15063ccd9180a9b5a91fc8d1d9b,17126,3,True,False,0,True,True
household,/content/waste_datasets/household/garbage_classification/paper/paper1045.jpg,paper,paper,True,512,384,RGB,9e39fe347feca5439bdc81b9d343a22daa7cc6cc607e278b29f0394ed5064452,44610,3,True,False,0,True,True
household,/content/waste_datasets/household/garbage_classification/plastic/plastic109.jpg,plastic,plastic,True,512,384,RGB,9e523b6842bd07836250aa9c95f467936b1e7eadbe9d10b3e59a92c2dc0040af,24090,3,True,False,0,True,True
household,/content/waste_datasets/household/garbage_classification/plastic/plastic718.jpg,plastic,plastic,True,512,384,RGB,9e65c52e21e2ab0d53c5d02032a6b8c7d2bc1176a92727850e56ac55ad8048e6,8415,3,True,False,0,True,True
household,/content/waste_datasets/household/garbage_classification/plastic/plastic245.jpg,plastic,plastic,True,512,384,RGB,9e666abeff19f37ba945ce8c6cd5496a2043747257d8d0d2cc245205f57aae0d,14976,3,True,False,0,True,True
household,/content/waste_datasets/household/garbage_classification/metal/metal251.jpg,metal,metal,True,512,384,RGB,9e7ef3d5d3a675800e44eddd06a21ef8ea4e3396ede10baa7537e8cefdd2a38b,20337,3,True,False,0,True,True
household,/content/waste_datasets/household/garbage_classification/metal/metal156.jpg,metal,metal,True,512,384,RGB,9e86dfeb376749dd7fd5a66e86e5b86c5128cce01db8d68372fb43ec0f57f3af,11286,3,True,False,0,True,True
household,/content/waste_datasets/household/garbage_classification/paper/paper823.jpg,paper,paper,True,512,384,RGB,9ea0f96f09095465b74d7da993c75241375ed5ec578acdbb05655dc4c1cb6337,26994,3,True,False,0,True,True
household,/content/waste_datasets/household/garbage_classification/cardboard/cardboard146.jpg,cardboard,cardboard,True,512,384,RGB,9eca298b852c5d86700d995a32ed4b4b0ec29498b090649fb0ca3749658e66dc,26115,3,True,False,0,True,True
household,/content/waste_datasets/household/garbage_classification/cardboard/cardboard161.jpg,cardboard,cardboard,True,512,384,RGB,9ee00b4d9ea88e330ec53523c2dea1b780385dd28690b76f1ae871138802bc3c,24511,3,True,False,0,True,True
household,/content/waste_datasets/household/garbage_classification/white-glass/white-glass199.jpg,white-glass,glass,True,512,384,RGB,9ef426243a23b174c0b1ac85f08ed3673d16e95898428694359827ebc126d46d,10139,3,True,False,0,True,True
household,/content/waste_datasets/household/garbage_classification/paper/paper37.jpg,paper,paper,True,512,384,RGB,9ef7e1b92b57b8fb474aed635751be556b237785efa353aa35e12c46f588dcce,26011,3,True,False,0,True,True
household,/content/waste_datasets/household/garbage_classification/plastic/plastic420.jpg,plastic,plastic,True,512,384,RGB,9f5b2e26171e2568ea3c809705cfa00732550ae24e0d06c58680e401bef3474e,9969,3,True,False,0,True,True
household,/content/waste_datasets/household/garbage_classification/metal/metal252.jpg,metal,metal,True,512,384,RGB,9f8888050b7043d757bc860110edb1d1e20e0805ec25a0c3541caa02fd9a04c9,19291,3,True,False,0,True,True
household,/content/waste_datasets/household/garbage_classification/metal/metal319.jpg,metal,metal,True,512,384,RGB,9f8b9020a7ba90096d37faa78315310e4a4caf3683b806671de45a8f66577ba2,17783,3,True,False,0,True,True
household,/content/waste_datasets/household/garbage_classification/metal/metal63.jpg,metal,metal,True,512,384,RGB,9fac16ae09af013cdd4273f8b81b811ccaffe3b1f064482e6001c366a757fe08,25866,3,True,False,0,True,True
household,/content/waste_datasets/household/garbage_classification/metal/metal154.jpg,metal,metal,True,512,384,RGB,9fb323f699cbbb04f70d1221c95296031fb5b077bcf5ca16334afd6b7d87447f,9578,3,True,False,0,True,True
household,/content/waste_datasets/household/garbage_classification/paper/paper1031.jpg,paper,paper,True,512,384,RGB,9fc10044741a1949b010452c25d81120e3ab548613b0830c16d60ce7bac7420f,14862,3,True,False,0,True,True
household,/content/waste_datasets/household/garbage_classification/plastic/plastic355.jpg,plastic,plastic,True,512,384,RGB,9fc537c06129c55815ffad37149a24f8c7c5e914f270ef40a44838f65d7f7da9,14723,3,True,False,0,True,True
household,/content/waste_datasets/household/garbage_classification/cardboard/cardboard236.jpg,cardboard,cardboard,True,512,384,RGB,9ffa79ab146150ebf71455264c24b666a5d524301d55a2cba766d2fa71b8c476,25417,3,True,False,0,True,True
household,/content/waste_datasets/household/garbage_classification/paper/paper683.jpg,paper,paper,True,512,384,RGB,a0428f646ccc0fc0a6d28482a116c670220944065a5972032e57174e6e8e0afd,12573,3,True,False,0,True,True
household,/content/waste_datasets/household/garbage_classification/white-glass/white-glass52.jpg,white-glass,glass,True,512,384,RGB,a06eefb006aa3c59fe25c95d68f7316b07c979b36ecd9197f7f79a4becffd8eb,10853,3,True,False,0,True,True
household,/content/waste_datasets/household/garbage_classification/white-glass/white-glass119.jpg,white-glass,glass,True,512,384,RGB,a06f1177d1dfeb4acf16a2985456830e2b1cf036c131e92f586db207124bce0d,17518,2,True,False,0,True,True
household,/content/waste_datasets/household/garbage_classification/paper/paper710.jpg,paper,paper,True,512,384,RGB,a0901ed3c87d98ff008cea7838bb9e3b04a8eee228ac3789a5dc460a78451668,10826,3,True,False,0,True,True
household,/content/waste_datasets/household/garbage_classification/plastic/plastic20.jpg,plastic,plastic,True,512,384,RGB,a091e7139deabb255c353df965a0711759ddfd479cd2d691d67a30e14779742c,17764,3,True,False,0,True,True
household,/content/waste_datasets/household/garbage_classification/plastic/plastic690.jpg,plastic,plastic,True,512,384,RGB,a093b5e32fcc49641c4990cea1505286e2f9a2fc54526bf100ab2eb6a6728dfa,12276,3,True,False,0,True,True
household,/content/waste_datasets/household/garbage_classification/white-glass/white-glass181.jpg,white-glass,glass,True,512,384,RGB,a0a84c28c84b5f160b64b9412093e8e4b267b4bc15408bb93549d5079af4a47d,11475,3,True,False,0,True,True
household,/content/waste_datasets/household/garbage_classification/brown-glass/brown-glass133.jpg,brown-glass,glass,True,512,384,RGB,a118c8ef6673a789e1ea95e1e0257124a73b649210dedf43d56249868aff2984,15764,3,True,False,0,True,True
household,/content/waste_datasets/household/garbage_classification/white-glass/white-glass5.jpg,white-glass,glass,True,512,384,RGB,a11e9d23a7b72cf45327529a371f06efdd1cb423d7df11178219d1721a85434b,7128,3,True,False,0,True,True
household,/content/waste_datasets/household/garbage_classification/cardboard/cardboard324.jpg,cardboard,cardboard,True,512,384,RGB,a13c5331d62d0e1ecc819720fc039cc5d2f1c899ebe8d60b967e99b496697611,20630,2,True,False,0,True,True
household,/content/waste_datasets/household/garbage_classification/white-glass/white-glass59.jpg,white-glass,glass,True,512,384,RGB,a146d28afbb1fc9b2a5f151841a9ef8f8d275d188e8f39a5adb799e252366a94,10821,3,True,False,0,True,True
household,/content/waste_datasets/household/garbage_classification/metal/metal236.jpg,metal,metal,True,512,384,RGB,a1842aa872d2dd179e670cdb8ca587b1b4c3f821b413046ea59dde5a369a49e4,17392,3,True,False,0,True,True
household,/content/waste_datasets/household/garbage_classification/paper/paper801.jpg,paper,paper,True,512,384,RGB,a1902e606b1818142c42c697547a9b3aa353ea0ee46ea01aa9e91ddf628e9d45,12538,3,True,False,0,True,True
household,/content/waste_datasets/household/garbage_classification/paper/paper729.jpg,paper,paper,True,512,384,RGB,a1bfda9fb1a15786e5446dbbb59f669d996f96a881fb29ceaf811928b0cd724d,10214,3,True,False,0,True,True
household,/content/waste_datasets/household/garbage_classification/cardboard/cardboard270.jpg,cardboard,cardboard,True,512,384,RGB,a1eba714981782a0b9e1543fa7fe9ae42deedc294d1c9d8f8d494fcd95b1ebfe,13648,3,True,False,0,True,True
household,/content/waste_datasets/household/garbage_classification/paper/paper623.jpg,paper,paper,True,512,384,RGB,a2089aadf06bc94fab7eac9ba166ad423eedd3a5e7fc2f5a337e5082eda9c6bf,13698,3,True,False,0,True,True
household,/content/waste_datasets/household/garbage_classification/paper/paper946.jpg,paper,paper,True,512,384,RGB,a21129d3f691b233235260d9c0de2f0f55f87f29d8f12a8a7e68690787a42e9a,20241,3,True,False,0,True,True
household,/content/waste_datasets/household/garbage_classification/paper/paper819.jpg,paper,paper,True,512,384,RGB,a244d24c0985d2cdcfde901d92279433871c00a9c6748efad3548106b1c94d24,14470,3,True,False,0,True,True
household,/content/waste_datasets/household/garbage_classification/white-glass/white-glass4.jpg,white-glass,glass,True,512,384,RGB,a263e31002bd5ce6d89ed570ea98effdc5a07bbb8940ecd549d30bd163e2a79a,17122,2,True,False,0,True,True
household,/content/waste_datasets/household/garbage_classification/metal/metal49.jpg,metal,metal,True,512,384,RGB,a268392fcb1c09478a6197f68de2a48de7156463ec032f172eefcaf33a48f66d,16970,3,True,False,0,True,True
household,/content/waste_datasets/household/garbage_classification/plastic/plastic670.jpg,plastic,plastic,True,512,384,RGB,a26e462649edc9bef4fea36cda86c8e8433219c03ac428a97243467c7dfddb82,13466,3,True,False,0,True,True
household,/content/waste_datasets/household/garbage_classification/paper/paper951.jpg,paper,paper,True,512,384,RGB,a29f26705f053e3cbcb729c05e56f63543a3aa37dffa5b125419ed357d6dade3,31696,3,True,False,0,True,True
household,/content/waste_datasets/household/garbage_classification/white-glass/white-glass175.jpg,white-glass,glass,True,512,384,RGB,a2ba78c23d76980675666183992f5e5cae2004bec40c979211be782f826b9726,14429,2,True,False,0,True,True
household,/content/waste_datasets/household/garbage_classification/plastic/plastic66.jpg,plastic,plastic,True,512,384,RGB,a2fad759fa0b1f15b8854474212ea194fa30325e2083aa58048b2fd06717f8a9,17619,3,True,False,0,True,True
household,/content/waste_datasets/household/garbage_classification/metal/metal396.jpg,metal,metal,True,512,384,RGB,a30654d04e0c1b003cf22d8c2301cc8e69247387ce1951f91d5ae823921424d0,13620,3,True,False,0,True,True
household,/content/waste_datasets/household/garbage_classification/cardboard/cardboard271.jpg,cardboard,cardboard,True,512,384,RGB,a338a6634227b5c862884d6370e44a2df0263fe442e5d12cde76cfdd3a2f6957,12714,3,True,False,0,True,True
household,/content/waste_datasets/household/garbage_classification/metal/metal89.jpg,metal,metal,True,512,384,RGB,a35b3d08ada679342504b59e4fd634e0d5c556e84b4688149dd39f4a8acf3162,21423,3,True,False,0,True,True
household,/content/waste_datasets/household/garbage_classification/metal/metal373.jpg,metal,metal,True,512,384,RGB,a37c6e33d5e00f633006e206c499d610f0782da676e5c9c7a157d27423f5cbb0,19569,3,True,False,0,True,True
household,/content/waste_datasets/household/garbage_classification/plastic/plastic858.jpg,plastic,plastic,True,512,384,RGB,a3858f8eeb36befa8c708c87e52bdb7bc9bdd20b73a4375fe6a856ca23ce6262,15496,3,True,False,0,True,True
household,/content/waste_datasets/household/garbage_classification/plastic/plastic61.jpg,plastic,plastic,True,512,384,RGB,a3c1692d2a4591cccb1257cdb4a5ce72095d22328d65cc8e0b1fae27c81cece5,7359,3,True,False,0,True,True
household,/content/waste_datasets/household/garbage_classification/plastic/plastic52.jpg,plastic,plastic,True,512,384,RGB,a42de206a88426c033ab5c2482a5ac7ec3e81ce1695fb8b7e4f08739f1f9f313,13131,3,True,False,0,True,True
household,/content/waste_datasets/household/garbage_classification/plastic/plastic293.jpg,plastic,plastic,True,512,384,RGB,a44cdb0309c5b2fd8ba2e7a1168b08b05cb4b8cbebda4a4e7a25e749afe93a99,15996,3,True,False,0,True,True
household,/content/waste_datasets/household/garbage_classification/paper/paper1046.jpg,paper,paper,True,512,384,RGB,a46ab9bf4e4533eee5976f7504e05aaea1cf61fcbbbf385c8c304df2524b3f85,9527,3,True,False,0,True,True
household,/content/waste_datasets/household/garbage_classification/plastic/plastic432.jpg,plastic,plastic,True,512,384,RGB,a472388faa1bd0fbcdf90086317b0ca67ca6516aebeb2289d816003b36de9a8f,12041,3,True,False,0,True,True
household,/content/waste_datasets/household/garbage_classification/white-glass/white-glass56.jpg,white-glass,glass,True,512,384,RGB,a49d1e40122001cf0740b594944094ccc4f3f7349846ffc4a699dc13b93ccf02,9677,2,True,False,0,True,True
household,/content/waste_datasets/household/garbage_classification/metal/metal371.jpg,metal,metal,True,512,384,RGB,a4a363db41aaf2fb6d23b30eb4aca248c076e8a6014cbbf4abe887093b4917f1,14905,3,True,False,0,True,True
household,/content/waste_datasets/household/garbage_classification/metal/metal51.jpg,metal,metal,True,512,384,RGB,a4d7df36d807f540e62fb91552e0a1926a8154c30c80fbf4207d4c1b845c4e6d,18891,3,True,False,0,True,True
household,/content/waste_datasets/household/garbage_classification/metal/metal466.jpg,metal,metal,True,512,384,RGB,a4dd81260ccf5dab859602e0a7cbde61503e0eff94f24a358005f4a80bce009f,19962,3,True,False,0,True,True
household,/content/waste_datasets/household/garbage_classification/plastic/plastic440.jpg,plastic,plastic,True,512,384,RGB,a4f4316eec3ad18387d1142d3f1c71a92824c2f1f385d777ba4fca1a2a1de2e9,19003,3,True,False,0,True,True
household,/content/waste_datasets/household/garbage_classification/plastic/plastic776.jpg,plastic,plastic,True,512,384,RGB,a4f6e17f8c565e8a319d01d67287cef90f4ff74b2c476f4492f52343e21d8137,10283,3,True,False,0,True,True
household,/content/waste_datasets/household/garbage_classification/paper/paper959.jpg,paper,paper,True,512,384,RGB,a5225d6c8997c630596ddd25720da37a47c61b991327a67707b99db4273b8651,43191,3,True,False,0,True,True
household,/content/waste_datasets/household/garbage_classification/plastic/plastic205.jpg,plastic,plastic,True,512,384,RGB,a548ff8e8a9b11e8751947c4507560c1722bddc86731b8e3bd05ddeb12fe4ad3,31443,3,True,False,0,True,True
household,/content/waste_datasets/household/garbage_classification/metal/metal163.jpg,metal,metal,True,512,384,RGB,a54fafd95ea51e34a588db8bc3c5df94d24070b023d9a108e733a4f4b1fa3401,25263,3,True,False,0,True,True
household,/content/waste_datasets/household/garbage_classification/paper/paper816.jpg,paper,paper,True,512,384,RGB,a570dce45bcc0a5fd458c816ba2e86d23ca96db1dee28dbb93529fe86fe3c95d,15923,3,True,False,0,True,True
household,/content/waste_datasets/household/garbage_classification/metal/metal439.jpg,metal,metal,True,512,384,RGB,a5837271a1ad74b66d6bb9ff679491efd25a4edc497ddbc8474f2f1e90ad8237,22172,3,True,False,0,True,True
household,/content/waste_datasets/household/garbage_classification/paper/paper590.jpg,paper,paper,True,512,384,RGB,a594f043637e0224639690b483b8201d2c4e62b664d69a441690fa90c1588642,17310,3,True,False,0,True,True
household,/content/waste_datasets/household/garbage_classification/plastic/plastic104.jpg,plastic,plastic,True,512,384,RGB,a5bcb37d1c6739e03fb16ef5f2b73c732cd3a5ce8d15ccd96891f0870a90f917,16582,3,True,False,0,True,True
household,/content/waste_datasets/household/garbage_classification/paper/paper798.jpg,paper,paper,True,512,384,RGB,a5dd71b4a11fb595b8e5e6e660d5efea4a8ab792365147305b1e9ad0445ddfd6,43454,3,True,False,0,True,True
household,/content/waste_datasets/household/garbage_classification/metal/metal102.jpg,metal,metal,True,512,384,RGB,a614934e492c15e458ff950a50133af5ff2d73f2b53d7a49598b8e0519cdb23f,18527,3,True,False,0,True,True
household,/content/waste_datasets/household/garbage_classification/brown-glass/brown-glass274.jpg,brown-glass,glass,True,512,384,RGB,a628149c45066502561a77573c71accbafc87018e1128282c2b8f4f5c464cf38,8700,3,True,False,0,True,True
household,/content/waste_datasets/household/garbage_classification/metal/metal345.jpg,metal,metal,True,512,384,RGB,a6444061a818dade7b0182dbeafad3c4856b0d1f88ff45c17b909b7cb910e327,9441,3,True,False,0,True,True
household,/content/waste_datasets/household/garbage_classification/paper/paper453.jpg,paper,paper,True,512,384,RGB,a662ba456e386945b85e1a6e6f36406e509fabd4ce75345fa3b765ec2815ca81,20039,3,True,False,0,True,True
household,/content/waste_datasets/household/garbage_classification/paper/paper646.jpg,paper,paper,True,512,384,RGB,a665df39b1e0ce2e3526531e26f9967a91ef4d98eff7058b8947b2c45d106b8d,14102,3,True,False,0,True,True
household,/content/waste_datasets/household/garbage_classification/metal/metal33.jpg,metal,metal,True,512,384,RGB,a686ac7ebf082b096d362654713571ded683da0355f6a8bfd58bfd96498dfa3d,19820,2,True,False,0,True,True
household,/content/waste_datasets/household/garbage_classification/metal/metal267.jpg,metal,metal,True,512,384,RGB,a6912d622b544a06d59817d8c956f9c3d03142fbfbb4161a56708fe95cb5e9c8,16972,3,True,False,0,True,True
household,/content/waste_datasets/household/garbage_classification/plastic/plastic183.jpg,plastic,plastic,True,512,384,RGB,a6aacb0d7b62bb26619618f2a15c88260dee68801abf72987c22e21f7cb87a85,13894,3,True,False,0,True,True
household,/content/waste_datasets/household/garbage_classification/cardboard/cardboard748.jpg,cardboard,cardboard,True,512,384,RGB,a6b0a3670259dd8027b06e87ae292e8eca1c87634d785e8949a42c7d19709f04,12535,3,True,False,0,True,True
household,/content/waste_datasets/household/garbage_classification/cardboard/cardboard135.jpg,cardboard,cardboard,True,512,384,RGB,a6b2370bb703f31cbf1e79ab9ef3e7f716a4579493b058a61fca85e37ae7157e,15835,3,True,False,0,True,True
household,/content/waste_datasets/household/garbage_classification/plastic/plastic773.jpg,plastic,plastic,True,512,384,RGB,a6b5c0650a6b5b6f2117fa074bc95b7766eebdf6fe27f177dcd9554458e58516,10717,3,True,False,0,True,True
household,/content/waste_datasets/household/garbage_classification/paper/paper783.jpg,paper,paper,True,512,384,RGB,a6b659138d8904930078cbcf24bf0793e5778b58614238b823a764b05f199e0f,35774,3,True,False,0,True,True
household,/content/waste_datasets/household/garbage_classification/cardboard/cardboard20.jpg,cardboard,cardboard,True,512,384,RGB,a6d3fd0f1fe12e064594e598ea1ebf4bf2357d3aeb657aff74302b129f003664,12895,3,True,False,0,True,True
household,/content/waste_datasets/household/garbage_classification/paper/paper605.jpg,paper,paper,True,512,384,RGB,a6fa00996e9716a707d8d2fcf7479706b0b23d76a095b9d55f7679d01cb39c3b,29813,3,True,False,0,True,True
household,/content/waste_datasets/household/garbage_classification/plastic/plastic260.jpg,plastic,plastic,True,512,384,RGB,a757686547b448c242c69d29e0d275202d88c38f90da022f0b9be25e86b87542,11506,3,True,False,0,True,True
household,/content/waste_datasets/household/garbage_classification/brown-glass/brown-glass154.jpg,brown-glass,glass,True,512,384,RGB,a7a226107ccdaeddbeb8e7397180d1f352ed98ac9a4ba1db83b000732a656b15,17020,2,True,False,0,True,True
household,/content/waste_datasets/household/garbage_classification/white-glass/white-glass103.jpg,white-glass,glass,True,512,384,RGB,a7b12b1cdc0e41d0d77c7e4dbfe941926307b047b5bbe60c2aef87676f50252d,24004,3,True,False,0,True,True
household,/content/waste_datasets/household/garbage_classification/metal/metal365.jpg,metal,metal,True,512,384,RGB,a7df0104bb93ac924ae1117df3ba3efde224cba388a060dc7846977e69bf5241,14796,3,True,False,0,True,True
household,/content/waste_datasets/household/garbage_classification/paper/paper930.jpg,paper,paper,True,512,384,RGB,a7ecdf4d6267cf7b4893e57e62b6b7b802810d6e93f6228a88e2415beabaa6b5,56565,3,True,False,0,True,True
household,/content/waste_datasets/household/garbage_classification/metal/metal216.jpg,metal,metal,True,512,384,RGB,a7f6e7ee0b6dfda49116da17608ae5d3f05a936111eef0266b6e51c702ec8132,19407,3,True,False,0,True,True
household,/content/waste_datasets/household/garbage_classification/paper/paper534.jpg,paper,paper,True,512,384,RGB,a848ab76a8047f94b61924a16727d9df39a7439c65bfe1d26e9a066e70cbcc6b,23972,3,True,False,0,True,True
household,/content/waste_datasets/household/garbage_classification/plastic/plastic304.jpg,plastic,plastic,True,512,384,RGB,a84ac2040a83ac6ddd90622dbd63a0109896421b5819d2f5c8aee72efa8d5f35,17742,3,True,False,0,True,True
household,/content/waste_datasets/household/garbage_classification/plastic/plastic322.jpg,plastic,plastic,True,512,384,RGB,a867799ac13e0eae93513015aa973f5f998e9bcc1a03eedd5958e171a5e56070,12868,2,True,False,0,True,True
household,/content/waste_datasets/household/garbage_classification/cardboard/cardboard249.jpg,cardboard,cardboard,True,512,384,RGB,a89c0cebb6f211b3da34d56832082e6bf3a1d03d0abb8d7b043a937e37eccbe1,16889,3,True,False,0,True,True
household,/content/waste_datasets/household/garbage_classification/plastic/plastic521.jpg,plastic,plastic,True,512,384,RGB,a8aafb65c4580c1f9f63280dab07f94791a7469edb7452d6fbbcb3b0ae0f7be6,7796,3,True,False,0,True,True
household,/content/waste_datasets/household/garbage_classification/metal/metal78.jpg,metal,metal,True,512,384,RGB,a8b26c9d5dd89b4c3f22424dc73dcca70b437d000121d4b1e69983fa214d1467,7209,3,True,False,0,True,True
household,/content/waste_datasets/household/garbage_classification/metal/metal260.jpg,metal,metal,True,512,384,RGB,a8c75d9475f6d0dd16a6f68c800d37d8910e74f23240d0510e47532239027714,9264,3,True,False,0,True,True
household,/content/waste_datasets/household/garbage_classification/brown-glass/brown-glass232.jpg,brown-glass,glass,True,512,384,RGB,a8f78387c605a6fb821a5eafa75cad13a1e52d1c61d55f38a399972cc8805ade,10661,3,True,False,0,True,True
household,/content/waste_datasets/household/garbage_classification/plastic/plastic277.jpg,plastic,plastic,True,512,384,RGB,a9000094b5f3fd0ad35c9126cad270a62011c3135f6e55bcc68f19e9356946fc,19593,3,True,False,0,True,True
household,/content/waste_datasets/household/garbage_classification/cardboard/cardboard127.jpg,cardboard,cardboard,True,512,384,RGB,a90c9f2ee92075b333d024f9a63148b59fa4ea79c7bdfc4eb8e80c4bda89b9ad,21856,3,True,False,0,True,True
household,/content/waste_datasets/household/garbage_classification/plastic/plastic534.jpg,plastic,plastic,True,512,384,RGB,a958771cab8ecb665a768a1b9e1605f289f4beab74938d1255ac3e04fe77cf14,23065,3,True,False,0,True,True
household,/content/waste_datasets/household/garbage_classification/white-glass/white-glass105.jpg,white-glass,glass,True,512,384,RGB,a9651b6a9339df4f29eab974ef39b088c3aee497cac561c64a411b01d98c7d16,12800,3,True,False,0,True,True
household,/content/waste_datasets/household/garbage_classification/green-glass/green-glass43.jpg,green-glass,glass,True,512,384,RGB,a9abae3cfbf6bde6fd8b546e4c2ec4ecb2b0916c04345a568f2596e08641cd54,10383,3,True,False,0,True,True
household,/content/waste_datasets/household/garbage_classification/cardboard/cardboard300.jpg,cardboard,cardboard,True,512,384,RGB,a9cf8d4031615579cb9a8a1432bda79d3a88c839ce70f996a4b0cdbce2a34da8,20169,3,True,False,0,True,True
household,/content/waste_datasets/household/garbage_classification/paper/paper580.jpg,paper,paper,True,512,384,RGB,a9f5691e645a1d36673c7b390557f391c7ea4ddda2a12ed6932974fd205327ea,9489,3,True,False,0,True,True
household,/content/waste_datasets/household/garbage_classification/white-glass/white-glass206.jpg,white-glass,glass,True,512,384,RGB,aa0e9e718503daa5fc811cd93c9c0156974e48138d6ffebdbe2ce7f9b41e2c95,13470,2,True,False,0,True,True
household,/content/waste_datasets/household/garbage_classification/metal/metal42.jpg,metal,metal,True,512,384,RGB,aa2689a72942dac4d570b77925a5ad0dcb71ac18b83404396da3356a2f30d02f,17261,3,True,False,0,True,True
household,/content/waste_datasets/household/garbage_classification/paper/paper789.jpg,paper,paper,True,512,384,RGB,aaa74f86e55a07aa644fba3d3693d525099444d717e0ad735aad08f354320ddc,11788,3,True,False,0,True,True
household,/content/waste_datasets/household/garbage_classification/plastic/plastic10.jpg,plastic,plastic,True,512,384,RGB,aab36d5a8153cdf5533467fffdb0fa843ed0db87f46bbd19f0f634eb2fde11fc,15943,3,True,False,0,True,True
household,/content/waste_datasets/household/garbage_classification/paper/paper777.jpg,paper,paper,True,512,384,RGB,aab642022b02980535cf7d9688324b1458f4f5e14e3f70cad1e2b276788fa186,12002,3,True,False,0,True,True
household,/content/waste_datasets/household/garbage_classification/paper/paper514.jpg,paper,paper,True,512,384,RGB,aac615f56e68623e06dede09bb4a555a78f3e57fd0a91c7a290ec04f6d240863,29764,3,True,False,0,True,True
household,/content/waste_datasets/household/garbage_classification/paper/paper778.jpg,paper,paper,True,512,384,RGB,aac6c82882e77dd83779c02adb71dfac25c28b4e9a67e17c0914d0fa913bc12e,39850,3,True,False,0,True,True
household,/content/waste_datasets/household/garbage_classification/paper/paper20.jpg,paper,paper,True,512,384,RGB,aad615f569f964529ee967722731f5323ae02f10f7cd21ce1214b4e7fd87152f,24771,3,True,False,0,True,True
household,/content/waste_datasets/household/garbage_classification/plastic/plastic5.jpg,plastic,plastic,True,512,384,RGB,aae0d683f6e9b3272b7945a1f4f095e65919df7056d7d6756d174a407a68fc19,10679,3,True,False,0,True,True
household,/content/waste_datasets/household/garbage_classification/paper/paper925.jpg,paper,paper,True,512,384,RGB,aae61ce624c9648ed92d509eec4d36d0caf7825f064ca460533e0bbe8d3cbe3c,23278,3,True,False,0,True,True
household,/content/waste_datasets/household/garbage_classification/white-glass/white-glass6.jpg,white-glass,glass,True,512,384,RGB,aaf5e70abc0b9ccd6eb85d220bdd97a64b7f8e91391ded59a8ba1828d73c5cd8,12682,3,True,False,0,True,True
household,/content/waste_datasets/household/garbage_classification/white-glass/white-glass757.jpg,white-glass,glass,True,512,384,RGB,aaf789bac9bdad7cb409a3733ada74c80e76eefa58fd415aa70cbdd159e9bd72,10672,2,True,False,0,True,True
household,/content/waste_datasets/household/garbage_classification/paper/paper559.jpg,paper,paper,True,512,384,RGB,ab55e286ea628b5c911dd454fd37b0e64222900e7e27df41417f378d3c62299f,12548,3,True,False,0,True,True
household,/content/waste_datasets/household/garbage_classification/paper/paper858.jpg,paper,paper,True,512,384,RGB,ab61a29f1b2d8316d13160a649f2d0682854f9b3be842f657536b6b52f134ed9,26090,3,True,False,0,True,True
household,/content/waste_datasets/household/garbage_classification/metal/metal195.jpg,metal,metal,True,512,384,RGB,ab6e62249c7a90795afe3420b50ea141a8d8fd7bc1ea162d7d6660978feee123,15953,3,True,False,0,True,True
household,/content/waste_datasets/household/garbage_classification/paper/paper602.jpg,paper,paper,True,512,384,RGB,ab9bddabf300d8da615bb2d652ef81c4cf198102db42a47d66b09a3d0ddd6561,18866,3,True,False,0,True,True
household,/content/waste_datasets/household/garbage_classification/metal/metal343.jpg,metal,metal,True,512,384,RGB,aba527ea42a5cae52993339b9fdeb8bfec8b191a471aae2731f91c56716bde0c,19080,3,True,False,0,True,True
household,/content/waste_datasets/household/garbage_classification/cardboard/cardboard212.jpg,cardboard,cardboard,True,512,384,RGB,abb69d945dbc094ff1bc3106dea049b049db52d5f2c840bedccbce030b4e5271,18424,3,True,False,0,True,True
household,/content/waste_datasets/household/garbage_classification/white-glass/white-glass44.jpg,white-glass,glass,True,512,384,RGB,abba391aed4dc16b98cd8d760275783319672368d9cc928167be3c821ce16d8c,12436,3,True,False,0,True,True
household,/content/waste_datasets/household/garbage_classification/plastic/plastic371.jpg,plastic,plastic,True,512,384,RGB,abbccf8c17594905bb7d3234f7e83b0df4783cfb97595da6c3cddbf0021ea646,7181,2,True,False,0,True,True
household,/content/waste_datasets/household/garbage_classification/plastic/plastic278.jpg,plastic,plastic,True,512,384,RGB,abf29f030ad600d7ad368fb31dc35a060dca16c1f19f6b610e7908a48d905e29,22147,3,True,False,0,True,True
household,/content/waste_datasets/household/garbage_classification/paper/paper573.jpg,paper,paper,True,512,384,RGB,ac0ebc670aa84fce46d894b448bd0e09e0245ca227630ffc32690c99f5f6841d,19940,3,True,False,0,True,True
household,/content/waste_datasets/household/garbage_classification/plastic/plastic171.jpg,plastic,plastic,True,512,384,RGB,ac16c747706a759a7010c88466769ecd70a9d0348f6e80e68d58b567e4fdf1c6,7786,3,True,False,0,True,True
household,/content/waste_datasets/household/garbage_classification/paper/paper572.jpg,paper,paper,True,512,384,RGB,ac28c3d7ef747cb7f08388de9a74ca711f53b2cf7d2ba9348e7775a16734bdb3,35192,3,True,False,0,True,True
household,/content/waste_datasets/household/garbage_classification/white-glass/white-glass37.jpg,white-glass,glass,True,512,384,RGB,ac75f12b8c64c81a4780b0740b163f0129d7f736f32d87dfdad5c309cfc19cf5,15356,3,True,False,0,True,True
household,/content/waste_datasets/household/garbage_classification/cardboard/cardboard61.jpg,cardboard,cardboard,True,512,384,RGB,acb9a6c78aa943b8a65dbdd1a86494a863639240370bdf43450bf9de07ee6624,8700,3,True,False,0,True,True
household,/content/waste_datasets/household/garbage_classification/paper/paper955.jpg,paper,paper,True,512,384,RGB,acd37b751c0377de7642ef50be32bb147ebf30938e81a185d37b824b52a4033e,16309,3,True,False,0,True,True
household,/content/waste_datasets/household/garbage_classification/paper/paper865.jpg,paper,paper,True,512,384,RGB,ad20da3d35c1d67dff131edbb2c6c06c0d17280243994a6354402626eaa2ae07,19646,3,True,False,0,True,True
household,/content/waste_datasets/household/garbage_classification/plastic/plastic357.jpg,plastic,plastic,True,512,384,RGB,ad299921a80a27a58d01757bd887dd9c255ecf55ff18ef6fc4d97e03aceee118,7447,3,True,False,0,True,True
household,/content/waste_datasets/household/garbage_classification/paper/paper891.jpg,paper,paper,True,512,384,RGB,ad46e70091c6eb11b49e3f288de4ea4a8ef2e6d8fef7c5944b96a358486c1cf8,11654,3,True,False,0,True,True
household,/content/waste_datasets/household/garbage_classification/cardboard/cardboard168.jpg,cardboard,cardboard,True,512,384,RGB,ad5db05d8cd20a051b84b0354659e462dfd9709febbc88c9d2d1acac5ff7b3f6,26389,3,True,False,0,True,True
household,/content/waste_datasets/household/garbage_classification/paper/paper965.jpg,paper,paper,True,512,384,RGB,ad73f6f573594005df19893af48a002c721a9478e8c14a68e9f39503e28edd04,12582,3,True,False,0,True,True
household,/content/waste_datasets/household/garbage_classification/paper/paper784.jpg,paper,paper,True,512,384,RGB,ad799541adfdb4d15a5975a2479d567e0f333c97f42bd3922a6e96c5b9230949,29040,3,True,False,0,True,True
household,/content/waste_datasets/household/garbage_classification/cardboard/cardboard145.jpg,cardboard,cardboard,True,512,384,RGB,ad9125050e6d448ce7acc3db28b7a0ff3b8c05438276d1752608fe83e09e174e,22453,3,True,False,0,True,True
household,/content/waste_datasets/household/garbage_classification/paper/paper1011.jpg,paper,paper,True,512,384,RGB,ada930715b7283772c19ddea06bbb12e936db535682644e692a6c360af4d2ce4,41946,3,True,False,0,True,True
household,/content/waste_datasets/household/garbage_classification/paper/paper759.jpg,paper,paper,True,512,384,RGB,adca32db9071efb83f74dc67072f3177ffcf098ddc8785c6ccb37ae226ceb287,23388,3,True,False,0,True,True
household,/content/waste_datasets/household/garbage_classification/green-glass/green-glass384.jpg,green-glass,glass,True,512,384,RGB,ae648a635864eaf0812810784f4e5dcf292933ca6ee1afb86724d3e565d5b7ea,18734,3,True,False,0,True,True
household,/content/waste_datasets/household/garbage_classification/metal/metal189.jpg,metal,metal,True,512,384,RGB,ae829074a4a12f101a795f4c6e52158a6495da176ee511cd31f987fc05cea71f,13358,3,True,False,0,True,True
household,/content/waste_datasets/household/garbage_classification/plastic/plastic297.jpg,plastic,plastic,True,512,384,RGB,aebc35a0a781aaac200e8407a93a7ba9a532ed6a9f2198d47241471cc69f5e8c,7194,3,True,False,0,True,True
household,/content/waste_datasets/household/garbage_classification/metal/metal464.jpg,metal,metal,True,512,384,RGB,aec06e44653c156cf4559b430a06c74ffc65a20f4ce75e38e5c4c737c8390b4e,10808,3,True,False,0,True,True
household,/content/waste_datasets/household/garbage_classification/paper/paper537.jpg,paper,paper,True,512,384,RGB,aed809992a5c71fc33b077e410c9ecb630033b28295682aaa15d08f5f08f2b63,13179,3,True,False,0,True,True
household,/content/waste_datasets/household/garbage_classification/cardboard/cardboard726.jpg,cardboard,cardboard,True,512,384,RGB,aeef14b55de1b144084e8c760d2353476589ab96310af05ab3efc395eabf2fb4,19498,3,True,False,0,True,True
household,/content/waste_datasets/household/garbage_classification/white-glass/white-glass672.jpg,white-glass,glass,True,512,384,RGB,af01c6d84a461d5e396f6eefabcbfb628cd3e07ed8d2fded241a7924976695ec,11916,3,True,False,0,True,True
household,/content/waste_datasets/household/garbage_classification/brown-glass/brown-glass239.jpg,brown-glass,glass,True,512,384,RGB,af12f267b156bead9d63532af706e069814b4fedba2fac77cfc411770cd31153,16540,3,True,False,0,True,True
household,/content/waste_datasets/household/garbage_classification/metal/metal85.jpg,metal,metal,True,512,384,RGB,af194e858fb023503cee852e9448174ed81ddfd6144a0d3b5d82ccf35bdbcae4,15758,3,True,False,0,True,True
household,/content/waste_datasets/household/garbage_classification/paper/paper576.jpg,paper,paper,True,512,384,RGB,af21e4fb3a8668ccf5a3426f676a05e78eeeb6314ff9c2cc2cde19e1354b8eba,40129,3,True,False,0,True,True
household,/content/waste_datasets/household/garbage_classification/metal/metal430.jpg,metal,metal,True,512,384,RGB,af49fd0677db625844199f24ff7ca542e5a2fbbb174839d57ae3ac034fcb28b7,11483,3,True,False,0,True,True
household,/content/waste_datasets/household/garbage_classification/cardboard/cardboard99.jpg,cardboard,cardboard,True,512,384,RGB,af69f4ef54e473917c663ac4ec761bbc8b054733f5eea6978d8a1a1446848d15,13675,3,True,False,0,True,True
household,/content/waste_datasets/household/garbage_classification/brown-glass/brown-glass174.jpg,brown-glass,glass,True,512,384,RGB,af9a4dd92be8a8bbe9123c51acd35a11b01dc18f6703bb0ccfe0f5d735748014,9337,3,True,False,0,True,True
household,/content/waste_datasets/household/garbage_classification/plastic/plastic101.jpg,plastic,plastic,True,512,384,RGB,afa02cdb3ad470cf5bb1a5ee4d6297d3b0228ee7e2e48fc5973370f91dddcb46,10318,3,True,False,0,True,True
household,/content/waste_datasets/household/garbage_classification/cardboard/cardboard292.jpg,cardboard,cardboard,True,512,384,RGB,afa0b403935cd2ae6e7eeea6403cf0c49720b0104aa6eda122189631c5995e6f,19491,3,True,False,0,True,True
household,/content/waste_datasets/household/garbage_classification/plastic/plastic512.jpg,plastic,plastic,True,512,384,RGB,aff2c03bafe7c1efcb645ad0b57114df478f5f04aaeae15d16354e414f2445eb,8029,3,True,False,0,True,True
household,/content/waste_datasets/household/garbage_classification/paper/paper1021.jpg,paper,paper,True,512,384,RGB,afffd4d9451b375e6907fc1d9b6a4ea4cdb04f9d10694321249aa8c4e0e5fcb5,25717,3,True,False,0,True,True
household,/content/waste_datasets/household/garbage_classification/paper/paper569.jpg,paper,paper,True,512,384,RGB,b02455643fd5c498f1e8502bf3772bebd72eb4df2a98ca3c77ba0d36a3df1fab,21363,3,True,False,0,True,True
household,/content/waste_datasets/household/garbage_classification/metal/metal321.jpg,metal,metal,True,512,384,RGB,b0546d9b6adcb589de61b9ac2340bde30dbcfb2bed0e099d5caaa682c859398c,22647,3,True,False,0,True,True
household,/content/waste_datasets/household/garbage_classification/cardboard/cardboard201.jpg,cardboard,cardboard,True,512,384,RGB,b07444b5c289f4c8562828a1c3f397d0d3f2fa4a99324273ed9b3f58a1871d3c,16097,3,True,False,0,True,True
household,/content/waste_datasets/household/garbage_classification/plastic/plastic398.jpg,plastic,plastic,True,512,384,RGB,b086f7eb43ec7d3b990c5e1a4250ac23472c4b79b093fb5d33b3bcac75ea072e,7747,2,True,False,0,True,True
household,/content/waste_datasets/household/garbage_classification/white-glass/white-glass107.jpg,white-glass,glass,True,512,384,RGB,b090b5f2c9ab3782bcc0ec877e810f19ea109dc7f69609f9e6aca742aa631410,12589,3,True,False,0,True,True
household,/content/waste_datasets/household/garbage_classification/paper/paper808.jpg,paper,paper,True,512,384,RGB,b09477db1fff5f30de4df1e23e2d951a850ebbfd6353bf14b6e20be2b96ee106,10467,3,True,False,0,True,True
household,/content/waste_datasets/household/garbage_classification/white-glass/white-glass118.jpg,white-glass,glass,True,512,384,RGB,b0b252804483f0bc2a6ad95936a16c95961c28558dd5733d3f930d8d26036c6b,20102,3,True,False,0,True,True
household,/content/waste_datasets/household/garbage_classification/cardboard/cardboard25.jpg,cardboard,cardboard,True,512,384,RGB,b0b9350d49745175d4eb74ee742e7e82258dda7ec25eed333de1911736e6bf67,18238,2,True,False,0,True,True
household,/content/waste_datasets/household/garbage_classification/plastic/plastic323.jpg,plastic,plastic,True,512,384,RGB,b0dbf76688a902b77194dc78f8fb422ae6372bae747a9c6df479c930ce58c13a,7445,3,True,False,0,True,True
household,/content/waste_datasets/household/garbage_classification/cardboard/cardboard118.jpg,cardboard,cardboard,True,512,384,RGB,b109571aaa56f308851fd848e61484c62477c0082e9420d2a6966e0c96dbffb1,15390,3,True,False,0,True,True
household,/content/waste_datasets/household/garbage_classification/metal/metal380.jpg,metal,metal,True,512,384,RGB,b1129a325bac824818c54397630ee81a7e7128535c8b47f621381ab89e41fd76,13496,3,True,False,0,True,True
household,/content/waste_datasets/household/garbage_classification/metal/metal186.jpg,metal,metal,True,512,384,RGB,b135bd2ebbcaccd4f1e134372bf85e177d3f42afa5415758a9e4c615c57d8607,18884,3,True,False,0,True,True
household,/content/waste_datasets/household/garbage_classification/paper/paper840.jpg,paper,paper,True,512,384,RGB,b138992a593c8edd743db9d00f837e6297afff3796314d1429069fbb51bafc87,11757,3,True,False,0,True,True
household,/content/waste_datasets/household/garbage_classification/plastic/plastic71.jpg,plastic,plastic,True,512,384,RGB,b1480abb8251b9e4f1227ad91b41d089ba58e3ed312be800958a27f57789751a,15035,3,True,False,0,True,True
household,/content/waste_datasets/household/garbage_classification/metal/metal61.jpg,metal,metal,True,512,384,RGB,b152ec937b301f5eb955c08b2fab4ada9ea7d84a2f238294b211c30a62d1c342,23407,3,True,False,0,True,True
household,/content/waste_datasets/household/garbage_classification/plastic/plastic388.jpg,plastic,plastic,True,512,384,RGB,b1799161a0dd174a06a9db28aa24d4f16deab2323fefdab2ced227ebe0349024,13065,3,True,False,0,True,True
household,/content/waste_datasets/household/garbage_classification/paper/paper994.jpg,paper,paper,True,512,384,RGB,b186bdf63509f0e177ad7b9412666a8422b0c968b00e0e7f28e46ef493e4c8b7,8632,3,True,False,0,True,True
household,/content/waste_datasets/household/garbage_classification/paper/paper989.jpg,paper,paper,True,512,384,RGB,b1873815e7343f96ce71943ba13d0de9acdffcb3daaf61d6a5293ea91e580ca7,14819,3,True,False,0,True,True
household,/content/waste_datasets/household/garbage_classification/white-glass/white-glass83.jpg,white-glass,glass,True,512,384,RGB,b196fbf78445391dea3d9099d39697f9ecdefa76f8ee911e16e324c792b8534d,11041,3,True,False,0,True,True
household,/content/waste_datasets/household/garbage_classification/plastic/plastic266.jpg,plastic,plastic,True,512,384,RGB,b199b2ad9a3bc7a28ba3c55662a0e4c4695984c5c6aa795826733c9ecb093479,10165,3,True,False,0,True,True
household,/content/waste_datasets/household/garbage_classification/paper/paper462.jpg,paper,paper,True,512,384,RGB,b19db665c34279d49210e88485e501283f84c58ed270003e4ee4fb7b0e7e44ea,42462,3,True,False,0,True,True
household,/content/waste_datasets/household/garbage_classification/brown-glass/brown-glass236.jpg,brown-glass,glass,True,512,384,RGB,b1a2793b62f7ecca9de42562d84da7490151d79bf94bd6ffffb661aac184b44e,11624,3,True,False,0,True,True
household,/content/waste_datasets/household/garbage_classification/metal/metal355.jpg,metal,metal,True,512,384,RGB,b1bc4ced340dbca3ee419e140cadc68991ae80a903fa6a326c8fa0d93caf4d3c,20818,3,True,False,0,True,True
household,/content/waste_datasets/household/garbage_classification/white-glass/white-glass12.jpg,white-glass,glass,True,512,384,RGB,b1e25090da37ca1424b754d5a7b8fa467295b88c9648bf0d184e166514ef7360,7330,3,True,False,0,True,True
household,/content/waste_datasets/household/garbage_classification/paper/paper610.jpg,paper,paper,True,512,384,RGB,b1ec5fa3d15a58a0da6346ce8c2854eaac0cc764ceefc8d1d19e14c0c538236b,42554,3,True,False,0,True,True
household,/content/waste_datasets/household/garbage_classification/green-glass/green-glass14.jpg,green-glass,glass,True,512,384,RGB,b209df41ef8cf844aba8190a2655dc1d080f6409e541bf37d176773ebadc78b7,17099,2,True,False,0,True,True
household,/content/waste_datasets/household/garbage_classification/plastic/plastic173.jpg,plastic,plastic,True,512,384,RGB,b210e88fda29ae9f02d7497eb3f7dd9d7dbc22e0acbc93226a020f17930b34a9,18078,3,True,False,0,True,True
household,/content/waste_datasets/household/garbage_classification/metal/metal351.jpg,metal,metal,True,512,384,RGB,b219affc816aeb248e919ea67c178b09a785290c46bdc84153e55bfec5f78209,10976,3,True,False,0,True,True
household,/content/waste_datasets/household/garbage_classification/plastic/plastic76.jpg,plastic,plastic,True,512,384,RGB,b21a383cdc95334871f941e2fab170ad41e57e62caa29d1bbd022b669ef424c7,16920,3,True,False,0,True,True
household,/content/waste_datasets/household/garbage_classification/plastic/plastic332.jpg,plastic,plastic,True,512,384,RGB,b21d41aaed31fa3ba75330f2181288de824cc71bbda01b29b3a35e0c5875ca24,15573,3,True,False,0,True,True
household,/content/waste_datasets/household/garbage_classification/cardboard/cardboard295.jpg,cardboard,cardboard,True,512,384,RGB,b225fefcc1067d4c489a0cc77e91adde71aa89d32472680b2d54498a36c70188,12126,3,True,False,0,True,True
household,/content/waste_datasets/household/garbage_classification/white-glass/white-glass193.jpg,white-glass,glass,True,512,384,RGB,b24337b35cb4a8dda89d38213aadd2ff0037916838140ba19d1fc5d018d4c297,10431,3,True,False,0,True,True
household,/content/waste_datasets/household/garbage_classification/paper/paper913.jpg,paper,paper,True,512,384,RGB,b25471c824a5539c5168ea97eb25bf652ab63e9bc1a930c96670c20a4d68fc70,25071,3,True,False,0,True,True
household,/content/waste_datasets/household/garbage_classification/paper/paper491.jpg,paper,paper,True,512,384,RGB,b26ba9d2aa251f9ed74d4f9b7bbb37eb2b3ee1c921501c5c279ee50194878916,18816,3,True,False,0,True,True
household,/content/waste_datasets/household/garbage_classification/paper/paper535.jpg,paper,paper,True,512,384,RGB,b2892e9d84b2d5a721a98afc2276a839c4dfd414a721d2da004032e2023faf4b,18222,3,True,False,0,True,True
household,/content/waste_datasets/household/garbage_classification/white-glass/white-glass155.jpg,white-glass,glass,True,512,384,RGB,b2f6fc320df5a2e21f07e4a7dc8927e99c505c2630ed036ef4fce8f1156600e4,24719,3,True,False,0,True,True
household,/content/waste_datasets/household/garbage_classification/brown-glass/brown-glass254.jpg,brown-glass,glass,True,512,384,RGB,b31787474106c9702de3481c327a41adbddb65e0e7f1db2fcb62abb12b37075b,10633,3,True,False,0,True,True
household,/content/waste_datasets/household/garbage_classification/metal/metal314.jpg,metal,metal,True,512,384,RGB,b323750ec17bb7cbe0609ba18c07dc966cdd2ab2063f1ad323f4bc7d589c542c,13785,3,True,False,0,True,True
household,/content/waste_datasets/household/garbage_classification/plastic/plastic108.jpg,plastic,plastic,True,512,384,RGB,b351129a596213f3b020cb63230fa6e0698e9fe20f9b8bb9d023f4ecf3aa436c,15738,3,True,False,0,True,True
household,/content/waste_datasets/household/garbage_classification/green-glass/green-glass189.jpg,green-glass,glass,True,512,384,RGB,b3585984de7bd265b238537b2c57713ab62d3db03e98a81c0b5973b74540b2fa,14592,3,True,False,0,True,True
household,/content/waste_datasets/household/garbage_classification/metal/metal169.jpg,metal,metal,True,512,384,RGB,b36d4c7a1de6800f7802569f65fc7b6f49b15fab942943c17a33fb769458b8d2,16705,3,True,False,0,True,True
household,/content/waste_datasets/household/garbage_classification/paper/paper738.jpg,paper,paper,True,512,384,RGB,b3941029581e0d870c0611ac7cb7d59582d6e7f8c0405730ce392f953a173b66,18885,3,True,False,0,True,True
household,/content/waste_datasets/household/garbage_classification/brown-glass/brown-glass194.jpg,brown-glass,glass,True,512,384,RGB,b39aa12f708cfe510fed276ed590eed15b6630d2ddd258ce455c88eee39e4dca,14576,3,True,False,0,True,True
household,/content/waste_datasets/household/garbage_classification/white-glass/white-glass153.jpg,white-glass,glass,True,512,384,RGB,b39b231915cc0a2ce4e871d9675408bd83180754c3e6f76709537a4531b51a92,11191,3,True,False,0,True,True
household,/content/waste_datasets/household/garbage_classification/paper/paper662.jpg,paper,paper,True,512,384,RGB,b3a509ba195dbcd85c4dc712ecca234a565b43e234b7690838f93db523016dea,17135,3,True,False,0,True,True
household,/content/waste_datasets/household/garbage_classification/plastic/plastic117.jpg,plastic,plastic,True,512,384,RGB,b3b078bd4f10cc51f22f60357c7210be7c4dd6e151ac8202a1db9c6a3a52f990,7884,3,True,False,0,True,True
household,/content/waste_datasets/household/garbage_classification/metal/metal284.jpg,metal,metal,True,512,384,RGB,b3c7a9f37fe4da737d9194e3199eb310fdb025b100977d0013934c873f1b69a2,50342,3,True,False,0,True,True
household,/content/waste_datasets/household/garbage_classification/plastic/plastic365.jpg,plastic,plastic,True,512,384,RGB,b3c8c568c58070c6a3f7a5d14bf153086c2982c1f35528cb90d7f64ddd33a852,17907,2,True,False,0,True,True
household,/content/waste_datasets/household/garbage_classification/cardboard/cardboard33.jpg,cardboard,cardboard,True,512,384,RGB,b3c979a3f4b7246548b51ee34782dfab7e146a569511f62bca9b11701460c951,12336,3,True,False,0,True,True
household,/content/waste_datasets/household/garbage_classification/brown-glass/brown-glass211.jpg,brown-glass,glass,True,512,384,RGB,b3f0068e9b748fe0675042fade8db77ca0700a205aee04f098db00de39d2163d,9716,3,True,False,0,True,True
household,/content/waste_datasets/household/garbage_classification/metal/metal372.jpg,metal,metal,True,512,384,RGB,b3fd958da7033b2ea056bd917fc0eebb19874c238ee3873e3c131e3c7890cc92,30853,3,True,False,0,True,True
household,/content/waste_datasets/household/garbage_classification/metal/metal200.jpg,metal,metal,True,512,384,RGB,b405aaeedbe83e6fe8dfcb0d9ce292a680e5870ff5482b45c6b2b2cea2b22324,34771,3,True,False,0,True,True
household,/content/waste_datasets/household/garbage_classification/cardboard/cardboard51.jpg,cardboard,cardboard,True,512,384,RGB,b41f4388df1476e62b5c2bf9b568764a3a74d3ae45a3bcb7a1ad03b493fa9c0b,21716,3,True,False,0,True,True
household,/content/waste_datasets/household/garbage_classification/cardboard/cardboard46.jpg,cardboard,cardboard,True,512,384,RGB,b4618ec2441a57414e3080c66e35137ee240aa6588342f61b98ff55a2920b923,17368,3,True,False,0,True,True
household,/content/waste_datasets/household/garbage_classification/paper/paper708.jpg,paper,paper,True,512,384,RGB,b4748ebd7addc4a9f05df348572f3b1fc8a39d9cea94edf0250b883de9d53640,36103,3,True,False,0,True,True
household,/content/waste_datasets/household/garbage_classification/paper/paper521.jpg,paper,paper,True,512,384,RGB,b4a45bcd452c3d524cda9ee2dd2ea89b065d61fe3eabeede4729eeeb746a97c1,28308,3,True,False,0,True,True
household,/content/waste_datasets/household/garbage_classification/metal/metal181.jpg,metal,metal,True,512,384,RGB,b4b65449c9b9d7f98ce5f304a51f8241a4a3bce4b57d44418670e298d715a31f,12775,3,True,False,0,True,True
household,/content/waste_datasets/household/garbage_classification/paper/paper480.jpg,paper,paper,True,512,384,RGB,b4cf5bdf570950bf07857cb026e3288eea97e862023042248b7cd42b571db517,15677,2,True,False,0,True,True
household,/content/waste_datasets/household/garbage_classification/paper/paper551.jpg,paper,paper,True,512,384,RGB,b4de69dc4cf31f6874d209614426fc8c1601cbf497f9809500cebc607271cfff,14610,2,True,False,0,True,True
household,/content/waste_datasets/household/garbage_classification/plastic/plastic23.jpg,plastic,plastic,True,512,384,RGB,b4eab673b773e0025ec0cc31b13705325713a712050c17b2eae710519f92aff8,18580,3,True,False,0,True,True
household,/content/waste_datasets/household/garbage_classification/paper/paper803.jpg,paper,paper,True,512,384,RGB,b5156dee24cf3c9401b7b45bf9f523145d8b30ac5dc9cf688ca5dd2360bc9c31,6917,3,True,False,0,True,True
household,/content/waste_datasets/household/garbage_classification/cardboard/cardboard174.jpg,cardboard,cardboard,True,512,384,RGB,b57558462cb51318b46f8990bd3cf6ff9acb410f4941a84dec453e03354408c9,11163,3,True,False,0,True,True
household,/content/waste_datasets/household/garbage_classification/paper/paper873.jpg,paper,paper,True,512,384,RGB,b58a23ed92849833655c0e6d7f67c786ccd95cb09ec2e4826d620cf0a9540e69,31404,3,True,False,0,True,True
household,/content/waste_datasets/household/garbage_classification/white-glass/white-glass768.jpg,white-glass,glass,True,512,384,RGB,b595cad8529817e670420280fbb0bd4a6717c521310b91424a3ec56cf8b9937b,9430,3,True,False,0,True,True
household,/content/waste_datasets/household/garbage_classification/brown-glass/brown-glass296.jpg,brown-glass,glass,True,512,384,RGB,b598653ead82a29e42e12039c3865f5d120832a30fdaba7b8f6cc5efee270022,12641,3,True,False,0,True,True
household,/content/waste_datasets/household/garbage_classification/white-glass/white-glass43.jpg,white-glass,glass,True,512,384,RGB,b598e060b6ab583b586aa2b402a4c0303f33300daef0b1edaf2e630b82d2aa61,14740,3,True,False,0,True,True
household,/content/waste_datasets/household/garbage_classification/cardboard/cardboard314.jpg,cardboard,cardboard,True,512,384,RGB,b5df0d59ee6a777b7d7d503802eaa1bfd97c4fa1c7238dac4fb2280cd472cc37,25182,3,True,False,0,True,True
household,/content/waste_datasets/household/garbage_classification/cardboard/cardboard19.jpg,cardboard,cardboard,True,512,384,RGB,b5ead8ef7426dff4f6c3851044cac9cdc96297c4a11d8abc5e48f701213efc88,16035,3,True,False,0,True,True
household,/content/waste_datasets/household/garbage_classification/plastic/plastic237.jpg,plastic,plastic,True,512,384,RGB,b60c1808e1fdae7723c3bc4239b793ee77dc6bbd7c591e79fe98c72ce2fb1d2b,19266,3,True,False,0,True,True
household,/content/waste_datasets/household/garbage_classification/paper/paper964.jpg,paper,paper,True,512,384,RGB,b60d9d17bc14273941b2f1df9dff2fca612146ebd5eff495498138d8cbf58e55,31807,3,True,False,0,True,True
household,/content/waste_datasets/household/garbage_classification/brown-glass/brown-glass177.jpg,brown-glass,glass,True,512,384,RGB,b6255cc25b7ffe34a6ea30c8f4f5dc263ba9a415c3ee403532c58d31023fe3ec,9459,3,True,False,0,True,True
household,/content/waste_datasets/household/garbage_classification/metal/metal288.jpg,metal,metal,True,512,384,RGB,b637cef7074907a5a1baa9703e1b7ad4cacda649cf66799e63376747be327e95,15619,3,True,False,0,True,True
household,/content/waste_datasets/household/garbage_classification/cardboard/cardboard163.jpg,cardboard,cardboard,True,512,384,RGB,b65499a31b3227a11cf6ed1143c12d54ddd51424f4b2906bb38ad76d26dec885,22068,3,True,False,0,True,True
household,/content/waste_datasets/household/garbage_classification/green-glass/green-glass90.jpg,green-glass,glass,True,512,384,RGB,b6694cead09370aa6a0e82677dd40192df562e34489ad847f071ad93d71beeaa,11136,3,True,False,0,True,True
household,/content/waste_datasets/household/garbage_classification/plastic/plastic378.jpg,plastic,plastic,True,512,384,RGB,b683387e221e5b23286f1fb59da08a6d356676c52644cf42d75ddcf1cd346a62,12978,3,True,False,0,True,True
household,/content/waste_datasets/household/garbage_classification/plastic/plastic261.jpg,plastic,plastic,True,512,384,RGB,b6a9fda657482c6f5856763f01b936ca55012f0be1c9289c0c8b4a9dbc75a831,21930,3,True,False,0,True,True
household,/content/waste_datasets/household/garbage_classification/plastic/plastic64.jpg,plastic,plastic,True,512,384,RGB,b6dda9ed628e3c7845e1b2c90ab54b06c43ac48a6d5fd19e3987e55f603c5eb6,13659,3,True,False,0,True,True
household,/content/waste_datasets/household/garbage_classification/plastic/plastic84.jpg,plastic,plastic,True,512,384,RGB,b70669928144a5f5b6f2c5c6740c134a87b8e11079fd90289f22833280439271,12278,3,True,False,0,True,True
household,/content/waste_datasets/household/garbage_classification/paper/paper794.jpg,paper,paper,True,512,384,RGB,b72cfadd1bfa0cde78043dd73d0f17ff84cb48962dd5545542fb3b0c6b052264,11757,3,True,False,0,True,True
household,/content/waste_datasets/household/garbage_classification/cardboard/cardboard179.jpg,cardboard,cardboard,True,512,384,RGB,b73b7ce6a180a0c33e20ae591d0e727e70a4a53b5f07f87350c245a69f0a3d6f,12179,3,True,False,0,True,True
household,/content/waste_datasets/household/garbage_classification/paper/paper855.jpg,paper,paper,True,512,384,RGB,b73c2e779bf1fdd4073f14aba88003e035c3d84c0b4000c17f25505c9f2f4441,14827,3,True,False,0,True,True
household,/content/waste_datasets/household/garbage_classification/cardboard/cardboard552.jpg,cardboard,cardboard,True,512,384,RGB,b740093eb803b7cb8cfb25cf27d1f30bfa9d38fb67794a20b76e5bf7a1f0b32e,9394,3,True,False,0,True,True
household,/content/waste_datasets/household/garbage_classification/plastic/plastic63.jpg,plastic,plastic,True,512,384,RGB,b7eb28e44872fad1b8fc3f39e0f2083d2f4295f74afdb706539b0d156400d713,11455,3,True,False,0,True,True
household,/content/waste_datasets/household/garbage_classification/paper/paper881.jpg,paper,paper,True,512,384,RGB,b7fc8592f16fa6091b9e591d0486ce34bd6122a848fce132a14e4c3a6e5c595d,22334,3,True,False,0,True,True
household,/content/waste_datasets/household/garbage_classification/paper/paper42.jpg,paper,paper,True,512,384,RGB,b802c684c77ebc0def38d2769145e5f9baaf1e14a97b6b52af9e31f4615dfdaa,40084,3,True,False,0,True,True
household,/content/waste_datasets/household/garbage_classification/white-glass/white-glass50.jpg,white-glass,glass,True,512,384,RGB,b80a9093e3923b2efa86aec48587315c63a62be43ada743606b5f77cb8a4ea0e,13091,3,True,False,0,True,True
household,/content/waste_datasets/household/garbage_classification/metal/metal399.jpg,metal,metal,True,512,384,RGB,b814327dc68678291d5a7575972476cd34c22ee1dd692b8928d007433ca41a26,19852,3,True,False,0,True,True
household,/content/waste_datasets/household/garbage_classification/plastic/plastic193.jpg,plastic,plastic,True,512,384,RGB,b81cf3e51be8f35c3f25e99a0a68dcd7176910be32d8306b812fa90e560d733c,12366,3,True,False,0,True,True
household,/content/waste_datasets/household/garbage_classification/brown-glass/brown-glass206.jpg,brown-glass,glass,True,512,384,RGB,b8462ea85337e9caaf3205245db37109c6070c5344cdd690ec865c91527c91b5,11617,3,True,False,0,True,True
household,/content/waste_datasets/household/garbage_classification/plastic/plastic156.jpg,plastic,plastic,True,512,384,RGB,b86fbccff6107a77b1af8a3291da8b3b31a90d45e800103a1b528114c32b62fe,18250,3,True,False,0,True,True
household,/content/waste_datasets/household/garbage_classification/paper/paper749.jpg,paper,paper,True,512,384,RGB,b884b537d0f75a85ba5115850a2170955e5ed08229a23430a1df2edc0793f172,24892,3,True,False,0,True,True
household,/content/waste_datasets/household/garbage_classification/white-glass/white-glass137.jpg,white-glass,glass,True,512,384,RGB,b8a2a77180d65ecb054431b2febdb5c20e5fcf5a823418c1835f2c2fc34974d7,9164,3,True,False,0,True,True
household,/content/waste_datasets/household/garbage_classification/plastic/plastic289.jpg,plastic,plastic,True,512,384,RGB,b8d900537f30dd1b82bcf6978a4c3a96a6c9e527d8b50844c2c13dccac6f0252,12747,3,True,False,0,True,True
household,/content/waste_datasets/household/garbage_classification/plastic/plastic155.jpg,plastic,plastic,True,512,384,RGB,b9029bdb19393882842447353ec70da302db5091c9435f3d38beade842c7c081,9689,3,True,False,0,True,True
household,/content/waste_datasets/household/garbage_classification/plastic/plastic93.jpg,plastic,plastic,True,512,384,RGB,b9154db665ebc5955e2999b6b54c2702f7b895cf89705cbc9f4d284796fd5f1b,18734,3,True,False,0,True,True
household,/content/waste_datasets/household/garbage_classification/metal/metal197.jpg,metal,metal,True,512,384,RGB,b94f43400e61f17ac2a9cc720d5dd05ff33282dca59e0743055b6140e0c81798,25938,3,True,False,0,True,True
household,/content/waste_datasets/household/garbage_classification/metal/metal340.jpg,metal,metal,True,512,384,RGB,b95bc24b3a9779fac5aed239cc482c3eae8515e762b67f754464f9458307b03d,22797,3,True,False,0,True,True
household,/content/waste_datasets/household/garbage_classification/metal/metal109.jpg,metal,metal,True,512,384,RGB,b965677ba10ae67f209b32ff2962a48ba593638ae142c854999b80bdac8ffe00,7139,3,True,False,0,True,True
household,/content/waste_datasets/household/garbage_classification/plastic/plastic479.jpg,plastic,plastic,True,512,384,RGB,b9766ff94bc626bc5f2dea58d70d7ca679acb3ce1f30a6e75d7cd40885fcd090,11552,2,True,False,0,True,True
household,/content/waste_datasets/household/garbage_classification/white-glass/white-glass184.jpg,white-glass,glass,True,512,384,RGB,b98a73d579fdac665619ea1eb95d2d7dfb47d3c45f7c2ed2bb4933b77c046748,17700,3,True,False,0,True,True
household,/content/waste_datasets/household/garbage_classification/white-glass/white-glass81.jpg,white-glass,glass,True,512,384,RGB,b99099816246cc8bfec0f9de6012c90bf5db490f5cad32aa04d29ad8e09f9e56,19824,2,True,False,0,True,True
household,/content/waste_datasets/household/garbage_classification/plastic/plastic158.jpg,plastic,plastic,True,512,384,RGB,b9b6354dafaf94c8e9aeb8e472ef7712193b3f11ae8ea72dfda7df52d35e91c5,10036,3,True,False,0,True,True
household,/content/waste_datasets/household/garbage_classification/paper/paper598.jpg,paper,paper,True,512,384,RGB,b9d8d26a2ac4e417b63621fdaa374dad93bdb5530a56b395ef0e52db51c02fcb,16708,3,True,False,0,True,True
household,/content/waste_datasets/household/garbage_classification/metal/metal191.jpg,metal,metal,True,512,384,RGB,b9f648ddde3596f81747fd274d0902ea29fdd1d0f7846031972bc7ed45e4d5af,12507,3,True,False,0,True,True
household,/content/waste_datasets/household/garbage_classification/white-glass/white-glass10.jpg,white-glass,glass,True,512,384,RGB,b9f9c914ebdd06f358a2a7fe4e8f625c45665c9d6ae7c64980f9f20ee00f0d3b,16913,3,True,False,0,True,True
household,/content/waste_datasets/household/garbage_classification/white-glass/white-glass443.jpg,white-glass,glass,True,512,384,RGB,ba156b04601294102bfbdfd577561e093d31450ba73e52cacfc9a73c7772ea7f,7488,3,True,False,0,True,True
household,/content/waste_datasets/household/garbage_classification/metal/metal422.jpg,metal,metal,True,512,384,RGB,ba1e9103370776db0f48019aaa67ecf449d359e76b7f7cce8cc4fae189f8528b,17394,3,True,False,0,True,True
household,/content/waste_datasets/household/garbage_classification/paper/paper44.jpg,paper,paper,True,512,384,RGB,ba24b0495b1c7590228018857d2f11cd85c456e22b653d46732c9b3a310d258d,15558,3,True,False,0,True,True
household,/content/waste_datasets/household/garbage_classification/cardboard/cardboard184.jpg,cardboard,cardboard,True,512,384,RGB,ba24f78e408489720c9f0410d406ab49fe66379e6c4a09b7a554266db50b632a,17403,3,True,False,0,True,True
household,/content/waste_datasets/household/garbage_classification/paper/paper733.jpg,paper,paper,True,512,384,RGB,ba28099671de6183eedb10b2d87cac9074bc79d58b6634280e8ed0881289a26b,20852,3,True,False,0,True,True
household,/content/waste_datasets/household/garbage_classification/white-glass/white-glass725.jpg,white-glass,glass,True,512,384,RGB,ba551bcd81aee13427047c07da6d014c184b218a4c2e481280cf79f062288308,14151,3,True,False,0,True,True
household,/content/waste_datasets/household/garbage_classification/plastic/plastic302.jpg,plastic,plastic,True,512,384,RGB,ba6a9b30bd8d3701ac084706995bb3f68a3e56dffacfc0b4d667ef2690512624,14990,3,True,False,0,True,True
household,/content/waste_datasets/household/garbage_classification/white-glass/white-glass7.jpg,white-glass,glass,True,512,384,RGB,bab5084ba99a52b6518107211e4f3a291c0600a5e78bcdd65a133fa79493dbc6,10989,2,True,False,0,True,True
household,/content/waste_datasets/household/garbage_classification/cardboard/cardboard889.jpg,cardboard,cardboard,True,512,384,RGB,bab81c8185b5066823d5784139e56e3a91828ecafb0dc1b3c6c0bbd68804c8c1,17305,3,True,False,0,True,True
household,/content/waste_datasets/household/garbage_classification/plastic/plastic402.jpg,plastic,plastic,True,512,384,RGB,bac537b6725eceb69e3aa20ed650cb9540aff2543e83e9df4214394c008f48c3,16284,3,True,False,0,True,True
household,/content/waste_datasets/household/garbage_classification/paper/paper1049.jpg,paper,paper,True,512,384,RGB,bacf18f5e7405bb9efae3b3b2ed31e3ca2ae5e5169fae1d11de4ebd6087df826,26152,3,True,False,0,True,True
household,/content/waste_datasets/household/garbage_classification/brown-glass/brown-glass241.jpg,brown-glass,glass,True,512,384,RGB,bae5907e90053845469c3f15e587f4364990b39c1841d52b1aab06756a3240a4,12789,3,True,False,0,True,True
household,/content/waste_datasets/household/garbage_classification/metal/metal413.jpg,metal,metal,True,512,384,RGB,baeb710766e950fc6a544b7a42c834572c9168e1705235762f82314f13ae9975,21446,2,True,False,0,True,True
household,/content/waste_datasets/household/garbage_classification/brown-glass/brown-glass285.jpg,brown-glass,glass,True,512,384,RGB,bb0072515b4e6edbc874b4f1cf218a5183751eedb980150e5e48a0cc07e48352,13834,3,True,False,0,True,True
household,/content/waste_datasets/household/garbage_classification/paper/paper904.jpg,paper,paper,True,512,384,RGB,bb4b099d6634443ee8dc658701bd09714330148143aa5fe66bcbf24465177efd,14913,3,True,False,0,True,True
household,/content/waste_datasets/household/garbage_classification/plastic/plastic380.jpg,plastic,plastic,True,512,384,RGB,bb53a10a93857884e8b6edcdd9d1e74976779ef35d9ac74c0b9983c7121af9dc,7922,3,True,False,0,True,True
household,/content/waste_datasets/household/garbage_classification/paper/paper591.jpg,paper,paper,True,512,384,RGB,bb5a06e8ba6e8643563ff9cce292ce0b957bc5a7fec50629439e062fafc99193,11963,3,True,False,0,True,True
household,/content/waste_datasets/household/garbage_classification/metal/metal281.jpg,metal,metal,True,512,384,RGB,bb7cd5061a07f8459c0ffb10a48ad1c5967755fa9d6faca97337940799c0c3ba,9527,3,True,False,0,True,True
household,/content/waste_datasets/household/garbage_classification/paper/paper493.jpg,paper,paper,True,512,384,RGB,bb824ff078d95d25413f1ebdc522ce2e081deb40aec488f4e4e682b86e86e571,20165,3,True,False,0,True,True
household,/content/waste_datasets/household/garbage_classification/white-glass/white-glass91.jpg,white-glass,glass,True,512,384,RGB,bb99332328123a6c2781f265a2d212abda1fa629bbb5af76587e9fab118228c4,14078,3,True,False,0,True,True
household,/content/waste_datasets/household/garbage_classification/paper/paper28.jpg,paper,paper,True,512,384,RGB,bbee1c3572ce9aabba96dc406c0b5bb709dbaabf8c95005eb26e4d4b96c92353,8950,3,True,False,0,True,True
household,/content/waste_datasets/household/garbage_classification/paper/paper664.jpg,paper,paper,True,512,384,RGB,bc53f4dcfc411ce9700057542e0b8779f6fe69c394a633e7b908375f757ff391,18863,3,True,False,0,True,True
household,/content/waste_datasets/household/garbage_classification/metal/metal174.jpg,metal,metal,True,512,384,RGB,bc549a39af929be7ceedb628e751f7718feb93984b945cb5edb92feee238bfc5,20092,3,True,False,0,True,True
household,/content/waste_datasets/household/garbage_classification/cardboard/cardboard87.jpg,cardboard,cardboard,True,512,384,RGB,bcaf9b3df55145fdbdaf69b5ec34c2b866f89cd2416ff81653a9abec7e939ccb,27843,3,True,False,0,True,True
household,/content/waste_datasets/household/garbage_classification/cardboard/cardboard180.jpg,cardboard,cardboard,True,512,384,RGB,bcb4217c513c71a3ef74a282274a3617fb997da61c8d083f451ef0a266594940,15648,3,True,False,0,True,True
household,/content/waste_datasets/household/garbage_classification/metal/metal121.jpg,metal,metal,True,512,384,RGB,bcbf889aa70c570c63ad34a9d7e7ab233ac2e018df130dfa758c8cb328ddeec7,13030,3,True,False,0,True,True
household,/content/waste_datasets/household/garbage_classification/green-glass/green-glass137.jpg,green-glass,glass,True,512,384,RGB,bcc8b093750f59fd31b01aba7e8ae73c31ac3d0e464fe452fb1b85f1d755ff90,11447,2,True,False,0,True,True
household,/content/waste_datasets/household/garbage_classification/cardboard/cardboard3.jpg,cardboard,cardboard,True,512,384,RGB,bcccb2b46dbd0b8027dff07ff120d9a3a27e5ddf8128de027af8f681c7f79211,17985,2,True,False,0,True,True
household,/content/waste_datasets/household/garbage_classification/plastic/plastic657.jpg,plastic,plastic,True,512,384,RGB,bcce89202c141ce13a6f4bc83bac9fdbe3d703b93cf55b96e5e9b76523d3bcd7,9822,3,True,False,0,True,True
household,/content/waste_datasets/household/garbage_classification/paper/paper883.jpg,paper,paper,True,512,384,RGB,bcf1cacce0917d97dc1c9d9e722dd6f02ef134da850e304561f843ac7f20b510,13446,3,True,False,0,True,True
household,/content/waste_datasets/household/garbage_classification/paper/paper644.jpg,paper,paper,True,512,384,RGB,bcfed6be1fa2122852ed8e45a21cecbf62a7cd3be3c174de5816b92a181cf4f7,8218,3,True,False,0,True,True
household,/content/waste_datasets/household/garbage_classification/brown-glass/brown-glass141.jpg,brown-glass,glass,True,512,384,RGB,bd013e93c57350fc23a0c8359567235c08bf983384dec2f3611ba177e7a77f8d,8482,3,True,False,0,True,True
household,/content/waste_datasets/household/garbage_classification/white-glass/white-glass54.jpg,white-glass,glass,True,512,384,RGB,bd20a72151976c98a5235baac946e44edaccf243915406e39ca2164541d64377,11939,3,True,False,0,True,True
household,/content/waste_datasets/household/garbage_classification/white-glass/white-glass753.jpg,white-glass,glass,True,512,384,RGB,bd31e2440417fd22ed539ff5164b80269d163ffff1b48a2c99df3e4aed9bf52e,13508,3,True,False,0,True,True
household,/content/waste_datasets/household/garbage_classification/metal/metal369.jpg,metal,metal,True,512,384,RGB,bd387f71c0ee1db3782e9365786a6ddf3ccdc9408079f8a253b1e085e1b58d0d,35585,3,True,False,0,True,True
household,/content/waste_datasets/household/garbage_classification/paper/paper522.jpg,paper,paper,True,512,384,RGB,bd54f5cdf97de0108ebadab779c2d14fb775b2bfdc5b8c28833b4f33eae15b87,13734,3,True,False,0,True,True
household,/content/waste_datasets/household/garbage_classification/white-glass/white-glass174.jpg,white-glass,glass,True,512,384,RGB,bd56995ebe7cee2e1d1f838c735b56005d9d3ae0192dfcf36d86849bb4d66be6,14980,3,True,False,0,True,True
household,/content/waste_datasets/household/garbage_classification/cardboard/cardboard56.jpg,cardboard,cardboard,True,512,384,RGB,bd6b74c2562bfdb1c0d707616ab1b59da7c6931c78279ed99e19a97126667cbb,24551,3,True,False,0,True,True
household,/content/waste_datasets/household/garbage_classification/white-glass/white-glass209.jpg,white-glass,glass,True,512,384,RGB,bd8509c9e7ae1f432907fc3c0912dc88136fc6918112e5d28802d43d06bd0fbb,14875,2,True,False,0,True,True
household,/content/waste_datasets/household/garbage_classification/cardboard/cardboard244.jpg,cardboard,cardboard,True,512,384,RGB,bd87374325ed92af0909d2b2c17cf82e485e4ace9d810ec3720a0c11a2c2b18a,20405,3,True,False,0,True,True
household,/content/waste_datasets/household/garbage_classification/metal/metal364.jpg,metal,metal,True,512,384,RGB,bda03c13fbaac3ec0d3b1d253ed07a2b687b5206d27c7213045bd2eb158a72ea,21897,3,True,False,0,True,True
household,/content/waste_datasets/household/garbage_classification/paper/paper781.jpg,paper,paper,True,512,384,RGB,bda46f84cccf7394f321f2838152afca18d6c60b5cef25a03bd20dd3168263e5,19443,3,True,False,0,True,True
household,/content/waste_datasets/household/garbage_classification/metal/metal119.jpg,metal,metal,True,512,384,RGB,bdc699a908783ac33bc196c3583282057e192549a0727951f81636c6e79b534e,14772,3,True,False,0,True,True
household,/content/waste_datasets/household/garbage_classification/cardboard/cardboard22.jpg,cardboard,cardboard,True,512,384,RGB,bde9127611fc86b82d3a0d620dd75227b627d6813fa8d56f026e18f00669015e,17801,3,True,False,0,True,True
household,/content/waste_datasets/household/garbage_classification/paper/paper655.jpg,paper,paper,True,512,384,RGB,bdf1589b0d7358a56f189bf52ed13e19aebccc40e0cd3b4917b6877cafbcf7e0,11445,3,True,False,0,True,True
household,/content/waste_datasets/household/garbage_classification/cardboard/cardboard192.jpg,cardboard,cardboard,True,512,384,RGB,be001a7b04e7181e07a4bc372628114d44bcd4444ff9fd6a0db9de7f4867a227,20451,3,True,False,0,True,True
household,/content/waste_datasets/household/garbage_classification/metal/metal114.jpg,metal,metal,True,512,384,RGB,be03c4e938a384498612241ade801334b667bdfea4e815fb13082117b4d0ba8a,31130,3,True,False,0,True,True
household,/content/waste_datasets/household/garbage_classification/paper/paper506.jpg,paper,paper,True,512,384,RGB,be194ac439692dde371af2ab9f521e0f373bc079e9821bed68787e110626b988,11714,3,True,False,0,True,True
household,/content/waste_datasets/household/garbage_classification/cardboard/cardboard869.jpg,cardboard,cardboard,True,512,384,RGB,be36636033d78b61ddbbbdecccfcb0537380e04eb84121289268018fb0827b9c,20433,3,True,False,0,True,True
household,/content/waste_datasets/household/garbage_classification/paper/paper970.jpg,paper,paper,True,512,384,RGB,be7a5c7898c15c3ab2aa33e38c9dcaa5636589830f4d4ce8d334881aa7b1e073,10888,3,True,False,0,True,True
household,/content/waste_datasets/household/garbage_classification/plastic/plastic244.jpg,plastic,plastic,True,512,384,RGB,be971871f668041aeeb2e22bae3667b7196148dd193aea8ace51063d52a762e3,13589,3,True,False,0,True,True
household,/content/waste_datasets/household/garbage_classification/plastic/plastic386.jpg,plastic,plastic,True,512,384,RGB,bec428c22bb87fe0c47558ad00516742c36558c87d8da223803baa40e8bb450e,21602,3,True,False,0,True,True
household,/content/waste_datasets/household/garbage_classification/white-glass/white-glass766.jpg,white-glass,glass,True,512,384,RGB,bec56112aed5d71705dcdb36599254e6b4a8463c633dfba7b105a9547e2ed084,8978,3,True,False,0,True,True
household,/content/waste_datasets/household/garbage_classification/metal/metal302.jpg,metal,metal,True,512,384,RGB,beefdccb03a7a0132bd21d50004b775a402a3cad27972d169dfb4c7322b5f38e,14442,3,True,False,0,True,True
household,/content/waste_datasets/household/garbage_classification/paper/paper618.jpg,paper,paper,True,512,384,RGB,bf02296c63a503e58af7017f567fa6d49e9575a707baef0c306d02eb32723b40,20212,3,True,False,0,True,True
household,/content/waste_datasets/household/garbage_classification/metal/metal273.jpg,metal,metal,True,512,384,RGB,bf029f4e238e7aeb266d8a5947e33f18cb17bebce18ed97e2ca9db0671f10c6d,22657,3,True,False,0,True,True
household,/content/waste_datasets/household/garbage_classification/cardboard/cardboard306.jpg,cardboard,cardboard,True,512,384,RGB,bf07ebb21c8182ae7954a72a317b9fcff4cdc852bac1716f0f99c0367a60a337,22135,3,True,False,0,True,True
household,/content/waste_datasets/household/garbage_classification/white-glass/white-glass31.jpg,white-glass,glass,True,512,384,RGB,bf345ab195a5cf81b79b382c042f2b10d211a88ccef6830620f54ebc9df362df,6788,2,True,False,0,True,True
household,/content/waste_datasets/household/garbage_classification/white-glass/white-glass39.jpg,white-glass,glass,True,512,384,RGB,bf65efd72ee281a0b016b3391d84a0a99cc59b0e60d007d3e0c123d373b03c53,8058,3,True,False,0,True,True
household,/content/waste_datasets/household/garbage_classification/plastic/plastic142.jpg,plastic,plastic,True,512,384,RGB,bf75d7442a831a48b49342223e304c1507ee3108262b23ad8acff182ca040d28,19159,3,True,False,0,True,True
household,/content/waste_datasets/household/garbage_classification/paper/paper35.jpg,paper,paper,True,512,384,RGB,bf7bc79ea0ceb7a689287b4cb2bbe366967affa7b22ded12dca31ed638a64adc,13765,3,True,False,0,True,True
household,/content/waste_datasets/household/garbage_classification/metal/metal276.jpg,metal,metal,True,512,384,RGB,bf9f6db9925895baa4e153bb06eb50716ecd7bbf1776f7064b5d9d2280b644ae,29857,3,True,False,0,True,True
household,/content/waste_datasets/household/garbage_classification/plastic/plastic249.jpg,plastic,plastic,True,512,384,RGB,bfa51700e80cb967c6a904becce781399b1cb990dfd444a9ceb217bd44eb8399,13205,3,True,False,0,True,True
household,/content/waste_datasets/household/garbage_classification/metal/metal358.jpg,metal,metal,True,512,384,RGB,bfb1f39a72cebe2ba64ce22ad6f3cc0068daea6559745de2468466c22a3bf639,10275,3,True,False,0,True,True
household,/content/waste_datasets/household/garbage_classification/plastic/plastic83.jpg,plastic,plastic,True,512,384,RGB,bfdfbc629a84967c1dbfdc3e90275279a2a2760f9053750c64a3307db605f4d8,10571,3,True,False,0,True,True
household,/content/waste_datasets/household/garbage_classification/white-glass/white-glass121.jpg,white-glass,glass,True,512,384,RGB,bfe2023cc276c1c11ff28bf96b4bf94f1026611fee0474c50a3c8df20daa9c9f,14342,2,True,False,0,True,True
household,/content/waste_datasets/household/garbage_classification/brown-glass/brown-glass227.jpg,brown-glass,glass,True,512,384,RGB,bfeb29b44e861e40747fe4474de23be84c0ab951ddd62ca9bb9158baa9c258be,12972,3,True,False,0,True,True
household,/content/waste_datasets/household/garbage_classification/metal/metal43.jpg,metal,metal,True,512,384,RGB,c0027d2191b29a1fedfe86c5547a16fd38a172e55dbe54a89dc3440416fc3f40,19260,3,True,False,0,True,True
household,/content/waste_datasets/household/garbage_classification/paper/paper27.jpg,paper,paper,True,512,384,RGB,c005fec186cb09d3b489653a35b4ca0bb892a8d4ef62f0372937b29c9d6fd997,14935,3,True,False,0,True,True
household,/content/waste_datasets/household/garbage_classification/cardboard/cardboard330.jpg,cardboard,cardboard,True,512,384,RGB,c0082c81d357fc12b22b80b4d7b7f405e70dd1d2ee5ead90748a63bc3c7707db,26722,3,True,False,0,True,True
household,/content/waste_datasets/household/garbage_classification/cardboard/cardboard815.jpg,cardboard,cardboard,True,512,384,RGB,c00c0deac6ea17c761be9345f20b4d96f4c6c6c3818d55ce94af252aa4bc611e,16195,3,True,False,0,True,True
household,/content/waste_datasets/household/garbage_classification/cardboard/cardboard290.jpg,cardboard,cardboard,True,512,384,RGB,c03d6ce3de22e4139e2429950d3c993f6924acbe505801e38ba88e34a6b769dd,16636,3,True,False,0,True,True
household,/content/waste_datasets/household/garbage_classification/plastic/plastic136.jpg,plastic,plastic,True,512,384,RGB,c0427850434fbd1daaec76e205ec253dfcefe277e12c0d707018ebbe58621cc5,14576,3,True,False,0,True,True
household,/content/waste_datasets/household/garbage_classification/green-glass/green-glass156.jpg,green-glass,glass,True,512,384,RGB,c06ce955331258f5f0b97c2e01c07915bc0f37d2cf45c32796e04788c2605126,19880,3,True,False,0,True,True
household,/content/waste_datasets/household/garbage_classification/white-glass/white-glass231.jpg,white-glass,glass,True,512,384,RGB,c078d13a596cfce52a3d40840ed5e48ee0e43f4ea3fda0d7df7415edd262c521,15887,2,True,False,0,True,True
household,/content/waste_datasets/household/garbage_classification/metal/metal83.jpg,metal,metal,True,512,384,RGB,c09910726706083dedfa7d1e13e7dfe2d05ce66c2f422648e52ed2890928cecd,7807,3,True,False,0,True,True
household,/content/waste_datasets/household/garbage_classification/plastic/plastic319.jpg,plastic,plastic,True,512,384,RGB,c09b1e4917f0c62337dcdb3172cd2ccecd640800c85aaf8ae859033bcba3a31d,15010,3,True,False,0,True,True
household,/content/waste_datasets/household/garbage_classification/paper/paper31.jpg,paper,paper,True,512,384,RGB,c09f59b8068c9177a2b014d946b326f4d28855c6b93276078d4cb9d7593910ac,34662,3,True,False,0,True,True
household,/content/waste_datasets/household/garbage_classification/white-glass/white-glass73.jpg,white-glass,glass,True,512,384,RGB,c0a7abd833427fbab251ad491cb50be8b6edb760e0d3dc656fc80886a5bda040,15832,2,True,False,0,True,True
household,/content/waste_datasets/household/garbage_classification/paper/paper1024.jpg,paper,paper,True,512,384,RGB,c0cd76e305f4f20ad7148220466bbd44b5026053594c34c0ac096cf86edf0ee5,8460,3,True,False,0,True,True
household,/content/waste_datasets/household/garbage_classification/white-glass/white-glass80.jpg,white-glass,glass,True,512,384,RGB,c0ce0cf6611d7bd34ddce4d913e41eaf2cf2d1d97f56afa8546fd98d9c1a9366,22091,3,True,False,0,True,True
household,/content/waste_datasets/household/garbage_classification/paper/paper936.jpg,paper,paper,True,512,384,RGB,c0e2a3a37b098b4b4923dc3bb67a30ed502867535d837d0bc8063b1322fd0885,11600,3,True,False,0,True,True
household,/content/waste_datasets/household/garbage_classification/cardboard/cardboard155.jpg,cardboard,cardboard,True,512,384,RGB,c0e6c7503a7da3f833f1cce19c0e4aecb29fc49a55503d4e438eefb810f96173,20487,3,True,False,0,True,True
household,/content/waste_datasets/household/garbage_classification/metal/metal95.jpg,metal,metal,True,512,384,RGB,c171a1ad8d1de4de1ea8976697b1ca608e9780ff61d7ba0f40dbb0353dcabae2,7152,3,True,False,0,True,True
household,/content/waste_datasets/household/garbage_classification/metal/metal303.jpg,metal,metal,True,512,384,RGB,c1723b93e8ac8fd1b2204898c215843743725cfce8c3693a9257b3248d708294,10784,3,True,False,0,True,True
household,/content/waste_datasets/household/garbage_classification/paper/paper950.jpg,paper,paper,True,512,384,RGB,c180ebcfa2a33dc1be03fe5e76da08a57d11cbfe2f8b90849f6450c18d8e2e87,10894,3,True,False,0,True,True
household,/content/waste_datasets/household/garbage_classification/metal/metal452.jpg,metal,metal,True,512,384,RGB,c182b5868c699359a7196d6e91f77451ec43c76f82b1929ac57d56353920be31,13905,3,True,False,0,True,True
household,/content/waste_datasets/household/garbage_classification/paper/paper507.jpg,paper,paper,True,512,384,RGB,c1976fd353d41344f825d988703f63ece168e453f9630f4964d3952890a0559d,17035,3,True,False,0,True,True
household,/content/waste_datasets/household/garbage_classification/plastic/plastic111.jpg,plastic,plastic,True,512,384,RGB,c19d113838eb9f913ce810a9a0afc125f9fb5220175896b4cc3cc0423df1cf50,15309,3,True,False,0,True,True
household,/content/waste_datasets/household/garbage_classification/metal/metal50.jpg,metal,metal,True,512,384,RGB,c1bed427b41f9243ddc979a5411f065649586e75a089b478f156f50ce7eb105b,15072,3,True,False,0,True,True
household,/content/waste_datasets/household/garbage_classification/metal/metal353.jpg,metal,metal,True,512,384,RGB,c1c1a94ce0b21b7666e7f3f5592151243a7a2e16f73d3869cad9b04a5fcfe14a,10818,3,True,False,0,True,True
household,/content/waste_datasets/household/garbage_classification/white-glass/white-glass240.jpg,white-glass,glass,True,512,384,RGB,c1c6eb287885d70899ab080246cb1fb6ccda43953c0d74d036d5937e0578b876,16552,3,True,False,0,True,True
household,/content/waste_datasets/household/garbage_classification/white-glass/white-glass770.jpg,white-glass,glass,True,512,384,RGB,c1d7a8a84753d430e208139416f6ce1cdb3c897a50b2f284632dd4d30805add4,20577,3,True,False,0,True,True
household,/content/waste_datasets/household/garbage_classification/plastic/plastic590.jpg,plastic,plastic,True,512,384,RGB,c1ee09df23c4e7df0882b4be96914e7d41c9f6f6c5e85a475ea6ea709c5812b7,7111,3,True,False,0,True,True
household,/content/waste_datasets/household/garbage_classification/plastic/plastic174.jpg,plastic,plastic,True,512,384,RGB,c2091ae7792ef6d98469bda46f513839d0f45da5b9681e78bf74cd2808e46a2d,16865,3,True,False,0,True,True
household,/content/waste_datasets/household/garbage_classification/white-glass/white-glass42.jpg,white-glass,glass,True,512,384,RGB,c209a8ec595b3be49ed1994932afb6a10d7269a3d6941c2ac4ae90d331c8d2a3,10509,3,True,False,0,True,True
household,/content/waste_datasets/household/garbage_classification/white-glass/white-glass89.jpg,white-glass,glass,True,512,384,RGB,c2108239088ac6efd15a4860e8e6e6d8448b2224b93e345ea6cd760e46bd3e4b,12107,2,True,False,0,True,True
household,/content/waste_datasets/household/garbage_classification/plastic/plastic43.jpg,plastic,plastic,True,512,384,RGB,c21f1f0f400d606fd6b75c6b19b1333f1b889a65576afe38cf34c0f1ad40d4fd,9316,3,True,False,0,True,True
household,/content/waste_datasets/household/garbage_classification/cardboard/cardboard152.jpg,cardboard,cardboard,True,512,384,RGB,c236abb3035210d316970d34bab994d39facac9be0a17ef8351dc0fd0c9dcd9d,22101,3,True,False,0,True,True
household,/content/waste_datasets/household/garbage_classification/white-glass/white-glass33.jpg,white-glass,glass,True,512,384,RGB,c247465bfdd8db0f8cf4c783b2d8b9e27cdd6c7a41e06385c38702bf129d27e3,8018,3,True,False,0,True,True
household,/content/waste_datasets/household/garbage_classification/paper/paper851.jpg,paper,paper,True,512,384,RGB,c25745d2b149af1dc2278847f7fbf54a70b970010b8689af88c292d679fef05f,29243,3,True,False,0,True,True
household,/content/waste_datasets/household/garbage_classification/cardboard/cardboard175.jpg,cardboard,cardboard,True,512,384,RGB,c292c1019120f623c4045a6db9d9e29b44e694a477f9c6589bf000a3d1ec7446,23099,3,True,False,0,True,True
household,/content/waste_datasets/household/garbage_classification/paper/paper956.jpg,paper,paper,True,512,384,RGB,c2a71d79ff42ff3c431a14c96d7b4e5e82f526840c85b396703408dee0e4a56d,12957,3,True,False,0,True,True
household,/content/waste_datasets/household/garbage_classification/cardboard/cardboard268.jpg,cardboard,cardboard,True,512,384,RGB,c2ae83dc97726813ee11aba8f734474448bafaa3816afb15ebffde35de7980f7,16033,3,True,False,0,True,True
household,/content/waste_datasets/household/garbage_classification/plastic/plastic199.jpg,plastic,plastic,True,512,384,RGB,c2bc088c8e2082ed3d0cd72ec1eb7d1d329b961509741da37525ab303aaa3d74,24246,3,True,False,0,True,True
household,/content/waste_datasets/household/garbage_classification/cardboard/cardboard169.jpg,cardboard,cardboard,True,512,384,RGB,c2d9ca1f7a33c086de846f04c9cc755c70dedd8ee44f92ab35ce4d3192cbf38a,22927,3,True,False,0,True,True
household,/content/waste_datasets/household/garbage_classification/metal/metal378.jpg,metal,metal,True,512,384,RGB,c2fb5a8f94b270549083ef270e1b9f3b6570937db840b6ac4c31a633a8eb2d96,20763,3,True,False,0,True,True
household,/content/waste_datasets/household/garbage_classification/paper/paper968.jpg,paper,paper,True,512,384,RGB,c2fe4f61c9855674fb9e2d4143c1b7938334f70ee6d5dcdb0559238de46c4972,24220,3,True,False,0,True,True
household,/content/waste_datasets/household/garbage_classification/metal/metal316.jpg,metal,metal,True,512,384,RGB,c30e1216f6d5fb43a87f80b2b75404e0b62fbcb530e173c646b302299a1cfdfb,18191,3,True,False,0,True,True
household,/content/waste_datasets/household/garbage_classification/plastic/plastic145.jpg,plastic,plastic,True,512,384,RGB,c34288ab439c8463b83bb62453f90816779131fb2bae79d38e40b58bc306a8de,16225,3,True,False,0,True,True
household,/content/waste_datasets/household/garbage_classification/cardboard/cardboard116.jpg,cardboard,cardboard,True,512,384,RGB,c34dc0814f96979e3df5383522338a06d370d3cd60004ba1829bcd0e6f4d7417,24709,3,True,False,0,True,True
household,/content/waste_datasets/household/garbage_classification/cardboard/cardboard16.jpg,cardboard,cardboard,True,512,384,RGB,c368bda01fcf3d9cb13cb16062bbbf5c96843ceb905e730fa9d69f533b318d7e,18110,3,True,False,0,True,True
household,/content/waste_datasets/household/garbage_classification/white-glass/white-glass172.jpg,white-glass,glass,True,512,384,RGB,c37389b16d810a8444e5d1dc70fccae518df71757b1ec83156010660f00271b7,13906,3,True,False,0,True,True
household,/content/waste_datasets/household/garbage_classification/cardboard/cardboard262.jpg,cardboard,cardboard,True,512,384,RGB,c383c12c7625ba8f8c90b16b346f8d250315b76554b7c6932e9db48cf162485a,18404,3,True,False,0,True,True
household,/content/waste_datasets/household/garbage_classification/white-glass/white-glass134.jpg,white-glass,glass,True,512,384,RGB,c399a10daa0d91b1f83e7c1def31ce768d9771800fae69fbcbbca59c7a58f769,14308,2,True,False,0,True,True
household,/content/waste_datasets/household/garbage_classification/paper/paper658.jpg,paper,paper,True,512,384,RGB,c39b71366e6a436ee2e3f25356e699e81e811295cf2f081a0faa87646bcfabff,32892,3,True,False,0,True,True
household,/content/waste_datasets/household/garbage_classification/paper/paper995.jpg,paper,paper,True,512,384,RGB,c3a2a284f11776a37db8b0d354f6c2aea9d46b9439709f4a79aeecaf577cb8a8,27070,2,True,False,0,True,True
household,/content/waste_datasets/household/garbage_classification/white-glass/white-glass67.jpg,white-glass,glass,True,512,384,RGB,c3ba0a9a397845b3c8fe9a9c625774c25481604d00a4cf0944fb3d3df2a9ad10,10425,3,True,False,0,True,True
household,/content/waste_datasets/household/garbage_classification/cardboard/cardboard242.jpg,cardboard,cardboard,True,512,384,RGB,c3bc0ac0a346864525d4c75f9e6edb426e935659d5e70d3598fda0123b07d761,21365,3,True,False,0,True,True
household,/content/waste_datasets/household/garbage_classification/paper/paper773.jpg,paper,paper,True,512,384,RGB,c3ccc0942a44b9bfc38f6b1e9c3bbe2610f09b48df1c3048ee674e30dc6686ab,43399,3,True,False,0,True,True
household,/content/waste_datasets/household/garbage_classification/cardboard/cardboard277.jpg,cardboard,cardboard,True,512,384,RGB,c3dde25c4e27a9ce16061e54d0862c7fa0af89ad957e59a955454bd6ea33ecae,16077,3,True,False,0,True,True
household,/content/waste_datasets/household/garbage_classification/brown-glass/brown-glass202.jpg,brown-glass,glass,True,512,384,RGB,c3f2f46f0d2ad8149ea358b253af1ef7593afb5c78b8a56a12faab820eba16bf,8673,3,True,False,0,True,True
household,/content/waste_datasets/household/garbage_classification/metal/metal145.jpg,metal,metal,True,512,384,RGB,c40edd7d2496bf7a271c1c4f6125d24384a84944b4c5f4bb94f316438823bc9f,10232,3,True,False,0,True,True
household,/content/waste_datasets/household/garbage_classification/cardboard/cardboard202.jpg,cardboard,cardboard,True,512,384,RGB,c4154176338a6af396600a1fe62ce65b31452ee01ba4f35f907f744f25d61e0b,13358,3,True,False,0,True,True
household,/content/waste_datasets/household/garbage_classification/plastic/plastic303.jpg,plastic,plastic,True,512,384,RGB,c4585c2d3a7b2bb30f028d7c6f3dee30565b9d3b2c44e1ab9c0fce4d0db5f928,17779,3,True,False,0,True,True
household,/content/waste_datasets/household/garbage_classification/white-glass/white-glass211.jpg,white-glass,glass,True,512,384,RGB,c4658f7cf319de5a4aee93c0f194ff8624b90250a49fdf0e9105c5211ba15655,11834,2,True,False,0,True,True
household,/content/waste_datasets/household/garbage_classification/paper/paper997.jpg,paper,paper,True,512,384,RGB,c4888283b8ad6f05c97cc8f33098db1edc363ff6954e7bbbc848b6e26e07fc62,37845,3,True,False,0,True,True
household,/content/waste_datasets/household/garbage_classification/plastic/plastic309.jpg,plastic,plastic,True,512,384,RGB,c48d62e02bfa1a932b0aa50ac1723bbe3be1c8d54bffb54f66fa52c0eeb59c57,10681,3,True,False,0,True,True
household,/content/waste_datasets/household/garbage_classification/cardboard/cardboard880.jpg,cardboard,cardboard,True,512,384,RGB,c4e683190b4d8634e9c7030e178eef58b07d09ad68c1ecbd9eb55dad02364360,22493,3,True,False,0,True,True
household,/content/waste_datasets/household/garbage_classification/green-glass/green-glass166.jpg,green-glass,glass,True,512,384,RGB,c4f927f45e85c72c8e795c195055770271fd9d1d0699feb610807d7752e6a2e6,7578,3,True,False,0,True,True
household,/content/waste_datasets/household/garbage_classification/white-glass/white-glass29.jpg,white-glass,glass,True,512,384,RGB,c5065d1f52dc8ae200ab009ff8e2f83b644f0d9322b5257c3c1488b7c13fbe91,7017,2,True,False,0,True,True
household,/content/waste_datasets/household/garbage_classification/brown-glass/brown-glass162.jpg,brown-glass,glass,True,512,384,RGB,c52823646cf1218879cf7237bb4ebbac7d512181f7903636d4c7e8e18696c12b,8680,3,True,False,0,True,True
household,/content/waste_datasets/household/garbage_classification/paper/paper620.jpg,paper,paper,True,512,384,RGB,c569882d580fc182cbfd7b28104899cb71c2536b5d79d2c163a2271b6b8519c5,16232,3,True,False,0,True,True
household,/content/waste_datasets/household/garbage_classification/cardboard/cardboard737.jpg,cardboard,cardboard,True,512,384,RGB,c5adf70b3390c88d5799a29251d4d6ded545f8e9b2b27a11bf5defac377491d9,15681,3,True,False,0,True,True
household,/content/waste_datasets/household/garbage_classification/metal/metal286.jpg,metal,metal,True,512,384,RGB,c5d3532166d56825b106eddefff6fc388b8d7a13ee97f9c54e5633c32eae0a2b,19299,3,True,False,0,True,True
household,/content/waste_datasets/household/garbage_classification/cardboard/cardboard90.jpg,cardboard,cardboard,True,512,384,RGB,c64e75b62eaae06b8903dbaa196d044498c126746ab424ea29c09534b0ebbeed,16470,3,True,False,0,True,True
household,/content/waste_datasets/household/garbage_classification/paper/paper694.jpg,paper,paper,True,512,384,RGB,c65383159582c82aa5a73ab4a0a6a3ea48cc2ca0235cc3478c5d321c2d4194d7,40163,3,True,False,0,True,True
household,/content/waste_datasets/household/garbage_classification/paper/paper616.jpg,paper,paper,True,512,384,RGB,c678f16f9c4b2e1bb91129b79d9818b46f82cd812cc83e91636798736d1e7ab7,13558,3,True,False,0,True,True
household,/content/waste_datasets/household/garbage_classification/metal/metal206.jpg,metal,metal,True,512,384,RGB,c68b86c3ebd0f041245b0d53782f6b9a9067169264fb7c586b743a7c2472ff84,12720,3,True,False,0,True,True
household,/content/waste_datasets/household/garbage_classification/plastic/plastic82.jpg,plastic,plastic,True,512,384,RGB,c72733b6d16458678e0d6883eb3f694eb6eff960c51c2a4757d14c1188afa9c4,12495,3,True,False,0,True,True
household,/content/waste_datasets/household/garbage_classification/cardboard/cardboard321.jpg,cardboard,cardboard,True,512,384,RGB,c7497d10f2fb86d28e0cebbcecf9e8d8a971b5f932a8f9dff8b4f484962dbf4d,14906,3,True,False,0,True,True
household,/content/waste_datasets/household/garbage_classification/paper/paper903.jpg,paper,paper,True,512,384,RGB,c76f0fb0e0c2a4b00c462f434438309e32e12392f729658269997d3626bd7d50,14485,2,True,False,0,True,True
household,/content/waste_datasets/household/garbage_classification/metal/metal118.jpg,metal,metal,True,512,384,RGB,c7738d478baea960e2d5e496eceeceb4b666ce13ae17376d7f1a4b55b298224e,17395,3,True,False,0,True,True
household,/content/waste_datasets/household/garbage_classification/green-glass/green-glass327.jpg,green-glass,glass,True,512,384,RGB,c786a9a24df9030b543d55d5b37688fc6bb61188f90f82893f2dc021c02467b0,19580,3,True,False,0,True,True
household,/content/waste_datasets/household/garbage_classification/plastic/plastic154.jpg,plastic,plastic,True,512,384,RGB,c78e40757bf8d6728c124ec34644563102b677ded29be69b36a19ff44dcbd195,16106,3,True,False,0,True,True
household,/content/waste_datasets/household/garbage_classification/metal/metal180.jpg,metal,metal,True,512,384,RGB,c78f1e06c359fdd4a9557456d1d1d7ff404bc9ab8778907a84ad1cfe1b43e525,14539,3,True,False,0,True,True
household,/content/waste_datasets/household/garbage_classification/metal/metal456.jpg,metal,metal,True,512,384,RGB,c80ce69fe45c0b22fcec94bb8a9e235f7b1eeb06e9f74c44a5016c6798d9a8c0,8910,3,True,False,0,True,True
household,/content/waste_datasets/household/garbage_classification/metal/metal238.jpg,metal,metal,True,512,384,RGB,c820ec4d35ec9f7f74ba3a42d0d5089dc2b9371eec31d5a81d366d7d1d2f7710,14047,3,True,False,0,True,True
household,/content/waste_datasets/household/garbage_classification/paper/paper813.jpg,paper,paper,True,512,384,RGB,c832ffd8b7d0591966abe5147ad53cb2ceb0b47ffd5cdaa4ae4a78df670ac0ce,17828,3,True,False,0,True,True
household,/content/waste_datasets/household/garbage_classification/metal/metal84.jpg,metal,metal,True,512,384,RGB,c83928d26f05a7f35d043fe35f28d3e45f8b953294a591d44d97858583346eba,12350,3,True,False,0,True,True
household,/content/waste_datasets/household/garbage_classification/paper/paper1026.jpg,paper,paper,True,512,384,RGB,c83d77940c7a0d595299b3d465596527e59378723f60a737bd3eeebb1fd32829,37473,3,True,False,0,True,True
household,/content/waste_datasets/household/garbage_classification/cardboard/cardboard137.jpg,cardboard,cardboard,True,512,384,RGB,c858b0ac1ea6378015f8c05c62394d5ec16c0890dd2ddd4403259b1d764560c8,14662,3,True,False,0,True,True
household,/content/waste_datasets/household/garbage_classification/paper/paper747.jpg,paper,paper,True,512,384,RGB,c86bef27dc80afbdf746326f72c74bc5c8b7d3d2590f372d2717f85d2d83b81a,15851,3,True,False,0,True,True
household,/content/waste_datasets/household/garbage_classification/paper/paper1027.jpg,paper,paper,True,512,384,RGB,c8d3a7748ce6fefced94ffabf8d155b9cbb513856402cde0947f075579570e57,11444,3,True,False,0,True,True
household,/content/waste_datasets/household/garbage_classification/plastic/plastic70.jpg,plastic,plastic,True,512,384,RGB,c8def67db4e56d42dd7216fa2fa842fc2d5f23f424305d6c09bb69d6c777591c,10735,3,True,False,0,True,True
household,/content/waste_datasets/household/garbage_classification/paper/paper969.jpg,paper,paper,True,512,384,RGB,c903c6a409b65c0c5630efdaba8f0b56aab5efa8d65800c55d10d6a4ffba16ca,13162,3,True,False,0,True,True
household,/content/waste_datasets/household/garbage_classification/metal/metal249.jpg,metal,metal,True,512,384,RGB,c9127729efcf4d2d426edf5dd69e01f40b204c82914ea03e2e8bb888bb49de95,18427,3,True,False,0,True,True
household,/content/waste_datasets/household/garbage_classification/paper/paper692.jpg,paper,paper,True,512,384,RGB,c9292ab46a60cc3f40149ac97f5182707fc541e494ab971667d844e6b7f54310,13408,3,True,False,0,True,True
household,/content/waste_datasets/household/garbage_classification/metal/metal165.jpg,metal,metal,True,512,384,RGB,c943be388369a82dfa1417c1c23df8ac0f00ab80cb1e39c0de5c35af4947c87f,16914,3,True,False,0,True,True
household,/content/waste_datasets/household/garbage_classification/metal/metal332.jpg,metal,metal,True,512,384,RGB,c946ded8526ded8569e51f5c1a92233f5c3004f115e252bd562232214525b43c,16178,3,True,False,0,True,True
household,/content/waste_datasets/household/garbage_classification/cardboard/cardboard638.jpg,cardboard,cardboard,True,512,384,RGB,c9a105d6d78b97099ba3eb73cc839756360930b718b1d538474f64bc67d2f164,12745,3,True,False,0,True,True
household,/content/waste_datasets/household/garbage_classification/white-glass/white-glass47.jpg,white-glass,glass,True,512,384,RGB,c9be8cce671a82570080d018e80c24256f35b04ddc3d0a2b58adf59f4de1cd78,16416,3,True,False,0,True,True
household,/content/waste_datasets/household/garbage_classification/plastic/plastic6.jpg,plastic,plastic,True,512,384,RGB,c9d48e78bc73cb71deb8abde8b5f52c69a65e19c00ba30f622d7e255224f4a86,20952,3,True,False,0,True,True
household,/content/waste_datasets/household/garbage_classification/metal/metal14.jpg,metal,metal,True,512,384,RGB,c9e3856e65f887bd3b04edf686e6e1d265a67306a0b3a3c7a05edb83af2447b3,17249,3,True,False,0,True,True
household,/content/waste_datasets/household/garbage_classification/white-glass/white-glass34.jpg,white-glass,glass,True,512,384,RGB,ca0542181abb36215da026aa5c02b977ce8d4258878cee101fb4b6be30c32488,13464,3,True,False,0,True,True
household,/content/waste_datasets/household/garbage_classification/paper/paper911.jpg,paper,paper,True,512,384,RGB,ca1c78d4d0e8c917b7398a4dba4338dcf823f0069adaf11865a2b300cfea69b1,50437,3,True,False,0,True,True
household,/content/waste_datasets/household/garbage_classification/white-glass/white-glass242.jpg,white-glass,glass,True,512,384,RGB,ca258da504b7d4f324964fe3471115fe9c8ce08c83d9585f1a023ce60bcd8464,12675,2,True,False,0,True,True
household,/content/waste_datasets/household/garbage_classification/plastic/plastic291.jpg,plastic,plastic,True,512,384,RGB,ca3db4385012f56b510d13abc9b9871b5410af4dd09ad3535fdf6af638a24eae,12634,3,True,False,0,True,True
household,/content/waste_datasets/household/garbage_classification/paper/paper51.jpg,paper,paper,True,512,384,RGB,ca7957de64e9ed35415141e78514fd1d246c3a9b6451230619c36269ac513874,11322,3,True,False,0,True,True
household,/content/waste_datasets/household/garbage_classification/paper/paper700.jpg,paper,paper,True,512,384,RGB,ca927223253cf6eeb07d622add184e88cb158dca1e28b116e540c6e3d5f55902,18131,3,True,False,0,True,True
household,/content/waste_datasets/household/garbage_classification/white-glass/white-glass150.jpg,white-glass,glass,True,512,384,RGB,ca9825e95dcf5a0714175ca6ec0f441d495d82ce0e1c4f612d3ed064d38866f8,12131,3,True,False,0,True,True
household,/content/waste_datasets/household/garbage_classification/paper/paper864.jpg,paper,paper,True,512,384,RGB,ca9e1a9811589d9697a6ee9da588dbec665e765ac66aa25694f20795b3baaa8b,15889,3,True,False,0,True,True
household,/content/waste_datasets/household/garbage_classification/plastic/plastic405.jpg,plastic,plastic,True,512,384,RGB,caa7044e8e8913d0394c7fc4007dc9f40578e57d810e345e80badc68f809954f,19529,3,True,False,0,True,True
household,/content/waste_datasets/household/garbage_classification/white-glass/white-glass203.jpg,white-glass,glass,True,512,384,RGB,cb031871be0529ee77bb01b5d8526eeca41a71e8ef71c2e948958899791af680,15002,3,True,False,0,True,True
household,/content/waste_datasets/household/garbage_classification/paper/paper456.jpg,paper,paper,True,512,384,RGB,cb153343bdc4f1a6673a443d3f4e8ffc82f4cca6b5c6ef3ac144dd057311fe15,18363,3,True,False,0,True,True
household,/content/waste_datasets/household/garbage_classification/cardboard/cardboard23.jpg,cardboard,cardboard,True,512,384,RGB,cb18509203c2d290dfd7f7c89b371499e85eaaf6c1681dcb31c0548588c28429,15248,3,True,False,0,True,True
household,/content/waste_datasets/household/garbage_classification/plastic/plastic781.jpg,plastic,plastic,True,512,384,RGB,cb1e8246f2413ce6bdbf4ec97083a88eef3577ff55362fc0b0045373c514f641,9159,3,True,False,0,True,True
household,/content/waste_datasets/household/garbage_classification/white-glass/white-glass65.jpg,white-glass,glass,True,512,384,RGB,cb42abf2660a1074d8d6357dbf8665c89c08610580e7ac531082fb50b814ca36,14796,3,True,False,0,True,True
household,/content/waste_datasets/household/garbage_classification/paper/paper845.jpg,paper,paper,True,512,384,RGB,cb8c69c27362accb49e2caec57e62ebb29c2491f2532cf9015511fe049e3bc0e,37868,3,True,False,0,True,True
household,/content/waste_datasets/household/garbage_classification/cardboard/cardboard125.jpg,cardboard,cardboard,True,512,384,RGB,cbca9e105606e20b8c361a09798bb07c02397325d6886561c6f4f2ec26027e28,19034,3,True,False,0,True,True
household,/content/waste_datasets/household/garbage_classification/metal/metal230.jpg,metal,metal,True,512,384,RGB,cbcca3f28ab464eaf7ecd98412dba2417a7fcc9c6b6b47d0594ca1a86ed75bd6,15202,3,True,False,0,True,True
household,/content/waste_datasets/household/garbage_classification/paper/paper678.jpg,paper,paper,True,512,384,RGB,cc0b219c5a7c300b9802a9c81ee8180621d3c667540de93dbcf9e04d00787ec1,21106,3,True,False,0,True,True
household,/content/waste_datasets/household/garbage_classification/paper/paper980.jpg,paper,paper,True,512,384,RGB,cc1e46f9638b8c20b0f3ee2bf690f22608e8130315463e8bc20e4fcfe26f8edb,12944,3,True,False,0,True,True
household,/content/waste_datasets/household/garbage_classification/plastic/plastic682.jpg,plastic,plastic,True,512,384,RGB,cc4229329892f78ad0551448cbb1d659834e211bfce1aa839d4877b88f410c20,10683,3,True,False,0,True,True
household,/content/waste_datasets/household/garbage_classification/white-glass/white-glass693.jpg,white-glass,glass,True,512,384,RGB,cc7e7354f7f9e59579775e989e76ffb826a2693095033eeaa373a1ea3a62402d,16076,3,True,False,0,True,True
household,/content/waste_datasets/household/garbage_classification/white-glass/white-glass130.jpg,white-glass,glass,True,512,384,RGB,cc81d4bc6d925497c073a7c95c9621dd1c5f833028466beacbf0332aa356801e,17863,3,True,False,0,True,True
household,/content/waste_datasets/household/garbage_classification/brown-glass/brown-glass214.jpg,brown-glass,glass,True,512,384,RGB,cc8b5c6fd847ca243af6df91980ceb85b4ce88ae755effef7910b91a059740e3,11546,3,True,False,0,True,True
household,/content/waste_datasets/household/garbage_classification/metal/metal141.jpg,metal,metal,True,512,384,RGB,ccca49d58894f77b5bc0ef6224121e89c9adf02ea6397fb84c2c1b5e63eae4a1,14129,3,True,False,0,True,True
household,/content/waste_datasets/household/garbage_classification/white-glass/white-glass8.jpg,white-glass,glass,True,512,384,RGB,ccef76b1e159cf0e8ccefa3dfc1e73a23ce45a629a303dbb9d7375ec3e1f62be,19918,3,True,False,0,True,True
household,/content/waste_datasets/household/garbage_classification/cardboard/cardboard95.jpg,cardboard,cardboard,True,512,384,RGB,ccf7f4e88f3f8c986161937e52e741265572ca997555bacd2e5f0dd75508016a,22412,3,True,False,0,True,True
household,/content/waste_datasets/household/garbage_classification/cardboard/cardboard307.jpg,cardboard,cardboard,True,512,384,RGB,cd081eef211499354cc78174839d030bec4f76c196b794a4dbcaccdc0dde324a,21533,3,True,False,0,True,True
household,/content/waste_datasets/household/garbage_classification/paper/paper570.jpg,paper,paper,True,512,384,RGB,cd4a5cf9743d622d24635dd4409d906ee50d52679c2aa4c3615d5b93ecd07df3,39819,3,True,False,0,True,True
household,/content/waste_datasets/household/garbage_classification/plastic/plastic383.jpg,plastic,plastic,True,512,384,RGB,cd61bf3fc38601b928a272eb2f6890bb53323f6c86f2c2c0d7de648f1d3fc464,17433,3,True,False,0,True,True
household,/content/waste_datasets/household/garbage_classification/cardboard/cardboard299.jpg,cardboard,cardboard,True,512,384,RGB,cd8e7572765723c2187e3d5ccb0a2e9a0feb4b184d3d5f3ea798cb2b7683f69c,12192,3,True,False,0,True,True
household,/content/waste_datasets/household/garbage_classification/paper/paper758.jpg,paper,paper,True,512,384,RGB,cda964ec5e30e1577faf8aebb96410949f224b90f44dc96a09d42f3341edac42,12909,3,True,False,0,True,True
household,/content/waste_datasets/household/garbage_classification/paper/paper525.jpg,paper,paper,True,512,384,RGB,cdacf1d7696837231fa1c2d2a1806799398f29a54b74664a2d7501d259957de9,14717,3,True,False,0,True,True
household,/content/waste_datasets/household/garbage_classification/plastic/plastic73.jpg,plastic,plastic,True,512,384,RGB,cdb990f12cecb4b31a21ff16f7fb7db098bf62825606de5769571b1b1d988ff9,17428,3,True,False,0,True,True
household,/content/waste_datasets/household/garbage_classification/cardboard/cardboard139.jpg,cardboard,cardboard,True,512,384,RGB,cdbd6d14568286cd85c1ec1fbcefc95eb2f98d1d26935b526b2f858b244f166d,21252,3,True,False,0,True,True
household,/content/waste_datasets/household/garbage_classification/plastic/plastic342.jpg,plastic,plastic,True,512,384,RGB,cdc4a296c308d3a3eb9ab42c1362599ae73ddd9d28712813c3445a1107b3ccc5,15866,2,True,False,0,True,True
household,/content/waste_datasets/household/garbage_classification/plastic/plastic435.jpg,plastic,plastic,True,512,384,RGB,cddcdc2acedaa90d51f298ac2f6ab32a219eb318332763003502476e3dc55fd0,20976,3,True,False,0,True,True
household,/content/waste_datasets/household/garbage_classification/paper/paper566.jpg,paper,paper,True,512,384,RGB,cdeb2d58d2499ccecb23a9386cdc4beac90121e646c508ea7cdafb6545d0288d,43922,3,True,False,0,True,True
household,/content/waste_datasets/household/garbage_classification/plastic/plastic350.jpg,plastic,plastic,True,512,384,RGB,cdf31d4be271b09a4afdc70a58ea49bec20df0ac1b1d3b2b6d7336500ecbc503,13105,2,True,False,0,True,True
household,/content/waste_datasets/household/garbage_classification/paper/paper701.jpg,paper,paper,True,512,384,RGB,ce36bd2b62a5b22b9671d929fde69757759d9e4080c039d7f0c255d5471d5135,15739,3,True,False,0,True,True
household,/content/waste_datasets/household/garbage_classification/plastic/plastic358.jpg,plastic,plastic,True,512,384,RGB,ce58e1c64b496050a6b560fa57d5337a081bd1d1d532ff182a94f710e88f85eb,21688,3,True,False,0,True,True
household,/content/waste_datasets/household/garbage_classification/metal/metal333.jpg,metal,metal,True,512,384,RGB,ce674090d08a49192555a3804365a2ba79f564c7d7372f370d2ec031e278b386,19199,3,True,False,0,True,True
household,/content/waste_datasets/household/garbage_classification/cardboard/cardboard49.jpg,cardboard,cardboard,True,512,384,RGB,ce76dce4cb943e15ab516ae2b71f241ad19426b8dd6f26c30dd67ccf5d233f73,16882,3,True,False,0,True,True
household,/content/waste_datasets/household/garbage_classification/plastic/plastic422.jpg,plastic,plastic,True,512,384,RGB,ce76f8922e3279d04f3b73d6f2bf485687643244d8620b7f9af9cbc97c3152ce,9831,3,True,False,0,True,True
household,/content/waste_datasets/household/garbage_classification/paper/paper565.jpg,paper,paper,True,512,384,RGB,ce7b18a78bc9aa266bb4af742901b0f6b7e2bfc4a7e772d00107e043f43e6af2,13730,3,True,False,0,True,True
household,/content/waste_datasets/household/garbage_classification/white-glass/white-glass82.jpg,white-glass,glass,True,512,384,RGB,ce89bfee8b75b95af1f1dac7ed0daee2459e0f1b3fb68016b264d9e46f83be5e,18292,2,True,False,0,True,True
household,/content/waste_datasets/household/garbage_classification/cardboard/cardboard37.jpg,cardboard,cardboard,True,512,384,RGB,ce928b2777c2f4ead19f07cb8e673cff4b9b8f3b7472d2d3a184c6e6d8aaae41,8417,3,True,False,0,True,True
household,/content/waste_datasets/household/garbage_classification/plastic/plastic9.jpg,plastic,plastic,True,512,384,RGB,ceb4d3b5df9f6fac3cb972ac7a7abf9848791ccbcb7af21734554b3965b98509,21245,3,True,False,0,True,True
household,/content/waste_datasets/household/garbage_classification/plastic/plastic39.jpg,plastic,plastic,True,512,384,RGB,cecc06948d588377f99f12737cc59221531f74f3f2da80b8fcbb0524a0b1d507,26606,3,True,False,0,True,True
household,/content/waste_datasets/household/garbage_classification/green-glass/green-glass173.jpg,green-glass,glass,True,512,384,RGB,ced562f62b3e7082287976d5b69a827eb303528a0ef9d9cf9aca0091162cb154,10776,3,True,False,0,True,True
household,/content/waste_datasets/household/garbage_classification/metal/metal22.jpg,metal,metal,True,512,384,RGB,cf0dbed4a17ca4e94805d9649d2f3fa00b6e4b19d1b401f10b5c54bf5e280fe1,18517,3,True,False,0,True,True
household,/content/waste_datasets/household/garbage_classification/white-glass/white-glass62.jpg,white-glass,glass,True,512,384,RGB,cf13e8d4c14218624204d76fb2cfe3c74b15f07965d1b6c780b1617f1461bbdd,16358,3,True,False,0,True,True
household,/content/waste_datasets/household/garbage_classification/cardboard/cardboard190.jpg,cardboard,cardboard,True,512,384,RGB,cf30fceb14b4638f56b5be8c0bac37051cdc971cc24055762abb7d75b6086ba5,21298,3,True,False,0,True,True
household,/content/waste_datasets/household/garbage_classification/cardboard/cardboard173.jpg,cardboard,cardboard,True,512,384,RGB,cf3ca7021af61d06c5baf94e3974acd09df0f7ac5168c588f89b094dbebe8167,15612,3,True,False,0,True,True
household,/content/waste_datasets/household/garbage_classification/paper/paper1020.jpg,paper,paper,True,512,384,RGB,cf4d6f56134e7a8a6d914165047ff9399a953cad758b57f4fbad45369e045d6c,8137,3,True,False,0,True,True
household,/content/waste_datasets/household/garbage_classification/metal/metal359.jpg,metal,metal,True,512,384,RGB,cf67e6c88793b244bfc3cdf8d6389c475c8641cc4b33bb720d87c8a49ffefa20,13519,3,True,False,0,True,True
household,/content/waste_datasets/household/garbage_classification/paper/paper815.jpg,paper,paper,True,512,384,RGB,cfa21de8e6076f3fe36fbb4adc3d70af54c4a6a25b4d9152881aae08e31c0bf3,13335,3,True,False,0,True,True
household,/content/waste_datasets/household/garbage_classification/paper/paper30.jpg,paper,paper,True,512,384,RGB,cfc16f691225374dedc84d4fdaa372b3350aa7ec2499250b6e9cd120f159eaaa,39784,3,True,False,0,True,True
household,/content/waste_datasets/household/garbage_classification/plastic/plastic712.jpg,plastic,plastic,True,512,384,RGB,cfd035c8c4400a35408be51e5e4219f01104e858e689779ef1972755e2612955,12935,3,True,False,0,True,True
household,/content/waste_datasets/household/garbage_classification/brown-glass/brown-glass269.jpg,brown-glass,glass,True,512,384,RGB,cfda64d080b5f77200ba4afe4ee4e2feca0b32618365629f8f0bf6084b5110c1,16083,3,True,False,0,True,True
household,/content/waste_datasets/household/garbage_classification/plastic/plastic227.jpg,plastic,plastic,True,512,384,RGB,d011086eef5790df6f9109c38ad6b5cf601879fc4c7d0247c4e4006362bc1eaf,12225,3,True,False,0,True,True
household,/content/waste_datasets/household/garbage_classification/metal/metal458.jpg,metal,metal,True,512,384,RGB,d0479555d7dcd71fdda3e7261513819c01c56987b680c74152de143d62cfb400,14411,3,True,False,0,True,True
household,/content/waste_datasets/household/garbage_classification/paper/paper38.jpg,paper,paper,True,512,384,RGB,d048ba0a934e54c5d61b0bf6c1fa7c6a08955481a780e8aa40b28450a2c2b1db,18504,3,True,False,0,True,True
household,/content/waste_datasets/household/garbage_classification/cardboard/cardboard229.jpg,cardboard,cardboard,True,512,384,RGB,d0794e6bc06131435a388869c9d836045538403bc261d45e213d6adb72eac80c,20666,3,True,False,0,True,True
household,/content/waste_datasets/household/garbage_classification/cardboard/cardboard109.jpg,cardboard,cardboard,True,512,384,RGB,d0933f3b77f8a7ff2f269a6fdb641fe22c94bb06a4ee54099cc5761d48b73fed,17434,3,True,False,0,True,True
household,/content/waste_datasets/household/garbage_classification/green-glass/green-glass197.jpg,green-glass,glass,True,512,384,RGB,d0c85bea887f625ee9a5e2625d559516ec471a7e94d5b2d52b2abbde1b19b299,10178,3,True,False,0,True,True
household,/content/waste_datasets/household/garbage_classification/plastic/plastic144.jpg,plastic,plastic,True,512,384,RGB,d0c8c6c75bcdd5dd0b50d012c0c4cd15ccb78dcb1efcea8f5fa7409948743956,19508,3,True,False,0,True,True
household,/content/waste_datasets/household/garbage_classification/cardboard/cardboard883.jpg,cardboard,cardboard,True,512,384,RGB,d0d33e05ddf5a1464af7d3ceed2d30dc161bdd7ac140402020091087c4e6f6d9,13946,3,True,False,0,True,True
household,/content/waste_datasets/household/garbage_classification/metal/metal66.jpg,metal,metal,True,512,384,RGB,d0ec9cfc4fcd1e4f8d2ce2acef9a3390ef42f98a0bda76935e4a218d55265ebf,27048,3,True,False,0,True,True
household,/content/waste_datasets/household/garbage_classification/metal/metal277.jpg,metal,metal,True,512,384,RGB,d1027e3400963946dadd07fb36ef43d95c5fd7bb11c72f4ff7e8f1a59e1d9851,16308,3,True,False,0,True,True
household,/content/waste_datasets/household/garbage_classification/white-glass/white-glass238.jpg,white-glass,glass,True,512,384,RGB,d117e7901d180b39bb9e23bcbdc3202f77b87de6d5ef089f6e50da189a4875b6,15081,2,True,False,0,True,True
household,/content/waste_datasets/household/garbage_classification/white-glass/white-glass198.jpg,white-glass,glass,True,512,384,RGB,d1191fd240d92a8da142b942db5f34286e18796d39d3391243eae257769246da,20297,3,True,False,0,True,True
household,/content/waste_datasets/household/garbage_classification/green-glass/green-glass396.jpg,green-glass,glass,True,512,384,RGB,d12e1f54eb875db98f49cbe4bcf8c463b095331e8867696dbedf30c8e57bdccf,12873,3,True,False,0,True,True
household,/content/waste_datasets/household/garbage_classification/paper/paper834.jpg,paper,paper,True,512,384,RGB,d1537715f2321342c5346657f36e404b78d82acd7eadf4e188d1cc2037249522,14242,3,True,False,0,True,True
household,/content/waste_datasets/household/garbage_classification/paper/paper17.jpg,paper,paper,True,512,384,RGB,d1617cc3a51acea892e1cfb461502ff7b02be2e2da0ae766c5e8beab3f3c741e,12764,3,True,False,0,True,True
household,/content/waste_datasets/household/garbage_classification/cardboard/cardboard203.jpg,cardboard,cardboard,True,512,384,RGB,d1ea540ae48743c2d49eeb92a92f1a9dd42719f7ca461be64c29ffe7fff05462,14571,3,True,False,0,True,True
household,/content/waste_datasets/household/garbage_classification/paper/paper772.jpg,paper,paper,True,512,384,RGB,d20cc7e0a9cbbdc163183c88cc37d65d40156001f931568b5bd944f42ce433aa,12548,3,True,False,0,True,True
household,/content/waste_datasets/household/garbage_classification/plastic/plastic447.jpg,plastic,plastic,True,512,384,RGB,d22ed88164908ca988680a02df3f580e439258df4b378901f25d83c1cd77bec1,16649,3,True,False,0,True,True
household,/content/waste_datasets/household/garbage_classification/white-glass/white-glass87.jpg,white-glass,glass,True,512,384,RGB,d24fc812595f6819e2a6cfa39e47a6426cfa0a9b9775eb7727cd8f39c0455c1f,19092,3,True,False,0,True,True
household,/content/waste_datasets/household/garbage_classification/paper/paper894.jpg,paper,paper,True,512,384,RGB,d27e94858036fc53947cb3d3747d7bf1f1dc8cddf6d03bffa1f4742b84b61d6f,16137,3,True,False,0,True,True
household,/content/waste_datasets/household/garbage_classification/paper/paper19.jpg,paper,paper,True,512,384,RGB,d2976d8bd28f32817e8449f4aa100d10dddd104fef8e08b2eabadc16e54dcd3a,17230,3,True,False,0,True,True
household,/content/waste_datasets/household/garbage_classification/paper/paper660.jpg,paper,paper,True,512,384,RGB,d2bc44636b344f57a36a41d2c167c85dde8186ab8e1671a78f67fe4427efdd96,40386,3,True,False,0,True,True
household,/content/waste_datasets/household/garbage_classification/paper/paper914.jpg,paper,paper,True,512,384,RGB,d2d123d51e11e981788c64765fa540b995752c173f828cc8d6d71f07bb637027,11158,3,True,False,0,True,True
household,/content/waste_datasets/household/garbage_classification/metal/metal287.jpg,metal,metal,True,512,384,RGB,d2dd71182401d8bf5435688d69f63b8f39180d5d8f30c1953bbd663f7a0ab011,16328,3,True,False,0,True,True
household,/content/waste_datasets/household/garbage_classification/white-glass/white-glass704.jpg,white-glass,glass,True,512,384,RGB,d3189e6c0168e9d3e173a1a5f1b39ffc1b0897d142fa9ac5cf8c0ec1f0e9fd59,12011,3,True,False,0,True,True
household,/content/waste_datasets/household/garbage_classification/plastic/plastic433.jpg,plastic,plastic,True,512,384,RGB,d330491aa03dbaa550fb4729c87c3a82082785918068e2de501c0ff2b30f1e25,18271,3,True,False,0,True,True
household,/content/waste_datasets/household/garbage_classification/cardboard/cardboard14.jpg,cardboard,cardboard,True,512,384,RGB,d348d8b5c733bbc3fe31c40bcf57999eedfbfd6aee6184b73d33f1e0d62a3b9c,18641,3,True,False,0,True,True
household,/content/waste_datasets/household/garbage_classification/cardboard/cardboard141.jpg,cardboard,cardboard,True,512,384,RGB,d36c3441712e40f3f10a6b07aa076ffb9439d9872183f6bbfa6d0d7b8909a568,28433,3,True,False,0,True,True
household,/content/waste_datasets/household/garbage_classification/cardboard/cardboard167.jpg,cardboard,cardboard,True,512,384,RGB,d3883ce118f2e6e671abe8bedb60624b33268aada4745ca60b91b1d3731e571e,19238,3,True,False,0,True,True
household,/content/waste_datasets/household/garbage_classification/plastic/plastic38.jpg,plastic,plastic,True,512,384,RGB,d389cfc7a268ded1252e78efc1e7aa498dc63474907c935fcfd1767f273ea7a9,14988,3,True,False,0,True,True
household,/content/waste_datasets/household/garbage_classification/plastic/plastic106.jpg,plastic,plastic,True,512,384,RGB,d38eed6abb53bab0066797a23de7260e23ba0f6c2f2912d968633edfe5a49510,15219,3,True,False,0,True,True
household,/content/waste_datasets/household/garbage_classification/metal/metal106.jpg,metal,metal,True,512,384,RGB,d3982a15a88776bcddc2a257b2d319d69c3bd23a1bbd7b5c121818da85f4a7a5,17189,3,True,False,0,True,True
household,/content/waste_datasets/household/garbage_classification/plastic/plastic251.jpg,plastic,plastic,True,512,384,RGB,d39aaa99980604a54b7b6fc5173a36dd8138b8dde3f3e4bae486a1ed78e78437,13788,3,True,False,0,True,True
household,/content/waste_datasets/household/garbage_classification/paper/paper500.jpg,paper,paper,True,512,384,RGB,d3bc514ef97f8e6848541583ce9017b028bef4758d2626426a51b3401b7858d9,15495,3,True,False,0,True,True
household,/content/waste_datasets/household/garbage_classification/white-glass/white-glass48.jpg,white-glass,glass,True,512,384,RGB,d40b14d0534ff7218d4eb292b3bcf4e41c7db8f62f1a29e7f88dca2432fddf16,8649,3,True,False,0,True,True
household,/content/waste_datasets/household/garbage_classification/plastic/plastic179.jpg,plastic,plastic,True,512,384,RGB,d4143c9315967ea98cad769421cfe61b87036ce99a1faf670277eee1801d9c73,9689,3,True,False,0,True,True
household,/content/waste_datasets/household/garbage_classification/paper/paper802.jpg,paper,paper,True,512,384,RGB,d419be16b9299f863b9cb62b392221ba0b7f7ee9723b93ee2aa39d6efab64ef9,13372,3,True,False,0,True,True
household,/content/waste_datasets/household/garbage_classification/metal/metal170.jpg,metal,metal,True,512,384,RGB,d42e4bd40295da53f363f4f83037e474f9d7d55328fa93503697c0ec90022b16,22311,3,True,False,0,True,True
household,/content/waste_datasets/household/garbage_classification/metal/metal329.jpg,metal,metal,True,512,384,RGB,d440385492b0c12a78b3bbfd9636491807fa5f823350c77d3482f685b18df872,23529,3,True,False,0,True,True
household,/content/waste_datasets/household/garbage_classification/plastic/plastic444.jpg,plastic,plastic,True,512,384,RGB,d4607fbc266410204ecacbc03e5e084c8a7153d53a6155f32b6a26f1c7eb48db,14758,3,True,False,0,True,True
household,/content/waste_datasets/household/garbage_classification/metal/metal266.jpg,metal,metal,True,512,384,RGB,d4640c1eaa6fe9076189ffae38795607d57c399f278596f2ef2a851c0a7f1669,10076,3,True,False,0,True,True
household,/content/waste_datasets/household/garbage_classification/cardboard/cardboard887.jpg,cardboard,cardboard,True,512,384,RGB,d46cb1df29467b1ab46333d2a838225aa1f40af0164c54ba97630df53c926ed9,14571,3,True,False,0,True,True
household,/content/waste_datasets/household/garbage_classification/metal/metal295.jpg,metal,metal,True,512,384,RGB,d476473e802901fc009eb708a3a41c5198fd3ed9ccef527c48de890bcbaa14cb,16462,3,True,False,0,True,True
household,/content/waste_datasets/household/garbage_classification/white-glass/white-glass138.jpg,white-glass,glass,True,512,384,RGB,d4816cc6379b22bfcbcb6709337e08dfc0bb6c037bf20072fa79dc63b628442f,15328,3,True,False,0,True,True
household,/content/waste_datasets/household/garbage_classification/metal/metal411.jpg,metal,metal,True,512,384,RGB,d488a0d87996ab3c28b07d248c3b0b0b623d869e8a0b59a1272c8e2271f7f7e3,15063,3,True,False,0,True,True
household,/content/waste_datasets/household/garbage_classification/cardboard/cardboard826.jpg,cardboard,cardboard,True,512,384,RGB,d4af0e938445156556763cb843543edde80b739fbdececcca278c48dd9368d8b,23224,3,True,False,0,True,True
household,/content/waste_datasets/household/garbage_classification/cardboard/cardboard241.jpg,cardboard,cardboard,True,512,384,RGB,d4bcbe962c81694fe3862ea7c6fa72c0d7ad175d17e8e4b10349144267496068,16603,3,True,False,0,True,True
household,/content/waste_datasets/household/garbage_classification/brown-glass/brown-glass210.jpg,brown-glass,glass,True,512,384,RGB,d4f6d4e6f897648ce1a523728b448c2942d307b91fed51a070a5bbd095d05553,8475,2,True,False,0,True,True
household,/content/waste_datasets/household/garbage_classification/white-glass/white-glass106.jpg,white-glass,glass,True,512,384,RGB,d5057cdf842f5929b03b495db6ae2438582accf9e96acb641b43ffb3a450279c,14796,3,True,False,0,True,True
household,/content/waste_datasets/household/garbage_classification/paper/paper647.jpg,paper,paper,True,512,384,RGB,d5089d5391b1c8c5223c84d74f3cd937c89f32967ff3086f8db6e80180144502,13086,3,True,False,0,True,True
household,/content/waste_datasets/household/garbage_classification/cardboard/cardboard303.jpg,cardboard,cardboard,True,512,384,RGB,d52a5c162cad2b925ba37e49fee6644008f70c341b286c178127c4424ca1c04b,20160,3,True,False,0,True,True
household,/content/waste_datasets/household/garbage_classification/white-glass/white-glass136.jpg,white-glass,glass,True,512,384,RGB,d53ad6e2e26c9bd3321a0c003985d87eec9d1e6c77bd6442fd078c1a93f595dd,15061,3,True,False,0,True,True
household,/content/waste_datasets/household/garbage_classification/paper/paper600.jpg,paper,paper,True,512,384,RGB,d54aaa167187bf43c3d5ff8cd082d2ef7766089bb5fb35755fd5cd959ca89a1a,13555,3,True,False,0,True,True
household,/content/waste_datasets/household/garbage_classification/cardboard/cardboard60.jpg,cardboard,cardboard,True,512,384,RGB,d550d9d6c2b831d3dee5bb985a259a4f872df22baaf2a1e04113350e54a2e264,14810,3,True,False,0,True,True
household,/content/waste_datasets/household/garbage_classification/metal/metal107.jpg,metal,metal,True,512,384,RGB,d5601d2eca8d41260c636e4c2059104b662a397df77b1e7b222514dbc653439d,23236,3,True,False,0,True,True
household,/content/waste_datasets/household/garbage_classification/paper/paper560.jpg,paper,paper,True,512,384,RGB,d5801a74fef2861c4b3dc48a909e6b391760bc7ce671a5fd83b043bfd9afd744,38499,3,True,False,0,True,True
household,/content/waste_datasets/household/garbage_classification/cardboard/cardboard207.jpg,cardboard,cardboard,True,512,384,RGB,d59a4102cd59f11f979bf7d8a20b83059d73c7447379b8be663912515c8bf0e1,19083,3,True,False,0,True,True
household,/content/waste_datasets/household/garbage_classification/paper/paper791.jpg,paper,paper,True,512,384,RGB,d5b57b5ebb185828d39e7fcbb374c6281861aceff9dadb592d6f6ec3d770382d,20513,3,True,False,0,True,True
household,/content/waste_datasets/household/garbage_classification/plastic/plastic484.jpg,plastic,plastic,True,512,384,RGB,d5f394f916d68814087c06ef285e28536dfbb0355a714f98834739e2ff3a8ad6,18614,3,True,False,0,True,True
household,/content/waste_datasets/household/garbage_classification/brown-glass/brown-glass143.jpg,brown-glass,glass,True,512,384,RGB,d5f5b7ce86ffe3c06d42e6ba98d7a390fd576dfeebb0228ca63f1951e4d58a8e,13854,2,True,False,0,True,True
household,/content/waste_datasets/household/garbage_classification/cardboard/cardboard32.jpg,cardboard,cardboard,True,512,384,RGB,d5faa87e6021912bc14add04f04c9cf6548dc920a750e47680696d8db6de25ed,15607,3,True,False,0,True,True
household,/content/waste_datasets/household/garbage_classification/paper/paper564.jpg,paper,paper,True,512,384,RGB,d605c225ee7dbe2be3bb51cde76acf488f8062dda3060d83c0121eeedd9c0acd,26421,3,True,False,0,True,True
household,/content/waste_datasets/household/garbage_classification/metal/metal361.jpg,metal,metal,True,512,384,RGB,d609ce97e15c2f639d2b01d0ee3d07e30bd099964371c6f2476ace03aa37b079,18332,3,True,False,0,True,True
household,/content/waste_datasets/household/garbage_classification/plastic/plastic259.jpg,plastic,plastic,True,512,384,RGB,d61be560ee231eac62e7dc581fc44160644ba269c08cd9fa6eea7d9e68a9162d,23942,3,True,False,0,True,True
household,/content/waste_datasets/household/garbage_classification/green-glass/green-glass145.jpg,green-glass,glass,True,512,384,RGB,d65ac069201523a3e4cb1adb2748522da9e37dd422c174584761507414ffa7a2,17124,3,True,False,0,True,True
household,/content/waste_datasets/household/garbage_classification/paper/paper41.jpg,paper,paper,True,512,384,RGB,d6634f6f19033597aa8bf6409e7f63cc3bf7ee807dd5bcd4d1cd1201ede72683,54384,3,True,False,0,True,True
household,/content/waste_datasets/household/garbage_classification/white-glass/white-glass128.jpg,white-glass,glass,True,512,384,RGB,d6d9f191f330bb9f9268e70e835f5a24ad80cd19157d0b29c218b218cc765826,13503,3,True,False,0,True,True
household,/content/waste_datasets/household/garbage_classification/plastic/plastic264.jpg,plastic,plastic,True,512,384,RGB,d6e431fd641f389899dba14f30f9d6191908264c7cef4a80567b67c97a9b21f7,27651,3,True,False,0,True,True
household,/content/waste_datasets/household/garbage_classification/plastic/plastic343.jpg,plastic,plastic,True,512,384,RGB,d6f6a0c3089a770f97cfc4349c17a2d689daef2547084c66525d81eb342e4cac,11017,2,True,False,0,True,True
household,/content/waste_datasets/household/garbage_classification/cardboard/cardboard29.jpg,cardboard,cardboard,True,512,384,RGB,d701faf2b056316b6198b2e5e07030b2308e8474d4cf30e9543728591f2acbda,15509,3,True,False,0,True,True
household,/content/waste_datasets/household/garbage_classification/cardboard/cardboard231.jpg,cardboard,cardboard,True,512,384,RGB,d73ced2cbeec5aeb982aa5063d53c22598c367b5694743e7131fe12af74e23e2,25259,3,True,False,0,True,True
household,/content/waste_datasets/household/garbage_classification/cardboard/cardboard149.jpg,cardboard,cardboard,True,512,384,RGB,d7923c86af0b7870a618b7d8f53cc11094d0250b8ec67bcb4cc6f6bd1cf15b9e,22432,3,True,False,0,True,True
household,/content/waste_datasets/household/garbage_classification/brown-glass/brown-glass230.jpg,brown-glass,glass,True,512,384,RGB,d7a3a28f5267c6ff29a10be760c053ad8c4c66a3da554ec52db4464447171c1b,10943,3,True,False,0,True,True
household,/content/waste_datasets/household/garbage_classification/plastic/plastic56.jpg,plastic,plastic,True,512,384,RGB,d7aadb2e515592b20886b8412cc70d0e6070e8c793623ea0da87cbe8451d565c,19012,3,True,False,0,True,True
household,/content/waste_datasets/household/garbage_classification/paper/paper878.jpg,paper,paper,True,512,384,RGB,d7bd28ad16f0c2f6cca6d0f884545ee188c4be28b214c70236c573dc9a7e3070,24507,3,True,False,0,True,True
household,/content/waste_datasets/household/garbage_classification/plastic/plastic372.jpg,plastic,plastic,True,512,384,RGB,d7c14e5747561134b2a4a1ffcb404f87eba78be9d0866c183962bd6fa48f0373,7604,2,True,False,0,True,True
household,/content/waste_datasets/household/garbage_classification/white-glass/white-glass51.jpg,white-glass,glass,True,512,384,RGB,d7d662f3401f041160dbc303d824183bb50875f5ebc9bb36e061afb47e910289,11272,3,True,False,0,True,True
household,/content/waste_datasets/household/garbage_classification/white-glass/white-glass116.jpg,white-glass,glass,True,512,384,RGB,d7e92c0bf35bbd89e620301bbb9418c4dd402514da897fe341f523b8ca82e5c5,11163,3,True,False,0,True,True
household,/content/waste_datasets/household/garbage_classification/paper/paper945.jpg,paper,paper,True,512,384,RGB,d80bf1a350dcd8174b3adb8855b942f3c44f3dfdcd9d09bd68e010d6d9681716,27931,3,True,False,0,True,True
household,/content/waste_datasets/household/garbage_classification/plastic/plastic373.jpg,plastic,plastic,True,512,384,RGB,d80c2be26802da61053a83ee095eac4460a9a505cc9b757fddcc3649aaa48265,19885,3,True,False,0,True,True
household,/content/waste_datasets/household/garbage_classification/brown-glass/brown-glass181.jpg,brown-glass,glass,True,512,384,RGB,d817076b3146b09fccaef94569900837a6f6c8c0524fd6d443f6234fc7e2897a,15256,3,True,False,0,True,True
household,/content/waste_datasets/household/garbage_classification/plastic/plastic376.jpg,plastic,plastic,True,512,384,RGB,d85046400205055ef166783630adfb2df8399a67a8e8039cb203a1cd14e4b886,8646,3,True,False,0,True,True
household,/content/waste_datasets/household/garbage_classification/brown-glass/brown-glass258.jpg,brown-glass,glass,True,512,384,RGB,d8533c1dd6d3f32099db8e6e571d290a3c66a1af4d5bbbf5682f4bfb2bdbe6bb,13805,3,True,False,0,True,True
household,/content/waste_datasets/household/garbage_classification/metal/metal305.jpg,metal,metal,True,512,384,RGB,d85410f8e776047a7bf5c3c436182af44dda80d76d0a4952de4da0112f8830fc,13420,3,True,False,0,True,True
household,/content/waste_datasets/household/garbage_classification/cardboard/cardboard329.jpg,cardboard,cardboard,True,512,384,RGB,d856fd4588ce3e9b629c6791fa95b6e4d6d8bd6747b79bb83101011284a60268,16638,3,True,False,0,True,True
household,/content/waste_datasets/household/garbage_classification/cardboard/cardboard804.jpg,cardboard,cardboard,True,512,384,RGB,d886f1cb47cd1c4e22bbd89c058932961e1e872be7540f2e7cca1a5f2fb289b8,9813,3,True,False,0,True,True
household,/content/waste_datasets/household/garbage_classification/cardboard/cardboard7.jpg,cardboard,cardboard,True,512,384,RGB,d88df2bceff6f2702c550f6f78e64eb598a9fb961222f83de9ede85fea44fc45,21767,3,True,False,0,True,True
household,/content/waste_datasets/household/garbage_classification/cardboard/cardboard671.jpg,cardboard,cardboard,True,512,384,RGB,d89184da82f070e7b41f440bf1998dcd79cf20f27de0fd5f48f92d89d71de15d,26770,3,True,False,0,True,True
household,/content/waste_datasets/household/garbage_classification/metal/metal450.jpg,metal,metal,True,512,384,RGB,d8b064ff312daf7f8b73c4b32a880226fa78ddb27a7f07d9aa3dd4b7e7fc03cb,22949,3,True,False,0,True,True
household,/content/waste_datasets/household/garbage_classification/cardboard/cardboard294.jpg,cardboard,cardboard,True,512,384,RGB,d8b0f41dfe01beabe7bf3c0a7cf6e6e984e4a16e5ce5455aa6a0869fbf3018a3,16483,3,True,False,0,True,True
household,/content/waste_datasets/household/garbage_classification/paper/paper13.jpg,paper,paper,True,512,384,RGB,d8c79e0835bfb6b529992843389520a81a55ac723387e2e70bb7a2c495ceb7ee,23598,2,True,False,0,True,True
household,/content/waste_datasets/household/garbage_classification/metal/metal23.jpg,metal,metal,True,512,384,RGB,d8f0db0dcff647999334dd6f536cebf06457e8c8010a681cfbf8145d791ec542,12597,3,True,False,0,True,True
household,/content/waste_datasets/household/garbage_classification/cardboard/cardboard302.jpg,cardboard,cardboard,True,512,384,RGB,d93b97232606619e72649f54c1a5a925f018bc2c94a606725a6f6045e2d76486,22891,3,True,False,0,True,True
household,/content/waste_datasets/household/garbage_classification/paper/paper561.jpg,paper,paper,True,512,384,RGB,d93f7c96ae0c7af515d9c684b47fb7edae53cb35c72ffa26ca214fc87e990dd4,39243,3,True,False,0,True,True
household,/content/waste_datasets/household/garbage_classification/metal/metal185.jpg,metal,metal,True,512,384,RGB,d984583b9ff25cfa175329f01af7c88fe3b75160ae751bfaea46ff39800b7f72,16875,3,True,False,0,True,True
household,/content/waste_datasets/household/garbage_classification/metal/metal17.jpg,metal,metal,True,512,384,RGB,d987ae5147a0e9274c7599521f0797990c94820e28f27e6f8cba1cde590fd147,16220,3,True,False,0,True,True
household,/content/waste_datasets/household/garbage_classification/white-glass/white-glass239.jpg,white-glass,glass,True,512,384,RGB,d9bc8f7a838f6c01140ba373b3866d137706f05faef25ad0fb2870893905607d,18586,2,True,False,0,True,True
household,/content/waste_datasets/household/garbage_classification/brown-glass/brown-glass217.jpg,brown-glass,glass,True,512,384,RGB,d9f9c7a9d266eeba9ab3690743b9802ba306d90f4176467abad71d83b11974d3,10399,3,True,False,0,True,True
household,/content/waste_datasets/household/garbage_classification/cardboard/cardboard267.jpg,cardboard,cardboard,True,512,384,RGB,d9fb7bd8d7022f02394fe714ad0f99da54057835c1c0a22ce80953c776f1d342,17127,3,True,False,0,True,True
household,/content/waste_datasets/household/garbage_classification/green-glass/green-glass171.jpg,green-glass,glass,True,512,384,RGB,da46655e8cb61f112ce7e5ee2c7d84a2f58f70e2dc84e9fd24a4b531e11fba40,9445,3,True,False,0,True,True
household,/content/waste_datasets/household/garbage_classification/brown-glass/brown-glass165.jpg,brown-glass,glass,True,512,384,RGB,da59384bc0cec94c8f3b5b4e9fb60fc43037651a2eef134ad3e9cc54ee0a0c61,15006,3,True,False,0,True,True
household,/content/waste_datasets/household/garbage_classification/cardboard/cardboard94.jpg,cardboard,cardboard,True,512,384,RGB,da59749d8ac3a70598658f13558c4b632f968ac1a5fa4eac9af6d28278f33b18,15190,3,True,False,0,True,True
household,/content/waste_datasets/household/garbage_classification/metal/metal137.jpg,metal,metal,True,512,384,RGB,da59c3fa97ea7e9ef2e374a7ccc4cc84d350f3a3e4bcefc6e601d0cc4ecae7ed,12348,3,True,False,0,True,True
household,/content/waste_datasets/household/garbage_classification/cardboard/cardboard305.jpg,cardboard,cardboard,True,512,384,RGB,da5c633ef062700959779e2480f0bf45cd529517ba984bdf85e4e28bb1a39359,22412,3,True,False,0,True,True
household,/content/waste_datasets/household/garbage_classification/metal/metal198.jpg,metal,metal,True,512,384,RGB,da5cefeb7ff32970800dbaf3a405ac871ada19c7ef33ced9aa3b1fdacc5f4b6d,21524,3,True,False,0,True,True
household,/content/waste_datasets/household/garbage_classification/plastic/plastic406.jpg,plastic,plastic,True,512,384,RGB,da60dcee4982606118f20c988e3740daa3e23feb4335a37a5fc3aa9e16d10f66,9647,3,True,False,0,True,True
household,/content/waste_datasets/household/garbage_classification/white-glass/white-glass529.jpg,white-glass,glass,True,512,384,RGB,da6da5f684a7073a2a22c2e01e1ff7fe2122bc543e28b4573be1f84a049a1f4e,14494,3,True,False,0,True,True
household,/content/waste_datasets/household/garbage_classification/green-glass/green-glass600.jpg,green-glass,glass,True,512,384,RGB,daa3971aef106813c3603b288b931a33b4344a16fd38957aa8495f31c7b9b0b7,18027,3,True,False,0,True,True
household,/content/waste_datasets/household/garbage_classification/paper/paper866.jpg,paper,paper,True,512,384,RGB,daa82d2d089366dbe95e8ccbbb1b33708346b1a0f697f5b63f65b173bd9a2419,28609,3,True,False,0,True,True
household,/content/waste_datasets/household/garbage_classification/plastic/plastic397.jpg,plastic,plastic,True,512,384,RGB,daaba9da8e9b2d76aae5c21030392f8069bd053c9993b2b227f6df5ded49e03a,13254,3,True,False,0,True,True
household,/content/waste_datasets/household/garbage_classification/paper/paper859.jpg,paper,paper,True,512,384,RGB,dab73df4daa8ad0d4b5e8b8225c6c9e148746690a83c8e1ef36a3a3524297130,19883,3,True,False,0,True,True
household,/content/waste_datasets/household/garbage_classification/metal/metal271.jpg,metal,metal,True,512,384,RGB,dabdac91a08ee596961bca73e03562282a4298ebffa8477e090b3262f08b3d98,16577,3,True,False,0,True,True
household,/content/waste_datasets/household/garbage_classification/white-glass/white-glass22.jpg,white-glass,glass,True,512,384,RGB,dad8d57ce5f7de43c823e6cd481af0b53ae1f3dc41d92beef37fea03527b47de,6067,2,True,False,0,True,True
household,/content/waste_datasets/household/garbage_classification/white-glass/white-glass243.jpg,white-glass,glass,True,512,384,RGB,dae1f718c542a2efc4c34da768dab69848af36d4c4d465246476c11a363d0cee,20003,2,True,False,0,True,True
household,/content/waste_datasets/household/garbage_classification/paper/paper1012.jpg,paper,paper,True,512,384,RGB,dae4a870646cd9b6ab60cbbc6bbc97460418323240824a32efda2f42f605bd26,17562,3,True,False,0,True,True
household,/content/waste_datasets/household/garbage_classification/plastic/plastic785.jpg,plastic,plastic,True,512,384,RGB,daeebc24a8ebcbfdc7b1c383c6d745a188ead378d37db005f532a0fdd8c8d38a,9972,3,True,False,0,True,True
household,/content/waste_datasets/household/garbage_classification/white-glass/white-glass346.jpg,white-glass,glass,True,512,384,RGB,db092d75f47c3c9d7ef9915ed78f404590ac1ada9955085dd10fd30677c4964e,11657,3,True,False,0,True,True
household,/content/waste_datasets/household/garbage_classification/cardboard/cardboard78.jpg,cardboard,cardboard,True,512,384,RGB,db13544f3b344b8f49b2c2da857ad0aabe503fbae3a08c7ac4526bd86ea27a1b,24654,3,True,False,0,True,True
household,/content/waste_datasets/household/garbage_classification/white-glass/white-glass774.jpg,white-glass,glass,True,512,384,RGB,db48a5adf6045033eee5eca0bc6459367d106f18d15f7b9778655ed93a204d97,7678,3,True,False,0,True,True
household,/content/waste_datasets/household/garbage_classification/paper/paper775.jpg,paper,paper,True,512,384,RGB,db7b919c6ed217cfed7ca0c032703ab1ca24731fa7bfc50f5070bc7a5bc874db,11281,3,True,False,0,True,True
household,/content/waste_datasets/household/garbage_classification/white-glass/white-glass204.jpg,white-glass,glass,True,512,384,RGB,db93c66cec2a51f369d7fbafe2644698c80fe54b9c09d3778cee99786ce5ec60,16526,2,True,False,0,True,True
household,/content/waste_datasets/household/garbage_classification/metal/metal202.jpg,metal,metal,True,512,384,RGB,dbcce2a2e3183c4a7b75e20f3bfaa3cb64b427055e37e33a2fe4a1b815582815,23817,3,True,False,0,True,True
household,/content/waste_datasets/household/garbage_classification/metal/metal311.jpg,metal,metal,True,512,384,RGB,dbd950d05165c3595b7daab51f387fc0dbc10cfea64d1273e9aef76047a4abad,14023,3,True,False,0,True,True
household,/content/waste_datasets/household/garbage_classification/cardboard/cardboard573.jpg,cardboard,cardboard,True,512,384,RGB,dbfe72d71c02bb7b8656a52eaa5da5a722cca50b4c6155bff1027c45c9906a1d,14856,3,True,False,0,True,True
household,/content/waste_datasets/household/garbage_classification/cardboard/cardboard793.jpg,cardboard,cardboard,True,512,384,RGB,dc136340244a6e65adf8371c06bf0d9d7adcb086ead81d4b072aceba22d80db0,11712,3,True,False,0,True,True
household,/content/waste_datasets/household/garbage_classification/white-glass/white-glass93.jpg,white-glass,glass,True,512,384,RGB,dc236c386f155010657ad22da73bbffad86e9f0289ced63aea803f994ae905fa,17870,2,True,False,0,True,True
household,/content/waste_datasets/household/garbage_classification/metal/metal366.jpg,metal,metal,True,512,384,RGB,dc320bcd69c7c581537a18e08966424b5eca0f14a874deb70a764194fb14a6ce,13025,3,True,False,0,True,True
household,/content/waste_datasets/household/garbage_classification/plastic/plastic307.jpg,plastic,plastic,True,512,384,RGB,dc77cc81de1f518e90b34190ca84aba0c5b91bf020316c34b95fcae257d9c13c,22446,3,True,False,0,True,True
household,/content/waste_datasets/household/garbage_classification/metal/metal455.jpg,metal,metal,True,512,384,RGB,dc96c5c0a8450776cc050f6a2833c9a63347aa9d0d87e9fb725f0b01cbeb530a,26697,3,True,False,0,True,True
household,/content/waste_datasets/household/garbage_classification/brown-glass/brown-glass178.jpg,brown-glass,glass,True,512,384,RGB,dc978f8a234c007df646ba11be2fb43c18b5b321734e9c4550b794d29de1bf5c,10244,3,True,False,0,True,True
household,/content/waste_datasets/household/garbage_classification/cardboard/cardboard153.jpg,cardboard,cardboard,True,512,384,RGB,dcb9ca4eb14f4c322b8ef26dd1a429dcb0e3058ce5b0631a90b59dd80da2a23c,22657,3,True,False,0,True,True
household,/content/waste_datasets/household/garbage_classification/metal/metal261.jpg,metal,metal,True,512,384,RGB,dcdb8db89ccf1c0b5b1c3fe5d206b7c83204d75e28bbe8eb554f51fa2092e2c8,16035,3,True,False,0,True,True
household,/content/waste_datasets/household/garbage_classification/white-glass/white-glass191.jpg,white-glass,glass,True,512,384,RGB,dcf5d4f53b81a52540963559616bbe97d2c1f890813435699887498bc0d3ae94,14762,3,True,False,0,True,True
household,/content/waste_datasets/household/garbage_classification/paper/paper810.jpg,paper,paper,True,512,384,RGB,dd00e15032cd6170cabab90835752a890c665c8be1b4595629adbba4c35ed38e,18315,3,True,False,0,True,True
household,/content/waste_datasets/household/garbage_classification/brown-glass/brown-glass300.jpg,brown-glass,glass,True,512,384,RGB,dd1e6da5bdc5f73aa15142e6b7c668453b3349937fe5bf2eedb4d6a39c60c738,8497,3,True,False,0,True,True
household,/content/waste_datasets/household/garbage_classification/metal/metal395.jpg,metal,metal,True,512,384,RGB,dd23209ed736f649d253e52972ce5a6f4531e375dc8cbf56f40cb9308a2d2573,15357,3,True,False,0,True,True
household,/content/waste_datasets/household/garbage_classification/plastic/plastic327.jpg,plastic,plastic,True,512,384,RGB,dd4019a8f22ba1f519fe5a75936edb16ed8f9098f0274a67826face7129b59e5,13458,3,True,False,0,True,True
household,/content/waste_datasets/household/garbage_classification/plastic/plastic143.jpg,plastic,plastic,True,512,384,RGB,dd4b43a6ba69f04f3264f855f632f83f1cb5656b8bd47c08a958176662bcb27a,15647,3,True,False,0,True,True
household,/content/waste_datasets/household/garbage_classification/metal/metal34.jpg,metal,metal,True,512,384,RGB,dd6b44280b3f048029b907d9171fdf54791f0932644eb60a4f8c42005cc818a4,9663,3,True,False,0,True,True
household,/content/waste_datasets/household/garbage_classification/metal/metal296.jpg,metal,metal,True,512,384,RGB,dd6c15c4d85fc6eb3bfcdd04d6469c8bc8fb89c891b0dd6f413f4597a0c24572,24457,3,True,False,0,True,True
household,/content/waste_datasets/household/garbage_classification/white-glass/white-glass17.jpg,white-glass,glass,True,512,384,RGB,dd76c1c191605769e14f839a32da8379c02fbcc6b63582dd6a78f9baf4d72583,10304,2,True,False,0,True,True
household,/content/waste_datasets/household/garbage_classification/plastic/plastic24.jpg,plastic,plastic,True,512,384,RGB,ddaf814b724a50341a48db8f05d3632939afe0fc0ee44cdebae43cefde327d80,9696,3,True,False,0,True,True
household,/content/waste_datasets/household/garbage_classification/green-glass/green-glass175.jpg,green-glass,glass,True,512,384,RGB,de00c2f9d796d7ce77d8460a37ca33c0281335e00b1d06c1cd908a1560c88bd8,7457,3,True,False,0,True,True
household,/content/waste_datasets/household/garbage_classification/metal/metal69.jpg,metal,metal,True,512,384,RGB,de1077e01a190aa4beafb87f57f772c3269ec7715294129d1a5c9f15df908802,19433,3,True,False,0,True,True
household,/content/waste_datasets/household/garbage_classification/white-glass/white-glass131.jpg,white-glass,glass,True,512,384,RGB,de2d07ff3eddbbcff5c93df1fd4864e784c757d3be83fda4408626372576788d,15452,3,True,False,0,True,True
household,/content/waste_datasets/household/garbage_classification/plastic/plastic181.jpg,plastic,plastic,True,512,384,RGB,de5931a4efb3532c996b49ae1e803a116f6dfaf0dd5f16c126d3dc97877cf1b8,12561,3,True,False,0,True,True
household,/content/waste_datasets/household/garbage_classification/plastic/plastic769.jpg,plastic,plastic,True,512,384,RGB,de59966908bd7f79f6a902350212ff69e473b34f3c60ad4c4c97dbdc90fd2e9a,7680,3,True,False,0,True,True
household,/content/waste_datasets/household/garbage_classification/plastic/plastic347.jpg,plastic,plastic,True,512,384,RGB,de61b40d77ae95cde7cf7700f79383477984a3892a8146ddc44ad13a77c15f06,21825,2,True,False,0,True,True
household,/content/waste_datasets/household/garbage_classification/paper/paper793.jpg,paper,paper,True,512,384,RGB,de6f0356da1011cdb18c13fef21971b6903d2aa79bcc71421cf391a1027af347,8831,3,True,False,0,True,True
household,/content/waste_datasets/household/garbage_classification/paper/paper567.jpg,paper,paper,True,512,384,RGB,de722dafd4f2daf45f77845c9943ebe20e9930a6a42bd894966d8b6fc09e9db8,24349,3,True,False,0,True,True
household,/content/waste_datasets/household/garbage_classification/plastic/plastic369.jpg,plastic,plastic,True,512,384,RGB,de7518266453b4e7bd276aa21052733fd68b468729f80879233db0665cbacd26,14005,3,True,False,0,True,True
household,/content/waste_datasets/household/garbage_classification/plastic/plastic294.jpg,plastic,plastic,True,512,384,RGB,de94c032e81df55a168ba4c0f6fdb6d6d91704cc799e34839fbe9c6500745a99,18619,3,True,False,0,True,True
household,/content/waste_datasets/household/garbage_classification/plastic/plastic228.jpg,plastic,plastic,True,512,384,RGB,debbf86c08871d40d9c094bc8e8392d7698db6f0ad31170785f722ba140c5a4f,15416,3,True,False,0,True,True
household,/content/waste_datasets/household/garbage_classification/paper/paper735.jpg,paper,paper,True,512,384,RGB,df5f3af4ce3bd5053090ef8ee26f5ebc86750f80c6d9a7bb62dbb5aa7bc981ba,8996,3,True,False,0,True,True
household,/content/waste_datasets/household/garbage_classification/cardboard/cardboard551.jpg,cardboard,cardboard,True,512,384,RGB,df9c4036aa2bf59a9c833b02fcef925a767866751dca3b169e71054438def7ae,21104,3,True,False,0,True,True
household,/content/waste_datasets/household/garbage_classification/paper/paper786.jpg,paper,paper,True,512,384,RGB,df9d803e2cfc2f74eb2d5dc579f898562e31158744cf68e4e9f4f53c6b3ccf1d,10825,3,True,False,0,True,True
household,/content/waste_datasets/household/garbage_classification/paper/paper670.jpg,paper,paper,True,512,384,RGB,dfaae0e9d165ae8ae4f0c3d033dddf8fecd070d377c21e590be8b1d33d7cf04d,9236,3,True,False,0,True,True
household,/content/waste_datasets/household/garbage_classification/plastic/plastic352.jpg,plastic,plastic,True,512,384,RGB,dfbb47b3303be9c6c18129d220eebe8e378680d184eeedbecab7c3dcd218e429,15336,3,True,False,0,True,True
household,/content/waste_datasets/household/garbage_classification/paper/paper740.jpg,paper,paper,True,512,384,RGB,dfeb4fdcdd947b93d4fe0dde400f131c6d1e0b53d4fc95777f925c3d421d2499,11329,3,True,False,0,True,True
household,/content/waste_datasets/household/garbage_classification/cardboard/cardboard279.jpg,cardboard,cardboard,True,512,384,RGB,e006fa15195442ce465a792c52f129b123da255ee3ce2ecf68ad688e531be659,32896,3,True,False,0,True,True
household,/content/waste_datasets/household/garbage_classification/brown-glass/brown-glass150.jpg,brown-glass,glass,True,512,384,RGB,e01f9b9baa357268202a1390b114cd915ac4a6eb93487bba38d7b2b1d61da447,15385,3,True,False,0,True,True
household,/content/waste_datasets/household/garbage_classification/metal/metal386.jpg,metal,metal,True,512,384,RGB,e022819dfeb2857c30014d0898f01a098e2d2e89f35cd21e6332ebd4be71a27a,13315,3,True,False,0,True,True
household,/content/waste_datasets/household/garbage_classification/paper/paper846.jpg,paper,paper,True,512,384,RGB,e02bcfd57fe1ae52f886e81139c0bbdf5c14261616683e36aa601a8a204cc9bb,11994,3,True,False,0,True,True
household,/content/waste_datasets/household/garbage_classification/plastic/plastic579.jpg,plastic,plastic,True,512,384,RGB,e065d6d28ef07271accb840f14449ac7a73128c09fa04e35819a1083960934cf,11039,3,True,False,0,True,True
household,/content/waste_datasets/household/garbage_classification/white-glass/white-glass69.jpg,white-glass,glass,True,512,384,RGB,e065f323773cb099643c7d0f7d4e31f65d54aa609a8fc780da135b481e0af559,12858,3,True,False,0,True,True
household,/content/waste_datasets/household/garbage_classification/metal/metal20.jpg,metal,metal,True,512,384,RGB,e0b767d1ccf5e062bae2009c95459a1b0e945131f28fd9a6d0cb3695d83dbabb,15173,3,True,False,0,True,True
household,/content/waste_datasets/household/garbage_classification/paper/paper673.jpg,paper,paper,True,512,384,RGB,e0c2df1387e956c5432111e7422c8f1b672219619925b32f742e8604ed9ab033,36574,3,True,False,0,True,True
household,/content/waste_datasets/household/garbage_classification/white-glass/white-glass217.jpg,white-glass,glass,True,512,384,RGB,e0e13136225fff90313ee42abc08634db2b39b0517dc832f0c2e58843607f05d,17812,2,True,False,0,True,True
household,/content/waste_datasets/household/garbage_classification/paper/paper613.jpg,paper,paper,True,512,384,RGB,e11d4bafea4d2e61834ae4ef63eedc61e6296bb8713ab90957359021551b81c4,32474,3,True,False,0,True,True
household,/content/waste_datasets/household/garbage_classification/paper/paper835.jpg,paper,paper,True,512,384,RGB,e121109328264a87c9a4f22986ae4e5a177807618393382eced5211b812c3acd,57868,3,True,False,0,True,True
household,/content/waste_datasets/household/garbage_classification/plastic/plastic123.jpg,plastic,plastic,True,512,384,RGB,e163acb20d023630b198c38b093169bcea1989da9cca0d3c66fb409c6eed7cf6,8012,3,True,False,0,True,True
household,/content/waste_datasets/household/garbage_classification/plastic/plastic165.jpg,plastic,plastic,True,512,384,RGB,e183b64119a1e635954791638d293a362a9116328aaf78ad071b26b616acbd33,13157,3,True,False,0,True,True
household,/content/waste_datasets/household/garbage_classification/plastic/plastic46.jpg,plastic,plastic,True,512,384,RGB,e1a19322d0a390190ad4308f5dd7f5926f8070376592d621d4104d16427f010e,9864,2,True,False,0,True,True
household,/content/waste_datasets/household/garbage_classification/cardboard/cardboard182.jpg,cardboard,cardboard,True,512,384,RGB,e20217c46a83b281bcda09e3d2679e22292d3e3c25bc934969f8d9582f94a21a,14171,3,True,False,0,True,True
household,/content/waste_datasets/household/garbage_classification/paper/paper556.jpg,paper,paper,True,512,384,RGB,e213dba504b8b21612184627034e934c01a7878c14dd964dc247ac1856e4ffec,30957,3,True,False,0,True,True
household,/content/waste_datasets/household/garbage_classification/plastic/plastic95.jpg,plastic,plastic,True,512,384,RGB,e21f74112fbce5b9eecee6cfe77ed24f361ac7a4daeb237719c6c02cb8310506,26259,3,True,False,0,True,True
household,/content/waste_datasets/household/garbage_classification/white-glass/white-glass25.jpg,white-glass,glass,True,512,384,RGB,e22a33717a93b4b8b5fb92f875998dd703c19f7903baead2098e906d466a371b,6858,3,True,False,0,True,True
household,/content/waste_datasets/household/garbage_classification/white-glass/white-glass151.jpg,white-glass,glass,True,512,384,RGB,e249001641a136f238d27f979fae2e78b679f253bf5d0a38365cd4befae9e2fa,17658,3,True,False,0,True,True
household,/content/waste_datasets/household/garbage_classification/paper/paper713.jpg,paper,paper,True,512,384,RGB,e2579b837bd6b550f3a2dbad88977751795167a35b7b88abef6bf470e8f0d1dc,39862,3,True,False,0,True,True
household,/content/waste_datasets/household/garbage_classification/paper/paper899.jpg,paper,paper,True,512,384,RGB,e2770d67e42bc2ae3c4c6d55ede9d4a77408d066f81d2c68de9d9fc54ee41e22,29147,3,True,False,0,True,True
household,/content/waste_datasets/household/garbage_classification/cardboard/cardboard337.jpg,cardboard,cardboard,True,512,384,RGB,e2bc1139aa20c14f63efd11f3afca2a59c25da2f1944bc166d5d4b045c20f024,24485,2,True,False,0,True,True
household,/content/waste_datasets/household/garbage_classification/plastic/plastic607.jpg,plastic,plastic,True,512,384,RGB,e2ed78bab86b4353434bb3b05e496ed7770ef709daf1ca13cfd0e7740a000b99,18879,3,True,False,0,True,True
household,/content/waste_datasets/household/garbage_classification/metal/metal132.jpg,metal,metal,True,512,384,RGB,e34b0d55ae3e8bc6f46d38946a51e7b31bca188e9fcd94bf5927b542eed2ce70,41494,3,True,False,0,True,True
household,/content/waste_datasets/household/garbage_classification/green-glass/green-glass165.jpg,green-glass,glass,True,512,384,RGB,e35c8842b9293cf517d462ec898f37cf3bcba321f866fec7955763b3e9658b57,9939,3,True,False,0,True,True
household,/content/waste_datasets/household/garbage_classification/paper/paper854.jpg,paper,paper,True,512,384,RGB,e38a2b321412fb4e3882f674368c4e48aa78e89d1a26b72fb2e9a8a46026588f,26478,3,True,False,0,True,True
household,/content/waste_datasets/household/garbage_classification/paper/paper732.jpg,paper,paper,True,512,384,RGB,e3a83780cdb3df0140055114e6ecf7d88c0d2f426367640492cf202b344cc4da,44099,3,True,False,0,True,True
household,/content/waste_datasets/household/garbage_classification/paper/paper948.jpg,paper,paper,True,512,384,RGB,e3bb68ec0d8d6fb0628a6671c8740c3bcb01fff7d7632805923f126d0b9f70ed,25190,3,True,False,0,True,True
household,/content/waste_datasets/household/garbage_classification/green-glass/green-glass180.jpg,green-glass,glass,True,512,384,RGB,e3ced4d2c69352b7414c435eb3f0bc753389996c0646f0bb58485fa76f4f02fc,9024,3,True,False,0,True,True
household,/content/waste_datasets/household/garbage_classification/paper/paper1005.jpg,paper,paper,True,512,384,RGB,e3e78970390cc464123f3f38b5fe1559f5d2c8ef5e6e704d4e8c1992fe4d9cff,19208,3,True,False,0,True,True
household,/content/waste_datasets/household/garbage_classification/brown-glass/brown-glass240.jpg,brown-glass,glass,True,512,384,RGB,e4140946e47cea6c65cc3470024e17f369813ec3a2ad47cbff73252e5602899d,14432,3,True,False,0,True,True
household,/content/waste_datasets/household/garbage_classification/cardboard/cardboard283.jpg,cardboard,cardboard,True,512,384,RGB,e4314cc06f459255f4caebd1561f10ebe55c92ca2b70ec05dce49f099990d6c0,17354,3,True,False,0,True,True
household,/content/waste_datasets/household/garbage_classification/cardboard/cardboard214.jpg,cardboard,cardboard,True,512,384,RGB,e46438a35440cd67f9214df0232ac1534408ad69e6f164586aacd69d2f73963c,26684,3,True,False,0,True,True
household,/content/waste_datasets/household/garbage_classification/metal/metal324.jpg,metal,metal,True,512,384,RGB,e47484d4ebebc7e9c062ce870d16511d0cd6ddbb982ffd1508ad4bb4738db11c,16407,3,True,False,0,True,True
household,/content/waste_datasets/household/garbage_classification/paper/paper693.jpg,paper,paper,True,512,384,RGB,e48b4da337f9d86cfd8d93a19bf37fbdd5fa6f9152bd564b05d728f337dd8fce,12476,3,True,False,0,True,True
household,/content/waste_datasets/household/garbage_classification/brown-glass/brown-glass145.jpg,brown-glass,glass,True,512,384,RGB,e4c44a3993914c6deb7864333de2fa1711d28ee5af2f95cd6fa2499c6f048792,11255,2,True,False,0,True,True
household,/content/waste_datasets/household/garbage_classification/plastic/plastic107.jpg,plastic,plastic,True,512,384,RGB,e50e59f0123bc75469b29d7140dc6c3023e3f8251e33496b8db6acde58d9f1fe,7840,3,True,False,0,True,True
household,/content/waste_datasets/household/garbage_classification/white-glass/white-glass639.jpg,white-glass,glass,True,512,384,RGB,e55621b76d93ae7c1a769a8530a30d0120ed284c1d730db3b617c1e040e93a05,9076,3,True,False,0,True,True
household,/content/waste_datasets/household/garbage_classification/metal/metal221.jpg,metal,metal,True,512,384,RGB,e56df9be46fbbb5fadd739b24a058acc4f419ff7a567f2c164a89390be832f04,16425,3,True,False,0,True,True
household,/content/waste_datasets/household/garbage_classification/cardboard/cardboard463.jpg,cardboard,cardboard,True,512,384,RGB,e57e3b344b171c2ff32e3b50985cdfa163f01d81265d11c97ca7c96b8f3a612a,12305,3,True,False,0,True,True
household,/content/waste_datasets/household/garbage_classification/paper/paper737.jpg,paper,paper,True,512,384,RGB,e588a3746fec659b2a5a3e4d9e4a4a7b9d052dcc302ec83fba701df1229a9271,30694,3,True,False,0,True,True
household,/content/waste_datasets/household/garbage_classification/metal/metal322.jpg,metal,metal,True,512,384,RGB,e5c11cab3471d63231449c669f779d85a372492cae981a3731efab9d6a0ed26a,19022,3,True,False,0,True,True
household,/content/waste_datasets/household/garbage_classification/metal/metal341.jpg,metal,metal,True,512,384,RGB,e5e02e25ce27f29db9d0eb8a55a6b5ce5a2e10fb0567997b3cd5cc25e5baf522,13628,3,True,False,0,True,True
household,/content/waste_datasets/household/garbage_classification/plastic/plastic427.jpg,plastic,plastic,True,512,384,RGB,e601da110e32d80f61767e7551bbb7840d3c87f3a3bbe2b1040ae02124094217,21402,3,True,False,0,True,True
household,/content/waste_datasets/household/garbage_classification/paper/paper725.jpg,paper,paper,True,512,384,RGB,e6242684b9a35e14e4730ab2406a3fe5f626e15325672ccc48b80b09054a4763,17538,3,True,False,0,True,True
household,/content/waste_datasets/household/garbage_classification/paper/paper848.jpg,paper,paper,True,512,384,RGB,e639d177fc6a0930ec7f2bd86175181707e8534140dbfe3a96468e29324f5f1e,32733,3,True,False,0,True,True
household,/content/waste_datasets/household/garbage_classification/paper/paper539.jpg,paper,paper,True,512,384,RGB,e63f334f8f268dd4695c7842342ea1add475ff12b59f41179085834c5f0e6171,11964,3,True,False,0,True,True
household,/content/waste_datasets/household/garbage_classification/paper/paper649.jpg,paper,paper,True,512,384,RGB,e66bc5e7650e12d64bebabd46ec5e1c814e312c677f72d3556c06e2aa66febc8,38973,3,True,False,0,True,True
household,/content/waste_datasets/household/garbage_classification/paper/paper483.jpg,paper,paper,True,512,384,RGB,e69cd68ad29d54da782c3084294a11ca1c9bcb15a988e11a99f4e0b3cbc34397,21867,3,True,False,0,True,True
household,/content/waste_datasets/household/garbage_classification/metal/metal62.jpg,metal,metal,True,512,384,RGB,e69ce4a19ea7ad865800d6ba1dc67e51c19ad3f3116fb5d7f7734ef427dffb4c,20459,3,True,False,0,True,True
household,/content/waste_datasets/household/garbage_classification/white-glass/white-glass607.jpg,white-glass,glass,True,512,384,RGB,e6a2a8d66786b2b85bfdc3b2ce7d7b88b703c67fa786a7e47d87bcdd9c3bf3d2,10263,3,True,False,0,True,True
household,/content/waste_datasets/household/garbage_classification/metal/metal77.jpg,metal,metal,True,512,384,RGB,e718b35525e563c2276a682ed598824bd72ca56b0d8b4af4cca9da02643c6eae,17988,3,True,False,0,True,True
household,/content/waste_datasets/household/garbage_classification/plastic/plastic147.jpg,plastic,plastic,True,512,384,RGB,e72709b0eeda0472fde0e10a685a95f678cc7d77df2290bab25a0a85e50f4c5c,15921,2,True,False,0,True,True
household,/content/waste_datasets/household/garbage_classification/paper/paper739.jpg,paper,paper,True,512,384,RGB,e7376bd5c514b30aaa1a20c30a90ad6869c68db9877a9627c40480fb61af0d50,15794,3,True,False,0,True,True
household,/content/waste_datasets/household/garbage_classification/cardboard/cardboard206.jpg,cardboard,cardboard,True,512,384,RGB,e77d22b4f9e1fb34f7f288b59b260b76ada6d73cb1764d5a62208e981c6a2a6a,9496,3,True,False,0,True,True
household,/content/waste_datasets/household/garbage_classification/plastic/plastic96.jpg,plastic,plastic,True,512,384,RGB,e78e85656429571b165f2034aab58e3be7219e70641da073fa582a6b11f8b547,16675,3,True,False,0,True,True
household,/content/waste_datasets/household/garbage_classification/metal/metal241.jpg,metal,metal,True,512,384,RGB,e7bb39606f421e1155313db024702d3bbf713a0cb6c517935826384aa81c0e68,9660,3,True,False,0,True,True
household,/content/waste_datasets/household/garbage_classification/paper/paper832.jpg,paper,paper,True,512,384,RGB,e7d542190dfd9b21569193bd7ed1cb94597ceead9d926aec6798ccf98665b3f7,12582,3,True,False,0,True,True
household,/content/waste_datasets/household/garbage_classification/white-glass/white-glass30.jpg,white-glass,glass,True,512,384,RGB,e88b95d26db54665d8ef4a54909c0f374435df8eb7f26d7d1dbac0e639db7ff5,7961,3,True,False,0,True,True
household,/content/waste_datasets/household/garbage_classification/metal/metal184.jpg,metal,metal,True,512,384,RGB,e892a55332853eaca57cac4131e2d21945bb755464a05c74aaf8c4858f57d3ec,18161,3,True,False,0,True,True
household,/content/waste_datasets/household/garbage_classification/plastic/plastic36.jpg,plastic,plastic,True,512,384,RGB,e8b8d86102144eb56fa1eea49ba072debdf7284e1144e236f2cd6e31940f0057,16218,3,True,False,0,True,True
household,/content/waste_datasets/household/garbage_classification/paper/paper516.jpg,paper,paper,True,512,384,RGB,e8dae52e19b71132148ecead963b3647bd7198dfe3f59ec40cbb01dfcb1fea0b,15174,3,True,False,0,True,True
household,/content/waste_datasets/household/garbage_classification/plastic/plastic438.jpg,plastic,plastic,True,512,384,RGB,e8eceda00dd5ab13f689f1597b08b7bbe04ff63bc9cb4278822423a28d8e0bf5,16473,3,True,False,0,True,True
household,/content/waste_datasets/household/garbage_classification/metal/metal363.jpg,metal,metal,True,512,384,RGB,e8faf1522a235b7022da1fefabeb339e2c761c5ddb9c5d77b50fb82b2a68cfac,34782,3,True,False,0,True,True
household,/content/waste_datasets/household/garbage_classification/metal/metal55.jpg,metal,metal,True,512,384,RGB,e90c83c63ff95a469f03207efbcd9339785013a63b570fb74d4afe5e400e82b3,16955,3,True,False,0,True,True
household,/content/waste_datasets/household/garbage_classification/plastic/plastic437.jpg,plastic,plastic,True,512,384,RGB,e92cf86071f6f8437e628f74dce1fd2617d960274e54bda1f8ee6eb9da87e32e,7454,3,True,False,0,True,True
household,/content/waste_datasets/household/garbage_classification/paper/paper868.jpg,paper,paper,True,512,384,RGB,e931442ae08e67cbcd2b5be98747f1c8082c84f9c6d9d1f8a35fb11e39b1d516,11791,3,True,False,0,True,True
household,/content/waste_datasets/household/garbage_classification/brown-glass/brown-glass271.jpg,brown-glass,glass,True,512,384,RGB,e9319d2ac8cf666814030b0222c3f45a56094ebaf3d89ee18f93de9fdb267eb1,10126,3,True,False,0,True,True
household,/content/waste_datasets/household/garbage_classification/paper/paper867.jpg,paper,paper,True,512,384,RGB,e93492852a38ad865feda57bb001923ca1102fcc0321297d331a0e36a94f80cc,24984,3,True,False,0,True,True
household,/content/waste_datasets/household/garbage_classification/paper/paper584.jpg,paper,paper,True,512,384,RGB,e943a0022479a2ebc65e0c288fcdfc4cf1ea811ec69731becb49608eb01ba3c6,28260,3,True,False,0,True,True
household,/content/waste_datasets/household/garbage_classification/paper/paper973.jpg,paper,paper,True,512,384,RGB,e958ecbe96178e040c671a8b0bf8121fac4049312baad3f953654138af775e02,24356,3,True,False,0,True,True
household,/content/waste_datasets/household/garbage_classification/white-glass/white-glass552.jpg,white-glass,glass,True,512,384,RGB,e98f11861ca7b48fdca76cfa791301914e8c25236d20568089e841a2d0144de5,17528,2,True,False,0,True,True
household,/content/waste_datasets/household/garbage_classification/paper/paper571.jpg,paper,paper,True,512,384,RGB,e99597bdbd5e42ea4dd8d063230926cc0aee1d4e48593e841eaab8aec7a10132,23154,3,True,False,0,True,True
household,/content/waste_datasets/household/garbage_classification/cardboard/cardboard83.jpg,cardboard,cardboard,True,512,384,RGB,e9a6dac80da0113821417577293902328611a143698e4390a0b0cb40170f28bb,30969,3,True,False,0,True,True
household,/content/waste_datasets/household/garbage_classification/metal/metal226.jpg,metal,metal,True,512,384,RGB,e9bd8863c4b41a107e70a028f261cd0cb1a99355a9e1a88a60de95f2049692f3,19161,3,True,False,0,True,True
household,/content/waste_datasets/household/garbage_classification/white-glass/white-glass26.jpg,white-glass,glass,True,512,384,RGB,e9c17878a28c94b225d82a8f71e6742f335aa0c44f4d84b5a7f62a49610c90ff,14108,2,True,False,0,True,True
household,/content/waste_datasets/household/garbage_classification/cardboard/cardboard119.jpg,cardboard,cardboard,True,512,384,RGB,e9efede53192ffd5126cb11ce465ffcc102a3fb65120c3e0663b2f2ce18cb74e,15583,3,True,False,0,True,True
household,/content/waste_datasets/household/garbage_classification/paper/paper939.jpg,paper,paper,True,512,384,RGB,ea0e35589e6c56a3ede6489df7eba026abc77745e75c92224e1f18e58891cbcd,46029,3,True,False,0,True,True
household,/content/waste_datasets/household/garbage_classification/metal/metal74.jpg,metal,metal,True,512,384,RGB,ea2588fc9bd2d5c9e9acf459e9b01c4649ae9e705d499a3c6c4a12df8a3d7857,8069,3,True,False,0,True,True
household,/content/waste_datasets/household/garbage_classification/plastic/plastic212.jpg,plastic,plastic,True,512,384,RGB,ea63e0f3a543c45c158a408a2fb730cff3d32d146f501d04fff4bec4ff0ad87f,13716,3,True,False,0,True,True
household,/content/waste_datasets/household/garbage_classification/paper/paper780.jpg,paper,paper,True,512,384,RGB,ea850c4b381a54d360db35fb5ad3bb002e3dffa2db7fe516f03c65d2a77e7121,10336,3,True,False,0,True,True
household,/content/waste_datasets/household/garbage_classification/cardboard/cardboard282.jpg,cardboard,cardboard,True,512,384,RGB,ea96d215a65017b5a0013b3f644518ef9a8f7faeb15d20113b68e240cfb63564,21913,3,True,False,0,True,True
household,/content/waste_datasets/household/garbage_classification/cardboard/cardboard81.jpg,cardboard,cardboard,True,512,384,RGB,ead1cfb68da63ff271df2470e15394502bcbf1b65b13f55ea66447077895bd4a,22922,3,True,False,0,True,True
household,/content/waste_datasets/household/garbage_classification/paper/paper917.jpg,paper,paper,True,512,384,RGB,eadbe7b81899d3fd5e9a8fd309d30dce3d51a722c6b56a5560a1c6a3c58df07c,26640,3,True,False,0,True,True
household,/content/waste_datasets/household/garbage_classification/plastic/plastic308.jpg,plastic,plastic,True,512,384,RGB,eae8dcca1e55ceb89f478cb8a82cd496fe4175031410cf17b4e1c8eb31b68095,8800,3,True,False,0,True,True
household,/content/waste_datasets/household/garbage_classification/metal/metal326.jpg,metal,metal,True,512,384,RGB,eb0b654865af8e1255154b729ddf5b753d662425169ef4b8acc1fef825453c1d,13215,3,True,False,0,True,True
household,/content/waste_datasets/household/garbage_classification/plastic/plastic317.jpg,plastic,plastic,True,512,384,RGB,eb26ee5deabe9abda304cb63b1f25fbe02e80216df1101eba6745cd1a68b5898,16364,3,True,False,0,True,True
household,/content/waste_datasets/household/garbage_classification/plastic/plastic138.jpg,plastic,plastic,True,512,384,RGB,eb326e1c218874929d693edd6d3555f34ae18a287253edcda9a89b3c04267b7c,9715,3,True,False,0,True,True
household,/content/waste_datasets/household/garbage_classification/white-glass/white-glass357.jpg,white-glass,glass,True,512,384,RGB,eb3ffdf15081f878165c879bf8f254d1285ce77aa29b7ff94fbcf1d831e33945,13942,3,True,False,0,True,True
household,/content/waste_datasets/household/garbage_classification/brown-glass/brown-glass185.jpg,brown-glass,glass,True,512,384,RGB,eb4ba3739b7adc6d23e30cc8b461a3099eda76a8f6e7520f2f3529dbfe5efe56,18854,3,True,False,0,True,True
household,/content/waste_datasets/household/garbage_classification/brown-glass/brown-glass221.jpg,brown-glass,glass,True,512,384,RGB,eb90f408eea74cec4728b8924548f2e7afa6e7ba52f69f82e5b4dc876fed4f94,14661,3,True,False,0,True,True
household,/content/waste_datasets/household/garbage_classification/paper/paper844.jpg,paper,paper,True,512,384,RGB,eb9b410c41457573184918db22e03bc35b9d03b28cdd7c563aadac1f4b88bec8,11274,3,True,False,0,True,True
household,/content/waste_datasets/household/garbage_classification/cardboard/cardboard93.jpg,cardboard,cardboard,True,512,384,RGB,ebad65ecb19e65bc941d49f37841c5bb5a812db7ac76e356dbc0af178374a1c2,12342,3,True,False,0,True,True
household,/content/waste_datasets/household/garbage_classification/brown-glass/brown-glass243.jpg,brown-glass,glass,True,512,384,RGB,ebbc05cd7d605f2d2354f176e7f353af33d523a983187d8c5911d48505348e22,10729,3,True,False,0,True,True
household,/content/waste_datasets/household/garbage_classification/plastic/plastic54.jpg,plastic,plastic,True,512,384,RGB,ebe79afa3dd50c78e83c327ab3a3ae88e386cf2c65b149408bf63bd8e297d943,18977,3,True,False,0,True,True
household,/content/waste_datasets/household/garbage_classification/plastic/plastic545.jpg,plastic,plastic,True,512,384,RGB,ec065cf4559fb3b6aca7e07624d2bed44edd2495850087dde7decbf2af6a8070,13993,3,True,False,0,True,True
household,/content/waste_datasets/household/garbage_classification/paper/paper557.jpg,paper,paper,True,512,384,RGB,ec171f0df010d4a74f2e0caa59f24cabc06f9aa307d8d9d2ca27d64ad48b1c7b,19411,2,True,False,0,True,True
household,/content/waste_datasets/household/garbage_classification/brown-glass/brown-glass215.jpg,brown-glass,glass,True,512,384,RGB,ec232d0d2fc6f1aa801dec17cedabb859e0a29270c84b05fec05ed2ad08e63fd,12122,3,True,False,0,True,True
household,/content/waste_datasets/household/garbage_classification/white-glass/white-glass628.jpg,white-glass,glass,True,512,384,RGB,ec2d7c20b64c2cb0b417b98644c7c80ce98a4946137b2955699f2e883ac4a97a,12651,3,True,False,0,True,True
household,/content/waste_datasets/household/garbage_classification/metal/metal194.jpg,metal,metal,True,512,384,RGB,ec5b921975637bd4db2d74e57e497ebdd96264e338dc777d1829a6520bbea24c,15845,3,True,False,0,True,True
household,/content/waste_datasets/household/garbage_classification/paper/paper52.jpg,paper,paper,True,512,384,RGB,ec6e1d5683e3ceb8bc68e7617814db08a5a01907b24f5d9cad32b7385271da78,34361,3,True,False,0,True,True
household,/content/waste_datasets/household/garbage_classification/plastic/plastic167.jpg,plastic,plastic,True,512,384,RGB,ec749275dce4a43f8003fba4e02e9db319af5c39ca10f674e6e4398077a228c8,23377,3,True,False,0,True,True
household,/content/waste_datasets/household/garbage_classification/white-glass/white-glass230.jpg,white-glass,glass,True,512,384,RGB,ec88fe102840837987b2e2c538f0b25102957d49b59cb8cca01b3af54cd5b0be,19727,3,True,False,0,True,True
household,/content/waste_datasets/household/garbage_classification/metal/metal265.jpg,metal,metal,True,512,384,RGB,ecadc879b646436b973b54fdd61e6ae8cb27a4a421090c3faaee8b701dbc503c,14937,3,True,False,0,True,True
household,/content/waste_datasets/household/garbage_classification/white-glass/white-glass195.jpg,white-glass,glass,True,512,384,RGB,ecb3ac2213e6b10534fe89f3cd75008ed416791a4f3a901eca2b3717749f2f7a,11535,3,True,False,0,True,True
household,/content/waste_datasets/household/garbage_classification/plastic/plastic331.jpg,plastic,plastic,True,512,384,RGB,eccd69b3909c969780ede2ca1603b3fb72bbbbdb91e54a78eee2c400f3acc495,11412,3,True,False,0,True,True
household,/content/waste_datasets/household/garbage_classification/metal/metal166.jpg,metal,metal,True,512,384,RGB,ed04883b7548a704c37a6c05196e9b199a6db7144d2d30a4dcc2069a0aa268a8,19443,3,True,False,0,True,True
household,/content/waste_datasets/household/garbage_classification/paper/paper614.jpg,paper,paper,True,512,384,RGB,ed0dc6d84e854474029cbbff340c1e01f05f4de2880748a13b27465d2f5e5ecb,14879,3,True,False,0,True,True
household,/content/waste_datasets/household/garbage_classification/plastic/plastic391.jpg,plastic,plastic,True,512,384,RGB,ed2c9543b506a7119be6552ea9c24865d52180d43cd86169e7d895464d846563,7823,3,True,False,0,True,True
household,/content/waste_datasets/household/garbage_classification/metal/metal306.jpg,metal,metal,True,512,384,RGB,ed30620f77fd4dbc65256dce2b53ce7f92b7e2189c6c3ce81ba1d072887fa234,13326,3,True,False,0,True,True
household,/content/waste_datasets/household/garbage_classification/brown-glass/brown-glass186.jpg,brown-glass,glass,True,512,384,RGB,ed48cb39c44b2092b6c36ca4dd84fc8e9908968b53edbcdfef184cc25f0e94be,11610,3,True,False,0,True,True
household,/content/waste_datasets/household/garbage_classification/paper/paper494.jpg,paper,paper,True,512,384,RGB,ed495f4f9c3439058d41999cf1eee407c0efdca55b6ee26dba92285712d7bd4b,12837,3,True,False,0,True,True
household,/content/waste_datasets/household/garbage_classification/plastic/plastic329.jpg,plastic,plastic,True,512,384,RGB,ed86868e162e7c01e52d7e6192222c0bc3d641ed3ed081f57d862e6fc2fad7f6,8655,2,True,False,0,True,True
household,/content/waste_datasets/household/garbage_classification/paper/paper589.jpg,paper,paper,True,512,384,RGB,ed89314fe3902a917ca66fe0188bf80b7056394527b435679e727f51c79cafd1,23007,3,True,False,0,True,True
household,/content/waste_datasets/household/garbage_classification/paper/paper1002.jpg,paper,paper,True,512,384,RGB,eda36d177b6ad3bc255f1298186bfb8b529f179136e9746f1a7d0265c9404235,20309,3,True,False,0,True,True
household,/content/waste_datasets/household/garbage_classification/plastic/plastic305.jpg,plastic,plastic,True,512,384,RGB,edbe3956999482b4ab2ebe1a75e0fff214cf86c7d96c205c95286fd3551c30f7,13184,3,True,False,0,True,True
household,/content/waste_datasets/household/garbage_classification/white-glass/white-glass122.jpg,white-glass,glass,True,512,384,RGB,ede5686a09b092a33d3cf441a5e02397a9fc917f9a0b761fa5ec232a71c2aa91,9395,3,True,False,0,True,True
household,/content/waste_datasets/household/garbage_classification/paper/paper609.jpg,paper,paper,True,512,384,RGB,ee07fc315592bd8a3ae9fd02da7604eb8e645b54baf155565be394454eac1997,8649,3,True,False,0,True,True
household,/content/waste_datasets/household/garbage_classification/plastic/plastic311.jpg,plastic,plastic,True,512,384,RGB,ee2efd0c3de2816f3009e3220d6ceb0bf1ba3f9b02563814f85fc4fa9fd09972,12602,3,True,False,0,True,True
household,/content/waste_datasets/household/garbage_classification/cardboard/cardboard111.jpg,cardboard,cardboard,True,512,384,RGB,eeb7a8c4f9e60d5ae0d5a2e50d221ddf22c5c25b668f9c52146eb3b92f39878a,13674,3,True,False,0,True,True
household,/content/waste_datasets/household/garbage_classification/brown-glass/brown-glass203.jpg,brown-glass,glass,True,512,384,RGB,eefd9034dda5356ad38474eace7542896e9c3ab359291cd33d0062110eca0887,14559,3,True,False,0,True,True
household,/content/waste_datasets/household/garbage_classification/paper/paper862.jpg,paper,paper,True,512,384,RGB,ef0a95b74fcab71d016e8d5f42e99c6eecf51ab8b0724b2a67db0e68cd108528,22503,3,True,False,0,True,True
household,/content/waste_datasets/household/garbage_classification/paper/paper870.jpg,paper,paper,True,512,384,RGB,ef1da15838f4bd1a3fb454480bb6cba871ad5f56f8d869ca57f8d1c56e528607,43865,3,True,False,0,True,True
household,/content/waste_datasets/household/garbage_classification/paper/paper654.jpg,paper,paper,True,512,384,RGB,ef1e5141669ec2375bd76b286d15596cb2e9076cf318ac3067309e08f307438d,16403,3,True,False,0,True,True
household,/content/waste_datasets/household/garbage_classification/paper/paper761.jpg,paper,paper,True,512,384,RGB,ef6b15402023445819e52326f1cce2a9d7524d132ad61431619f9a19715ea2bc,7915,3,True,False,0,True,True
household,/content/waste_datasets/household/garbage_classification/metal/metal80.jpg,metal,metal,True,512,384,RGB,ef6de590669192c32c1f524528c79909ddb4b0949650855eb6b402c952e9d45f,18845,3,True,False,0,True,True
household,/content/waste_datasets/household/garbage_classification/paper/paper751.jpg,paper,paper,True,512,384,RGB,ef74b72870a2c6e5dcfef77bb842eebdddfddc73480d8993fa6bf5ed002a8843,32487,3,True,False,0,True,True
household,/content/waste_datasets/household/garbage_classification/paper/paper836.jpg,paper,paper,True,512,384,RGB,ef7dcc0dff5fe504bb98a46c5f1bc2bcbdf7b98227d5d045501a4fcbdf6f30b8,16046,3,True,False,0,True,True
household,/content/waste_datasets/household/garbage_classification/plastic/plastic364.jpg,plastic,plastic,True,512,384,RGB,ef8121e224597da0607432cfbbfaab33b38a69a02d555aef5710737f7857b660,7855,3,True,False,0,True,True
household,/content/waste_datasets/household/garbage_classification/paper/paper889.jpg,paper,paper,True,512,384,RGB,ef87cd52f8afff4994e9a4f3caa333cca6c32ca5bb3cbdb441da87a062015baa,16739,3,True,False,0,True,True
household,/content/waste_datasets/household/garbage_classification/metal/metal177.jpg,metal,metal,True,512,384,RGB,efb51aa6882025d081049b6bb807b664430e630be9f1285d993fd392f6a2bb4a,38741,3,True,False,0,True,True
household,/content/waste_datasets/household/garbage_classification/green-glass/green-glass198.jpg,green-glass,glass,True,512,384,RGB,efda826f5b6697de60643150db49b8918c982f6e8746a8d6d6dcaf4bd279edbf,16691,2,True,False,0,True,True
household,/content/waste_datasets/household/garbage_classification/metal/metal94.jpg,metal,metal,True,512,384,RGB,eff1d07a51e334759b266f2651e87c59a615feefdf703a5fb7bf5934073ed192,8421,3,True,False,0,True,True
household,/content/waste_datasets/household/garbage_classification/white-glass/white-glass149.jpg,white-glass,glass,True,512,384,RGB,eff551a94ab9e54817cfe22911b17de4f5c02fa64851153dbdd7bfe1b9e82066,24026,3,True,False,0,True,True
household,/content/waste_datasets/household/garbage_classification/plastic/plastic330.jpg,plastic,plastic,True,512,384,RGB,f010ceac35917da54f016e4749e93a6b10a9154e2a32e508ce73773804cea627,11118,3,True,False,0,True,True
household,/content/waste_datasets/household/garbage_classification/white-glass/white-glass617.jpg,white-glass,glass,True,512,384,RGB,f017c4b8a62097611ce69d393a72b0abca2426d4c3b6d6d65ddb6bd73ee19c38,16607,2,True,False,0,True,True
household,/content/waste_datasets/household/garbage_classification/paper/paper545.jpg,paper,paper,True,512,384,RGB,f051d89e030cf2787b459a1586cc04d6ca226512899e41645916ff77ab6a68a6,14751,3,True,False,0,True,True
household,/content/waste_datasets/household/garbage_classification/paper/paper606.jpg,paper,paper,True,512,384,RGB,f06dc6980eb9bb082f6f93acb672293b212c896b015162c0100ccf2fc8842367,16231,2,True,False,0,True,True
household,/content/waste_datasets/household/garbage_classification/cardboard/cardboard248.jpg,cardboard,cardboard,True,512,384,RGB,f0799626e8bede4e00c94184d7c17516034e25932fcbdd4d82b71f8a96fd1daf,23416,3,True,False,0,True,True
household,/content/waste_datasets/household/garbage_classification/paper/paper562.jpg,paper,paper,True,512,384,RGB,f08a2a02219f73479c7fd0f2ac59b68a5ea57ab75e1a999ddff5fc00c6cad706,14464,3,True,False,0,True,True
household,/content/waste_datasets/household/garbage_classification/plastic/plastic214.jpg,plastic,plastic,True,512,384,RGB,f0a5bc491963e626629fc5b428636a27c96610c0cfd4fc748c6f5932436aa22f,14595,3,True,False,0,True,True
household,/content/waste_datasets/household/garbage_classification/cardboard/cardboard259.jpg,cardboard,cardboard,True,512,384,RGB,f0d5be1412df388259a878f02f055c6c63f79e0326078a4ab0585df7d8daec1b,16433,3,True,False,0,True,True
household,/content/waste_datasets/household/garbage_classification/metal/metal243.jpg,metal,metal,True,512,384,RGB,f10a644674b2455d017ad281fbd3f6996d6d9967a914b23f264b737abd21c08a,23400,3,True,False,0,True,True
household,/content/waste_datasets/household/garbage_classification/green-glass/green-glass131.jpg,green-glass,glass,True,512,384,RGB,f11d856b820653d32078fa0b0cdca5b3976f1410d40fe8e222431d2087607f6f,8722,3,True,False,0,True,True
household,/content/waste_datasets/household/garbage_classification/plastic/plastic208.jpg,plastic,plastic,True,512,384,RGB,f12898504b448ad7c3134742b61d69297dde32f9b4b037d5a60dbe1c429ddafc,14801,3,True,False,0,True,True
household,/content/waste_datasets/household/garbage_classification/green-glass/green-glass232.jpg,green-glass,glass,True,512,384,RGB,f13ba3de1e5ec82f96b06ee8810d95adf558136474d2dd100f6d29dd7c1747a6,13148,3,True,False,0,True,True
household,/content/waste_datasets/household/garbage_classification/metal/metal392.jpg,metal,metal,True,512,384,RGB,f17d023b7a7bdcc6ac2c7ea673fa97ee75e5e07906ded6c69e56250acc0cc633,37375,3,True,False,0,True,True
household,/content/waste_datasets/household/garbage_classification/plastic/plastic85.jpg,plastic,plastic,True,512,384,RGB,f1b3e3bdc6089b2ed10b06a22187bd5ccff3b552f8489c5d401e1853965ffa9f,10870,3,True,False,0,True,True
household,/content/waste_datasets/household/garbage_classification/plastic/plastic852.jpg,plastic,plastic,True,512,384,RGB,f1b4123293e14703463b22dd12f2ff8840ae59b2edccac42f02d8635cb5922fd,13706,3,True,False,0,True,True
household,/content/waste_datasets/household/garbage_classification/paper/paper926.jpg,paper,paper,True,512,384,RGB,f1b684dbcf63fb341d112962ca8dc42bf3eb3ae984fd3901befe335609817b50,11984,3,True,False,0,True,True
household,/content/waste_datasets/household/garbage_classification/metal/metal192.jpg,metal,metal,True,512,384,RGB,f1de46d6a4f907b0083920a8ae1bde5b48f8ff19c2714c0fcf44bf96359be466,14951,3,True,False,0,True,True
household,/content/waste_datasets/household/garbage_classification/brown-glass/brown-glass199.jpg,brown-glass,glass,True,512,384,RGB,f1f6b0d8958793e1b761b783767f1548519c9752698cbaf104f7c4d3f25f66f2,12459,3,True,False,0,True,True
household,/content/waste_datasets/household/garbage_classification/plastic/plastic222.jpg,plastic,plastic,True,512,384,RGB,f1f9cd73bbc752919386f1940734c2cbc64335e34ec93e507ec716d7144f9bdf,12609,3,True,False,0,True,True
household,/content/waste_datasets/household/garbage_classification/plastic/plastic110.jpg,plastic,plastic,True,512,384,RGB,f205e53419a78f56b78ae54b0053f3a437cdba809cc480f79d50e2703f11c2f5,13489,3,True,False,0,True,True
household,/content/waste_datasets/household/garbage_classification/metal/metal338.jpg,metal,metal,True,512,384,RGB,f20a2d7b4fca27ecd23d47f92bd6ae86da5d591b057744a11c347a0347a319fa,14349,3,True,False,0,True,True
household,/content/waste_datasets/household/garbage_classification/plastic/plastic765.jpg,plastic,plastic,True,512,384,RGB,f20f144f44908e67f1008cf6344d9fc12a72a6f9883a063722b4dbfe10bff064,16808,3,True,False,0,True,True
household,/content/waste_datasets/household/garbage_classification/white-glass/white-glass650.jpg,white-glass,glass,True,512,384,RGB,f2146e424f059af86df1333fa3140054bbf4a119f633523a4d129157fadbfa92,18031,2,True,False,0,True,True
household,/content/waste_datasets/household/garbage_classification/white-glass/white-glass9.jpg,white-glass,glass,True,512,384,RGB,f217722bf9bf5f719bb4fa12d8dd4d7b829ff92ed1827a8d3f798a41a0d35ba7,16268,3,True,False,0,True,True
household,/content/waste_datasets/household/garbage_classification/paper/paper887.jpg,paper,paper,True,512,384,RGB,f218a1513bbd5ae0047427638d39cdd9b49bf847219c77dcaaa109f7bf17ab91,23816,3,True,False,0,True,True
household,/content/waste_datasets/household/garbage_classification/plastic/plastic11.jpg,plastic,plastic,True,512,384,RGB,f229d34c2e2e38f70374aa21c05e1eb6827848b4530c8dbc109bf3310da79e79,16493,3,True,False,0,True,True
household,/content/waste_datasets/household/garbage_classification/white-glass/white-glass163.jpg,white-glass,glass,True,512,384,RGB,f23393bb7f3ec809267f5eb70ea4c0944f9a20c56c5ece1e3aad9529e636d02a,14653,3,True,False,0,True,True
household,/content/waste_datasets/household/garbage_classification/green-glass/green-glass134.jpg,green-glass,glass,True,512,384,RGB,f24ff61b6f2a0fafba7c476265a7a12d5a4af6d48a5fbe2e79b059da8cb4dd43,10964,2,True,False,0,True,True
household,/content/waste_datasets/household/garbage_classification/white-glass/white-glass773.jpg,white-glass,glass,True,512,384,RGB,f25c94515d94fcaf9c132576eb4bd0247e6578c0cd0932941e5abec8a5339b68,11444,3,True,False,0,True,True
household,/content/waste_datasets/household/garbage_classification/paper/paper515.jpg,paper,paper,True,512,384,RGB,f2801bf9c145ae36c1753aee3929c2deb979275cf4ca2c24aa959bf1542c3cca,11553,3,True,False,0,True,True
household,/content/waste_datasets/household/garbage_classification/paper/paper1017.jpg,paper,paper,True,512,384,RGB,f2897fe901c4e34ad283c176d59f9270a7b6629fb3ef48332d41e238dc17e974,15532,3,True,False,0,True,True
household,/content/waste_datasets/household/garbage_classification/paper/paper526.jpg,paper,paper,True,512,384,RGB,f29758f23e34972ace659d0a1538f270d55cd40c18876461e2ab8742ac80639c,20775,3,True,False,0,True,True
household,/content/waste_datasets/household/garbage_classification/metal/metal150.jpg,metal,metal,True,512,384,RGB,f2dd2e04bea9964dd5a699723858eb9705b52889b5614bdc09260effec563ed9,15461,3,True,False,0,True,True
household,/content/waste_datasets/household/garbage_classification/metal/metal440.jpg,metal,metal,True,512,384,RGB,f2de4bd92628f714cfa496bb5269b5ac2ec25ed1a45682b1f338c591b84a4e2f,37407,3,True,False,0,True,True
household,/content/waste_datasets/household/garbage_classification/paper/paper56.jpg,paper,paper,True,512,384,RGB,f310fda98ea28062df72f8ff060e63f6ab4ae0496da18a32b01ee9110cb4d848,10931,3,True,False,0,True,True
household,/content/waste_datasets/household/garbage_classification/metal/metal93.jpg,metal,metal,True,512,384,RGB,f3138cc3eeb04153dadac29fef6a259f66fe7883cca8d33071dfeaef32a36eff,19513,3,True,False,0,True,True
household,/content/waste_datasets/household/garbage_classification/paper/paper548.jpg,paper,paper,True,512,384,RGB,f31f9d54feea5fb92a669b87655f52f5575c0b4d4a6eb471e66bd7ac3c220cd8,18757,3,True,False,0,True,True
household,/content/waste_datasets/household/garbage_classification/plastic/plastic414.jpg,plastic,plastic,True,512,384,RGB,f3369337f73e10460c7ee4c117a44f64939e894a4cb820524971dd5c288f8e77,11998,3,True,False,0,True,True
household,/content/waste_datasets/household/garbage_classification/plastic/plastic287.jpg,plastic,plastic,True,512,384,RGB,f35be988683274741b7a26d147953d4fcf63b6dfebb6fe72601c6a56e3c9eda2,8193,3,True,False,0,True,True
household,/content/waste_datasets/household/garbage_classification/plastic/plastic75.jpg,plastic,plastic,True,512,384,RGB,f3653cb5116826633f695145eb1a4af66156e0b27ece17a17304831fe06a5361,14028,3,True,False,0,True,True
household,/content/waste_datasets/household/garbage_classification/metal/metal330.jpg,metal,metal,True,512,384,RGB,f37070e72870a22fe05acaf0aa1a073c9a7cc0ef05ef3e3bec6b15be7199c2f8,23305,3,True,False,0,True,True
household,/content/waste_datasets/household/garbage_classification/white-glass/white-glass120.jpg,white-glass,glass,True,512,384,RGB,f37cd366c5c383a2785b246da3a2a237e2fdcf0e98b31fb65a9fc23ff01ec6fd,16276,2,True,False,0,True,True
household,/content/waste_datasets/household/garbage_classification/brown-glass/brown-glass276.jpg,brown-glass,glass,True,512,384,RGB,f3a3a5739367f3735ac56cdeda378eca89e13b21b0561b19d254d589544458e7,14394,2,True,False,0,True,True
household,/content/waste_datasets/household/garbage_classification/paper/paper60.jpg,paper,paper,True,512,384,RGB,f3b31b7837d1fc0def8b7087409d71ca1a1e55cf089894890bdedf83c97de421,29616,2,True,False,0,True,True
household,/content/waste_datasets/household/garbage_classification/brown-glass/brown-glass138.jpg,brown-glass,glass,True,512,384,RGB,f40585778de2ee95c4d1e2fa538b16be129899ee5c76d84039a1dd94333469da,9169,3,True,False,0,True,True
household,/content/waste_datasets/household/garbage_classification/paper/paper908.jpg,paper,paper,True,512,384,RGB,f40ead1ac801a3fb2e9520c1f383952cc940a9e958f3a7dc3b33c402ffc061b7,46093,3,True,False,0,True,True
household,/content/waste_datasets/household/garbage_classification/paper/paper595.jpg,paper,paper,True,512,384,RGB,f41596f2745a00199ab19edaf7bacd510030394f7f34f54878559d73c59f3ee2,13768,3,True,False,0,True,True
household,/content/waste_datasets/household/garbage_classification/plastic/plastic32.jpg,plastic,plastic,True,512,384,RGB,f427aeaf6fa2267aecca4f945dccddf0cb85d3a798b66aa1562870a897a705ff,14753,3,True,False,0,True,True
household,/content/waste_datasets/household/garbage_classification/plastic/plastic28.jpg,plastic,plastic,True,512,384,RGB,f43fb84c64704b4ccd3117a763f018c3d1698e4dc4a50e6b362476fe14e93049,12480,3,True,False,0,True,True
household,/content/waste_datasets/household/garbage_classification/cardboard/cardboard136.jpg,cardboard,cardboard,True,512,384,RGB,f454b259a11b7db3b7d4ba33326701249285c39369ae48602f9a91bf98140749,22094,3,True,False,0,True,True
household,/content/waste_datasets/household/garbage_classification/cardboard/cardboard112.jpg,cardboard,cardboard,True,512,384,RGB,f460e7a993aabafef6839fa1fce1034c40713411beff3211e8c93d1514fb1924,21683,2,True,False,0,True,True
household,/content/waste_datasets/household/garbage_classification/cardboard/cardboard316.jpg,cardboard,cardboard,True,512,384,RGB,f48920b82e11077a3a6dfe610bc1e42bb6d4f9b65bd81610d973cb90f79d29f9,16017,3,True,False,0,True,True
household,/content/waste_datasets/household/garbage_classification/metal/metal161.jpg,metal,metal,True,512,384,RGB,f49811a508458d2c9c3b71c8c0e042f05c4e297818177d01322b01723d608701,19016,3,True,False,0,True,True
household,/content/waste_datasets/household/garbage_classification/brown-glass/brown-glass137.jpg,brown-glass,glass,True,512,384,RGB,f4988cb65c5bbc438eec949a7e0628c591cba94798718c9ad7a274b764ee43b8,15497,3,True,False,0,True,True
household,/content/waste_datasets/household/garbage_classification/cardboard/cardboard197.jpg,cardboard,cardboard,True,512,384,RGB,f4bb139bf1fbbda71918f0ca7b480fdc487db5ce2aebf22b63f664e38dea356c,17221,3,True,False,0,True,True
household,/content/waste_datasets/household/garbage_classification/paper/paper461.jpg,paper,paper,True,512,384,RGB,f4d494f48881eae84dd7c740c9cd4dd5bf9baa2ff84a9d5266c3f1b990229275,12543,3,True,False,0,True,True
household,/content/waste_datasets/household/garbage_classification/white-glass/white-glass178.jpg,white-glass,glass,True,512,384,RGB,f50a94247184c7b675b504a02e1611cdcb26ce539210704ad0cac81cbe4d9b01,12798,3,True,False,0,True,True
household,/content/waste_datasets/household/garbage_classification/cardboard/cardboard104.jpg,cardboard,cardboard,True,512,384,RGB,f50c13b1af91c3ee565fe5b969017c652ca350b897c2bda2ab55070b96d5bcac,18400,3,True,False,0,True,True
household,/content/waste_datasets/household/garbage_classification/plastic/plastic340.jpg,plastic,plastic,True,512,384,RGB,f518118c026f30902fb073db820d2fc4a1c30a15624a0ef2d859b3ad670b942a,20618,3,True,False,0,True,True
household,/content/waste_datasets/household/garbage_classification/metal/metal449.jpg,metal,metal,True,512,384,RGB,f51eb5b4486ed937312af3e6d46736661acabb1cb03b36352328c8a5748f33e0,16954,3,True,False,0,True,True
household,/content/waste_datasets/household/garbage_classification/brown-glass/brown-glass277.jpg,brown-glass,glass,True,512,384,RGB,f527881746641648a7b0522a5bf446e6d0e34b08cd1a2ec35308539347637a36,14204,3,True,False,0,True,True
household,/content/waste_datasets/household/garbage_classification/metal/metal220.jpg,metal,metal,True,512,384,RGB,f567f55941181c665609ca7052f06a8af445438a73b8c5a408c822fc8a9a4880,11709,3,True,False,0,True,True
household,/content/waste_datasets/household/garbage_classification/brown-glass/brown-glass283.jpg,brown-glass,glass,True,512,384,RGB,f56926cb59acf8831282b11066020ddeaecf59108b14c73046787bceafe8f131,9175,3,True,False,0,True,True
household,/content/waste_datasets/household/garbage_classification/paper/paper636.jpg,paper,paper,True,512,384,RGB,f57eb21a0cf7ebb2e8bca63b34cafcd36784a88db211b4667fa3d2185cac54a1,14873,3,True,False,0,True,True
household,/content/waste_datasets/household/garbage_classification/metal/metal110.jpg,metal,metal,True,512,384,RGB,f5863266368f19041ce3df411a2fe0970264b0b796742ca663a937a98fd42b94,8823,3,True,False,0,True,True
household,/content/waste_datasets/household/garbage_classification/metal/metal293.jpg,metal,metal,True,512,384,RGB,f58e4a31e9d5b76d462d32ae5a530f50684bc525a95957e0d7958a84703649b0,14087,3,True,False,0,True,True
household,/content/waste_datasets/household/garbage_classification/metal/metal37.jpg,metal,metal,True,512,384,RGB,f5ac8516c3bfe229b80e4b797e1494617bab0e2d43d56699ce160b2c523c68c2,34340,3,True,False,0,True,True
household,/content/waste_datasets/household/garbage_classification/paper/paper723.jpg,paper,paper,True,512,384,RGB,f5ba9e9b9dc32963287e06e70efe72fb458f0b00424c434a8d644038b980dde7,41719,3,True,False,0,True,True
household,/content/waste_datasets/household/garbage_classification/paper/paper837.jpg,paper,paper,True,512,384,RGB,f5d2b72bfa7372201c49690bba1081c936c5554aa18e3cd7fa3a1dcb31fc8a3e,22784,3,True,False,0,True,True
household,/content/waste_datasets/household/garbage_classification/cardboard/cardboard293.jpg,cardboard,cardboard,True,512,384,RGB,f5ddc7f1e11d9192efb6618268afe867fab4546550e4a7ff2139b1698dbb2cfc,19636,3,True,False,0,True,True
household,/content/waste_datasets/household/garbage_classification/cardboard/cardboard320.jpg,cardboard,cardboard,True,512,384,RGB,f62b04a40f83a2877f772921f8b9e9ffc6a60a45e8679b9005880d233d2a27b2,30190,2,True,False,0,True,True
household,/content/waste_datasets/household/garbage_classification/plastic/plastic60.jpg,plastic,plastic,True,512,384,RGB,f62bf0b618248826ba92dd8e1b5fc33cd929e6563d3d1613c08c4f4745481cf3,11285,3,True,False,0,True,True
household,/content/waste_datasets/household/garbage_classification/paper/paper639.jpg,paper,paper,True,512,384,RGB,f63066df4c1c919ea2b7027ff130aced21f7bfc6df06046b4402b3b65154f6d7,15591,3,True,False,0,True,True
household,/content/waste_datasets/household/garbage_classification/white-glass/white-glass225.jpg,white-glass,glass,True,512,384,RGB,f648f8b660a09532bf649b8fd03708ad000ca34600f7b86b380266e96713d003,10395,3,True,False,0,True,True
household,/content/waste_datasets/household/garbage_classification/white-glass/white-glass241.jpg,white-glass,glass,True,512,384,RGB,f66acac04fb52b0c21ef53f5f79e85b6adab16e6ec61ca9a10bb410f8c916226,13842,2,True,False,0,True,True
household,/content/waste_datasets/household/garbage_classification/metal/metal415.jpg,metal,metal,True,512,384,RGB,f67170a855f5bb923145af4d90d7d505164b011778d62d72d1a2603db778acd8,12369,3,True,False,0,True,True
household,/content/waste_datasets/household/garbage_classification/cardboard/cardboard2.jpg,cardboard,cardboard,True,512,384,RGB,f684a75b78c3b036ef269ae3065dc465b3ebee2816aafb2c1c33ca2f97e035b4,25368,3,True,False,0,True,True
household,/content/waste_datasets/household/garbage_classification/paper/paper1034.jpg,paper,paper,True,512,384,RGB,f68e3a0bf970b94f85658c50b07a0dc6076125d56a068f89bdeea5a7228b23c8,27287,3,True,False,0,True,True
household,/content/waste_datasets/household/garbage_classification/brown-glass/brown-glass259.jpg,brown-glass,glass,True,512,384,RGB,f6b1f3ecf04bff83360dee0390f9d2d7585b4a99d87be7d0573cfff278951d0c,11026,3,True,False,0,True,True
household,/content/waste_datasets/household/garbage_classification/metal/metal120.jpg,metal,metal,True,512,384,RGB,f6fbe70ee36fb0907264735e8abf67ebea2283dcaa3fcf08a273baf528ab35e5,23052,3,True,False,0,True,True
household,/content/waste_datasets/household/garbage_classification/metal/metal242.jpg,metal,metal,True,512,384,RGB,f6ff265cbcc6ca87645a982332bbe1c1301a82425a9b360cc69614d282b6ad77,13728,3,True,False,0,True,True
household,/content/waste_datasets/household/garbage_classification/paper/paper29.jpg,paper,paper,True,512,384,RGB,f704f08e98f9cdf162057dd283b2187d3b26e2b98d58f488d633596a3f46b4c5,28082,3,True,False,0,True,True
household,/content/waste_datasets/household/garbage_classification/plastic/plastic98.jpg,plastic,plastic,True,512,384,RGB,f720a1bbf957bf13d09e6fe343196d5dd9caea9c935e4352fd1efafc89a9eef0,14335,2,True,False,0,True,True
household,/content/waste_datasets/household/garbage_classification/paper/paper626.jpg,paper,paper,True,512,384,RGB,f76432486a955c1b7cc87e2eb2cb93c50e099b6edcd88ec50d74710958f18ccf,12429,3,True,False,0,True,True
household,/content/waste_datasets/household/garbage_classification/cardboard/cardboard220.jpg,cardboard,cardboard,True,512,384,RGB,f76ca7d8c9085167729d8750e4f5da52ecd6d2d16de680600198d7206f8049b0,23344,3,True,False,0,True,True
household,/content/waste_datasets/household/garbage_classification/cardboard/cardboard35.jpg,cardboard,cardboard,True,512,384,RGB,f78d1a1c78d94c7b215b9310f701ea48256c42c105e2455a3c698ef495552523,20452,3,True,False,0,True,True
household,/content/waste_datasets/household/garbage_classification/cardboard/cardboard230.jpg,cardboard,cardboard,True,512,384,RGB,f7a11cb5fe406a56c10d0e0c03834dceaa81b287666eec2b5e22ca1748db8ea8,22558,3,True,False,0,True,True
household,/content/waste_datasets/household/garbage_classification/metal/metal263.jpg,metal,metal,True,512,384,RGB,f7a7ae920ba3ff0d9994ac21f0b9c13b85ba5b000e1d7b43b6576b22df282215,20459,3,True,False,0,True,True
household,/content/waste_datasets/household/garbage_classification/cardboard/cardboard54.jpg,cardboard,cardboard,True,512,384,RGB,f7de0d793e463836ef67fe1c48d501b5bbc33ed6f3018aff502b539569fc4045,15293,3,True,False,0,True,True
household,/content/waste_datasets/household/garbage_classification/cardboard/cardboard42.jpg,cardboard,cardboard,True,512,384,RGB,f7f3094a1df464b9ebad857980abc2556b755436a2da36380688e88b6e693689,11196,3,True,False,0,True,True
household,/content/waste_datasets/household/garbage_classification/plastic/plastic252.jpg,plastic,plastic,True,512,384,RGB,f7f52c4cc48d6c1bd6fff276931160f61ec7ea82cfea05e6a3c44851259d227f,19425,3,True,False,0,True,True
household,/content/waste_datasets/household/garbage_classification/paper/paper690.jpg,paper,paper,True,512,384,RGB,f85fc8d39e89fa9dca2811da9d8cee582fb22c5692490598f0c244cd406c4ada,17792,3,True,False,0,True,True
household,/content/waste_datasets/household/garbage_classification/brown-glass/brown-glass242.jpg,brown-glass,glass,True,512,384,RGB,f89d45dadc7209ea7521688288ff0f4967608a72e3026e3fbc39cdfd38953961,20642,3,True,False,0,True,True
household,/content/waste_datasets/household/garbage_classification/white-glass/white-glass145.jpg,white-glass,glass,True,512,384,RGB,f8c7ab3bebc752ff423246f0aace0b8c1c6ad4016cebf841b9c50260d8ade3c3,19719,3,True,False,0,True,True
household,/content/waste_datasets/household/garbage_classification/paper/paper703.jpg,paper,paper,True,512,384,RGB,f8d3ab2eb84000f3e6fb595ae0fe2ea1be6364437e583d81d9adceda834f398a,16142,3,True,False,0,True,True
household,/content/waste_datasets/household/garbage_classification/plastic/plastic419.jpg,plastic,plastic,True,512,384,RGB,f8de98b15b5f39ae3c170242ac145414367f87f7f55651a4a9916e77e9d068a5,25191,3,True,False,0,True,True
household,/content/waste_datasets/household/garbage_classification/cardboard/cardboard858.jpg,cardboard,cardboard,True,512,384,RGB,f903e09cdf3ea30285b007f53147a7b891f2277781a74bccc35b36568c892ee5,18945,3,True,False,0,True,True
household,/content/waste_datasets/household/garbage_classification/white-glass/white-glass507.jpg,white-glass,glass,True,512,384,RGB,f94057ef3e2c5670c934c2f7676ccfc98f28c0670f1df1d6d529def4523f4a9f,12745,2,True,False,0,True,True
household,/content/waste_datasets/household/garbage_classification/paper/paper481.jpg,paper,paper,True,512,384,RGB,f94b31ea4772ed922c079de38433da7070caebc1721c3d0ac4d18e602245ab08,27066,2,True,False,0,True,True
household,/content/waste_datasets/household/garbage_classification/plastic/plastic221.jpg,plastic,plastic,True,512,384,RGB,f96ebe860f17249cdb53bcc1c236f681a7536b484c7a11c6bfdce9788e0076a7,17620,3,True,False,0,True,True
household,/content/waste_datasets/household/garbage_classification/plastic/plastic451.jpg,plastic,plastic,True,512,384,RGB,f974ebe90df82d6e9e011848f4542e5fce471d27c85902ce8866bb0131d494b5,8743,3,True,False,0,True,True
household,/content/waste_datasets/household/garbage_classification/paper/paper686.jpg,paper,paper,True,512,384,RGB,f9967fecfa2ac3d694a8a4af77cd10268dfbb43faddeb21a180336a636ab81a7,16045,3,True,False,0,True,True
household,/content/waste_datasets/household/garbage_classification/cardboard/cardboard103.jpg,cardboard,cardboard,True,512,384,RGB,f99e6cd788b810361482e608903b05cdfdba27137a85413a3725164635cccb8d,16357,3,True,False,0,True,True
household,/content/waste_datasets/household/garbage_classification/white-glass/white-glass323.jpg,white-glass,glass,True,512,384,RGB,f9b1af5c321676c420a9ca268dee9064bf871530ae9f16a96ed99212ceaad78e,11362,2,True,False,0,True,True
household,/content/waste_datasets/household/garbage_classification/metal/metal233.jpg,metal,metal,True,512,384,RGB,f9b3f19a68e5b0debddd4bd8e834b1bcbd03496b163a3f8f417472296ac90c6c,13734,3,True,False,0,True,True
household,/content/waste_datasets/household/garbage_classification/paper/paper800.jpg,paper,paper,True,512,384,RGB,f9b64cd026a4656bb87b35e489fed19be5d852238537ca5b94661516153680f7,13090,3,True,False,0,True,True
household,/content/waste_datasets/household/garbage_classification/metal/metal285.jpg,metal,metal,True,512,384,RGB,f9b81121dce1fa7ccd8379ec1a559504bc2bd769d0060504f69f3d79f6571cca,14000,3,True,False,0,True,True
household,/content/waste_datasets/household/garbage_classification/cardboard/cardboard70.jpg,cardboard,cardboard,True,512,384,RGB,f9bf17f7469d89fe014d0ff258ae374b308788162677874c01d8e626b13dae5b,24370,3,True,False,0,True,True
household,/content/waste_datasets/household/garbage_classification/white-glass/white-glass21.jpg,white-glass,glass,True,512,384,RGB,fa44f7d6f85c8d55c698468697f26450ba3537e022ceb8fb5215c69b881d830c,6565,2,True,False,0,True,True
household,/content/waste_datasets/household/garbage_classification/metal/metal394.jpg,metal,metal,True,512,384,RGB,fa6694a9a54da63b33dc50079ef9b5ab8e1517dc519bffbefc6a44d5f9a569ca,18566,3,True,False,0,True,True
household,/content/waste_datasets/household/garbage_classification/metal/metal376.jpg,metal,metal,True,512,384,RGB,faa78494494831097ab686e7de6e1db569390fb1d5976a5f12cc3fa9bcd5cf56,22842,3,True,False,0,True,True
household,/content/waste_datasets/household/garbage_classification/paper/paper579.jpg,paper,paper,True,512,384,RGB,fabea157b9c60839538e1a994da612ea31635d5e70d639a99855bdd2f5665280,13157,3,True,False,0,True,True
household,/content/waste_datasets/household/garbage_classification/paper/paper998.jpg,paper,paper,True,512,384,RGB,fae969f6c21d518455ed497e1e1dedaf2a191341880d945183b508933ad6cfa0,38829,3,True,False,0,True,True
household,/content/waste_datasets/household/garbage_classification/plastic/plastic234.jpg,plastic,plastic,True,512,384,RGB,faf28d8f09c1075d3337ebf19bcafda1427053deb2ee9827926f9077f9ebdf1e,19541,3,True,False,0,True,True
household,/content/waste_datasets/household/garbage_classification/paper/paper21.jpg,paper,paper,True,512,384,RGB,faf309df70053e5bbae3f245fda3ed630a9afb81f105ee278d238d43221fc7d0,15034,3,True,False,0,True,True
household,/content/waste_datasets/household/garbage_classification/metal/metal155.jpg,metal,metal,True,512,384,RGB,fb1687c2e97f0fad07495f5ecd3d08b516f09661a00261dfc5e9080d241dd974,7384,3,True,False,0,True,True
household,/content/waste_datasets/household/garbage_classification/paper/paper962.jpg,paper,paper,True,512,384,RGB,fb34d9969f59f79b519f12e7fd509576aeaf1736552a6c86b2e614225e8b98ef,36374,3,True,False,0,True,True
household,/content/waste_datasets/household/garbage_classification/paper/paper892.jpg,paper,paper,True,512,384,RGB,fb3ab1d0d5d421f4b4be1b55435591986ec0c35c1c9784d676a17f99b6ca21de,34711,2,True,False,0,True,True
household,/content/waste_datasets/household/garbage_classification/paper/paper877.jpg,paper,paper,True,512,384,RGB,fb4af369300166fabdb19b079a2c3062f4f80fa12852dfce3f04c1380743c4e5,12608,3,True,False,0,True,True
household,/content/waste_datasets/household/garbage_classification/cardboard/cardboard296.jpg,cardboard,cardboard,True,512,384,RGB,fb6c8d912b1d12f2e09cb5bd597c48f3df78e7033a14e1f8c087abc28b3e3ca0,17053,3,True,False,0,True,True
household,/content/waste_datasets/household/garbage_classification/paper/paper547.jpg,paper,paper,True,512,384,RGB,fbcddcd9bf74f740cd092efe455a01919ed0bc4ddc42792149d74d482ab0e918,12874,3,True,False,0,True,True
household,/content/waste_datasets/household/garbage_classification/green-glass/green-glass370.jpg,green-glass,glass,True,512,384,RGB,fbd6c0c6bd04248a6cb09eec0786adf3dc4f29a824c60e3f71365ea0ffd763dd,14541,3,True,False,0,True,True
household,/content/waste_datasets/household/garbage_classification/metal/metal418.jpg,metal,metal,True,512,384,RGB,fc074ff347ce0eb23cf2532878c705a72f53e6bd946a8e0aa431f9a9b553ddd0,11461,3,True,False,0,True,True
household,/content/waste_datasets/household/garbage_classification/paper/paper1000.jpg,paper,paper,True,512,384,RGB,fc2c6afef0dbdf818a4bd80028819e10bd16cf16831c762ef49a6bd64857edc4,36508,3,True,False,0,True,True
household,/content/waste_datasets/household/garbage_classification/paper/paper54.jpg,paper,paper,True,512,384,RGB,fc31668ab981babaf03d2f380744914d5651a83c0639fcfba0841b351c720a3c,12880,3,True,False,0,True,True
household,/content/waste_datasets/household/garbage_classification/plastic/plastic409.jpg,plastic,plastic,True,512,384,RGB,fc6ba4d98792b4f60d37402d561d882b57a95d6c6a3ecde3cb469043240e0fd8,14092,3,True,False,0,True,True
household,/content/waste_datasets/household/garbage_classification/white-glass/white-glass110.jpg,white-glass,glass,True,512,384,RGB,fc8441e7380a41222f22a908a3f144957052e7bad43e6e40ad1ca6888b987c2f,15000,3,True,False,0,True,True
household,/content/waste_datasets/household/garbage_classification/white-glass/white-glass60.jpg,white-glass,glass,True,512,384,RGB,fc881bef3049e6a9f7ad25bf6e03b7f302b0bd368fa83fcdf4c1fc515aae4a8a,20055,2,True,False,0,True,True
household,/content/waste_datasets/household/garbage_classification/cardboard/cardboard185.jpg,cardboard,cardboard,True,512,384,RGB,fc9b771a9b4ae60823fde39497a4facd82926d13b51c0c851aeb6bd26bec2f14,18157,3,True,False,0,True,True
household,/content/waste_datasets/household/garbage_classification/plastic/plastic634.jpg,plastic,plastic,True,512,384,RGB,fcf9e895001a17b7c76f70b6e9aa3e96628405f8aaa1c51fc7f318d305393aef,20951,3,True,False,0,True,True
household,/content/waste_datasets/household/garbage_classification/plastic/plastic119.jpg,plastic,plastic,True,512,384,RGB,fd01973669f1e821c8d5fb4403e11fbc50fed749a390e494638ddcea2d5a2eaa,18915,3,True,False,0,True,True
household,/content/waste_datasets/household/garbage_classification/metal/metal139.jpg,metal,metal,True,512,384,RGB,fd3a8e88041429279bcb1ed409d7bd8901017e2912274b94f1a591c584638db5,15984,3,True,False,0,True,True
household,/content/waste_datasets/household/garbage_classification/brown-glass/brown-glass170.jpg,brown-glass,glass,True,512,384,RGB,fd3ec108ebf57f80b7e9239e401dca8cd40c8b7d6aa21bc38456d59a28745bb3,7508,3,True,False,0,True,True
household,/content/waste_datasets/household/garbage_classification/plastic/plastic341.jpg,plastic,plastic,True,512,384,RGB,fd45ce02659295390cc072ce7d354051883665f75f8cd239849eb75e95c77582,20765,2,True,False,0,True,True
household,/content/waste_datasets/household/garbage_classification/metal/metal144.jpg,metal,metal,True,512,384,RGB,fd8f76d8e26f61856dcdb9a5cdc0725951f5d360ccd80541a3c55bfffd3a9998,11530,3,True,False,0,True,True
household,/content/waste_datasets/household/garbage_classification/plastic/plastic224.jpg,plastic,plastic,True,512,384,RGB,fd9a37742993b172a194cd520203a6e684db8872facad1f8780da5f763b3ece3,13161,3,True,False,0,True,True
household,/content/waste_datasets/household/garbage_classification/paper/paper806.jpg,paper,paper,True,512,384,RGB,fdb9c001240014bb2b8ac5619e370bf0ff6334a7f7ea0305ad84c40c4ef406f4,29760,3,True,False,0,True,True
household,/content/waste_datasets/household/garbage_classification/paper/paper671.jpg,paper,paper,True,512,384,RGB,fdc84b251b53941070fca55f2a1d9344f3b84687f08fdcaf8b6262d1210740f7,14377,3,True,False,0,True,True
household,/content/waste_datasets/household/garbage_classification/metal/metal328.jpg,metal,metal,True,512,384,RGB,fdca4976b739e7cf49cac29a4cc8ce0e2f29550928f3cbd3f95bb7060b6af10b,10774,3,True,False,0,True,True
household,/content/waste_datasets/household/garbage_classification/metal/metal291.jpg,metal,metal,True,512,384,RGB,fe049594033f81b4464b63208b68f68c0cbb3b8dac8d0c059e771e8418a88393,17761,3,True,False,0,True,True
household,/content/waste_datasets/household/garbage_classification/cardboard/cardboard273.jpg,cardboard,cardboard,True,512,384,RGB,fe35730eb2ae0aa2006dfb74e6c6f46ebdae0190241e4ce14225d8d205816c9b,24572,3,True,False,0,True,True
household,/content/waste_datasets/household/garbage_classification/plastic/plastic87.jpg,plastic,plastic,True,512,384,RGB,fe828481c8ff4561ba61690fb4dd6d9b9448a95814fc7099b3d50293a1933440,8014,3,True,False,0,True,True
household,/content/waste_datasets/household/garbage_classification/white-glass/white-glass23.jpg,white-glass,glass,True,512,384,RGB,fea83b583cbe76e266421301cfe8f482882eb8aed6022967a5938d2e515c202d,5604,3,True,False,0,True,True
household,/content/waste_datasets/household/garbage_classification/white-glass/white-glass85.jpg,white-glass,glass,True,512,384,RGB,feb6ce284cc9eebed14648f907a7fdd0743ad6c36b89008de84d0409a74fffa2,18227,3,True,False,0,True,True
household,/content/waste_datasets/household/garbage_classification/plastic/plastic184.jpg,plastic,plastic,True,512,384,RGB,fef4ba5b6207bb0c31a53b9906e7fea2f4906a59c9bce90953f0d8ea1555a77b,15140,3,True,False,0,True,True
household,/content/waste_datasets/household/garbage_classification/metal/metal38.jpg,metal,metal,True,512,384,RGB,fef949be03c4d314c3ff645a4a0f1a25edc95e5a228ad2e2ea9e8c798878447c,14551,3,True,False,0,True,True
household,/content/waste_datasets/household/garbage_classification/cardboard/cardboard315.jpg,cardboard,cardboard,True,512,384,RGB,ff000a600923c11b57616f7d963f81e169d1c165bd093dfe02107b15fd75238b,15224,3,True,False,0,True,True
household,/content/waste_datasets/household/garbage_classification/white-glass/white-glass775.jpg,white-glass,glass,True,512,384,RGB,ff2ac90f6c67f577a2083c4bb643b30a4fb4f59694ce62a1413b01705c54bc68,9768,2,True,False,0,True,True
household,/content/waste_datasets/household/garbage_classification/paper/paper582.jpg,paper,paper,True,512,384,RGB,ff2e03162720c158127f10e12c9a812e82a343abadf46c08b2da0ec3a3bd5988,23535,3,True,False,0,True,True
household,/content/waste_datasets/household/garbage_classification/metal/metal32.jpg,metal,metal,True,512,384,RGB,ff3491a1b204be3e76ad92bcf8158dd26e7b9b35b2e291528e651876ee5125f4,36821,3,True,False,0,True,True
household,/content/waste_datasets/household/garbage_classification/paper/paper890.jpg,paper,paper,True,512,384,RGB,ff8505d60892033473294569da6b0d6a215340c17fccb27bace9e3e3fbc26c13,22687,3,True,False,0,True,True
household,/content/waste_datasets/household/garbage_classification/metal/metal47.jpg,metal,metal,True,512,384,RGB,ff8a42e7cce6aba5867c9704fada633fe471af3d448a73a2903aaae00ffeaa2f,18365,3,True,False,0,True,True
household,/content/waste_datasets/household/garbage_classification/metal/metal347.jpg,metal,metal,True,512,384,RGB,ff96d022756043a5d1242f7b69f67e49ede5a5711ad5b2526f5015662a0fb007,10894,3,True,False,0,True,True
household,/content/waste_datasets/household/garbage_classification/paper/paper805.jpg,paper,paper,True,512,384,RGB,ffa7acc8e93dc44ef4965ece108bbe8639bad46dfc4089ec905e931582f9b93f,9853,3,True,False,0,True,True
household,/content/waste_datasets/household/garbage_classification/cardboard/cardboard102.jpg,cardboard,cardboard,True,512,384,RGB,ffa853cb7c8dc3fe1ef474084dbb5a275a132175096b3534090183d87569e9c9,24848,3,True,False,0,True,True
household,/content/waste_datasets/household/garbage_classification/plastic/plastic12.jpg,plastic,plastic,True,512,384,RGB,ffb16cf4378081e2786a7bde7969da45ebc7d14c98bea4ba2fea6af4974cf123,7905,3,True,False,0,True,True
household,/content/waste_datasets/household/garbage_classification/cardboard/cardboard171.jpg,cardboard,cardboard,True,512,384,RGB,ffbdf7c4ccb857bc8eb6f1626a8c761b47d3471caea41f73f95637a6a1173685,18101,3,True,False,0,True,True
household,/content/waste_datasets/household/garbage_classification/paper/paper651.jpg,paper,paper,True,512,384,RGB,fffeb7a6d2d37225aee38ba0943b14b052529f3c4113c651913731b8eb80d52e,14348,3,True,False,0,True,True
